#ifdef __has_include
#if __has_include("lvgl.h")
#ifndef LV_LVGL_H_INCLUDE_SIMPLE
#define LV_LVGL_H_INCLUDE_SIMPLE
#endif
#endif
#endif

#if defined(LV_LVGL_H_INCLUDE_SIMPLE)
 #include "lvgl.h"
#else
 #include "lvgl/lvgl.h"
#endif

#ifndef LV_ATTRIBUTE_MEM_ALIGN
#define LV_ATTRIBUTE_MEM_ALIGN
#endif

#ifndef LV_ATTRIBUTE_IMAGE_CORRETO_154X127_RGB565A8
#define LV_ATTRIBUTE_IMAGE_CORRETO_154X127_RGB565A8
#endif

const LV_ATTRIBUTE_MEM_ALIGN LV_ATTRIBUTE_LARGE_CONST LV_ATTRIBUTE_IMAGE_CORRETO_154X127_RGB565A8 uint8_t correto_154x127_RGB565A8_map[] = {
    0x00,0x00,0x00,0x00,0x00,0x00,0x00,0x00,0x00,0x00,0x00,0x00,0x00,0x00,0x00,0x00,
    0x00,0x00,0x00,0x00,0x00,0x00,0x00,0x00,0x00,0x00,0x00,0x00,0x00,0x00,0x00,0x00,
    0x00,0x00,0x00,0x00,0x00,0x00,0x00,0x00,0x00,0x00,0x00,0x00,0x00,0x00,0x00,0x00,
    0x00,0x00,0x00,0x00,0x00,0x00,0x00,0x00,0x00,0x00,0x00,0x00,0x00,0x00,0x00,0x00,
    0x00,0x00,0x00,0x00,0x00,0x00,0x00,0x00,0x00,0x00,0x00,0x00,0x00,0x00,0x00,0x00,
    0x00,0x00,0x00,0x00,0x00,0x00,0x00,0x00,0x00,0x00,0x00,0x00,0x00,0x00,0x00,0x00,
    0x00,0x00,0x00,0x00,0x00,0x00,0x00,0x00,0x00,0x00,0xe0,0x07,0x6b,0x5d,0x08,0x46,
    0xe0,0x07,0x00,0x00,0x00,0x00,0x00,0x00,0x00,0x00,0x00,0x00,0x08,0x46,0x8a,0x45,
    0x8a,0x55,0x6a,0x4d,0x8a,0x4d,0x8a,0x4d,0x6a,0x4d,0x6a,0x4d,0x6a,0x4d,0x6a,0x4d,
    0x8a,0x4d,0x8a,0x4d,0x8a,0x4d,0x6a,0x4d,0x6a,0x4d,0x6a,0x4d,0x6a,0x4d,0x8a,0x4d,
    0x8a,0x4d,0x8a,0x4d,0x6a,0x4d,0x6a,0x4d,0x6a,0x4d,0x6a,0x4d,0x8a,0x4d,0x6a,0x4d,
    0x8a,0x4d,0x6a,0x4d,0x6a,0x55,0x6d,0x6e,0x00,0x00,0x00,0x00,0x00,0x00,0x00,0x00,
    0x00,0x00,0xe0,0x07,0x08,0x46,0x6b,0x5d,0xe0,0x07,0x00,0x00,0x00,0x00,0x00,0x00,
    0x00,0x00,0x00,0x00,0x00,0x00,0x00,0x00,0x00,0x00,0x00,0x00,0x00,0x00,0x00,0x00,
    0x00,0x00,0x00,0x00,0x00,0x00,0x00,0x00,0x00,0x00,0x00,0x00,0x00,0x00,0x00,0x00,
    0x00,0x00,0x00,0x00,0x00,0x00,0x00,0x00,0x00,0x00,0x00,0x00,0x00,0x00,0x00,0x00,
    0x00,0x00,0x00,0x00,0x00,0x00,0x00,0x00,0x00,0x00,0x00,0x00,0x00,0x00,0x00,0x00,
    0x00,0x00,0x00,0x00,0x00,0x00,0x00,0x00,0x00,0x00,0x00,0x00,0x00,0x00,0x00,0x00,
    0x00,0x00,0x00,0x00,0x00,0x00,0x00,0x00,0x00,0x00,0x00,0x00,0x00,0x00,0x00,0x00,
    0x00,0x00,0x00,0x00,0x00,0x00,0x00,0x00,0x00,0x00,0x00,0x00,0x00,0x00,0x00,0x00,
    0x00,0x00,0x00,0x00,0x00,0x00,0x00,0x00,0x00,0x00,0x00,0x00,0x00,0x00,0x00,0x00,
    0x00,0x00,0x00,0x00,0x00,0x00,0x00,0x00,0x00,0x00,0x00,0x00,0x00,0x00,0x00,0x00,
    0x00,0x00,0x00,0x00,0x00,0x00,0x00,0x00,0x00,0x00,0x00,0x00,0x00,0x00,0x00,0x00,
    0x00,0x00,0x00,0x00,0x00,0x00,0x00,0x00,0x00,0x00,0x00,0x00,0x00,0x00,0x00,0x00,
    0x00,0x00,0x00,0x00,0x00,0x00,0x00,0x00,0x00,0x00,0x00,0x00,0x00,0x00,0x00,0x00,
    0x00,0x00,0x00,0x00,0x00,0x00,0x00,0x00,0x10,0x04,0x08,0x46,0xe0,0x07,0x00,0x00,
    0x00,0x00,0x00,0x00,0x00,0x00,0xaa,0x55,0x8a,0x4d,0x8a,0x4d,0x8a,0x4d,0x6a,0x4d,
    0x8a,0x4d,0x6a,0x4d,0x8a,0x4d,0xaa,0x55,0xcb,0x55,0xeb,0x55,0xcb,0x55,0xca,0x55,
    0xaa,0x55,0xaa,0x55,0x8a,0x55,0x8a,0x55,0x8a,0x4d,0x8a,0x4d,0x8a,0x4d,0x8a,0x4d,
    0x8a,0x4d,0x8a,0x4d,0x8a,0x55,0x8a,0x55,0xaa,0x55,0xaa,0x55,0xca,0x55,0xcb,0x55,
    0xeb,0x55,0xca,0x55,0xaa,0x55,0x8a,0x4d,0x6a,0x4d,0x8a,0x4d,0x8a,0x4d,0x8a,0x4d,
    0x6a,0x4d,0x6a,0x4d,0x29,0x4d,0x00,0x00,0x00,0x00,0x00,0x00,0x00,0x00,0xe0,0x07,
    0x08,0x46,0x00,0x04,0x00,0x00,0x00,0x00,0x00,0x00,0x00,0x00,0x00,0x00,0x00,0x00,
    0x00,0x00,0x00,0x00,0x00,0x00,0x00,0x00,0x00,0x00,0x00,0x00,0x00,0x00,0x00,0x00,
    0x00,0x00,0x00,0x00,0x00,0x00,0x00,0x00,0x00,0x00,0x00,0x00,0x00,0x00,0x00,0x00,
    0x00,0x00,0x00,0x00,0x00,0x00,0x00,0x00,0x00,0x00,0x00,0x00,0x00,0x00,0x00,0x00,
    0x00,0x00,0x00,0x00,0x00,0x00,0x00,0x00,0x00,0x00,0x00,0x00,0x00,0x00,0x00,0x00,
    0x00,0x00,0x00,0x00,0x00,0x00,0x00,0x00,0x00,0x00,0x00,0x00,0x00,0x00,0x00,0x00,
    0x00,0x00,0x00,0x00,0x00,0x00,0x00,0x00,0x00,0x00,0x00,0x00,0x00,0x00,0x00,0x00,
    0x00,0x00,0x00,0x00,0x00,0x00,0x00,0x00,0x00,0x00,0x00,0x00,0x00,0x00,0x00,0x00,
    0x00,0x00,0x00,0x00,0x00,0x00,0x00,0x00,0x00,0x00,0x00,0x00,0x00,0x00,0x00,0x00,
    0x00,0x00,0x00,0x00,0x00,0x00,0x00,0x00,0x00,0x00,0x00,0x00,0x00,0x00,0x00,0x00,
    0x00,0x00,0x00,0x00,0x00,0x00,0x00,0x00,0x00,0x00,0x00,0x00,0x00,0x00,0x00,0x00,
    0x00,0x00,0x00,0x00,0x00,0x00,0x00,0x00,0x00,0x00,0x00,0x00,0x00,0x00,0x00,0x00,
    0x00,0x00,0x00,0x00,0x00,0x00,0xf0,0x87,0x08,0x46,0x00,0x00,0x00,0x00,0x00,0x00,
    0x00,0x00,0x6b,0x4d,0x6a,0x4d,0x8a,0x4d,0x6a,0x4d,0x8a,0x4d,0x6a,0x4d,0xaa,0x55,
    0xeb,0x55,0xca,0x55,0xaa,0x55,0x8a,0x55,0x8a,0x4d,0x8a,0x4d,0x8a,0x4d,0x8a,0x4d,
    0x6a,0x4d,0x8a,0x4d,0x6a,0x4d,0x8a,0x4d,0x6a,0x4d,0x6a,0x4d,0x8a,0x4d,0x8a,0x4d,
    0x8a,0x4d,0x8a,0x4d,0x8a,0x4d,0x8a,0x4d,0x6a,0x4d,0x6a,0x4d,0x8a,0x4d,0x6a,0x4d,
    0x8a,0x4d,0x6a,0x4d,0x8a,0x4d,0x8a,0x4d,0x8a,0x4d,0x8a,0x4d,0x8a,0x55,0xaa,0x55,
    0xca,0x55,0xeb,0x55,0xaa,0x55,0x8a,0x4d,0x8a,0x4d,0x8a,0x4d,0x8a,0x4d,0x6a,0x55,
    0x6b,0x5d,0x00,0x00,0x00,0x00,0x00,0x00,0x00,0x00,0x08,0x46,0xf0,0x87,0x00,0x00,
    0x00,0x00,0x00,0x00,0x00,0x00,0x00,0x00,0x00,0x00,0x00,0x00,0x00,0x00,0x00,0x00,
    0x00,0x00,0x00,0x00,0x00,0x00,0x00,0x00,0x00,0x00,0x00,0x00,0x00,0x00,0x00,0x00,
    0x00,0x00,0x00,0x00,0x00,0x00,0x00,0x00,0x00,0x00,0x00,0x00,0x00,0x00,0x00,0x00,
    0x00,0x00,0x00,0x00,0x00,0x00,0x00,0x00,0x00,0x00,0x00,0x00,0x00,0x00,0x00,0x00,
    0x00,0x00,0x00,0x00,0x00,0x00,0x00,0x00,0x00,0x00,0x00,0x00,0x00,0x00,0x00,0x00,
    0x00,0x00,0x00,0x00,0x00,0x00,0x00,0x00,0x00,0x00,0x00,0x00,0x00,0x00,0x00,0x00,
    0x00,0x00,0x00,0x00,0x00,0x00,0x00,0x00,0x00,0x00,0x00,0x00,0x00,0x00,0x00,0x00,
    0x00,0x00,0x00,0x00,0x00,0x00,0x00,0x00,0x00,0x00,0x00,0x00,0x00,0x00,0x00,0x00,
    0x00,0x00,0x00,0x00,0x00,0x00,0x00,0x00,0x00,0x00,0x00,0x00,0x00,0x00,0x00,0x00,
    0x00,0x00,0x00,0x00,0x00,0x00,0x00,0x00,0x00,0x00,0x00,0x00,0x00,0x00,0x00,0x00,
    0x00,0x00,0x00,0x00,0x00,0x00,0x00,0x00,0x00,0x00,0x00,0x00,0x00,0x00,0x00,0x00,
    0x00,0x00,0x00,0x00,0x00,0x04,0x08,0x46,0xe0,0x07,0x00,0x00,0x00,0x00,0x10,0x84,
    0x8a,0x4d,0x6a,0x4d,0x6a,0x4d,0x6a,0x4d,0x8a,0x55,0xcb,0x55,0xcb,0x55,0xaa,0x55,
    0x8a,0x4d,0x8a,0x4d,0x8a,0x4d,0x8a,0x4d,0x8a,0x4d,0x6a,0x4d,0x6a,0x4d,0x8a,0x4d,
    0x8a,0x4d,0x8a,0x4d,0x8a,0x4d,0x8a,0x4d,0x8a,0x4d,0x8a,0x4d,0x8a,0x4d,0x8a,0x4d,
    0x8a,0x4d,0x8a,0x4d,0x8a,0x4d,0x8a,0x4d,0x8a,0x4d,0x8a,0x4d,0x8a,0x4d,0x8a,0x4d,
    0x8a,0x4d,0x8a,0x4d,0x8a,0x4d,0x8a,0x4d,0x8a,0x4d,0x8a,0x4d,0x8a,0x4d,0x6a,0x4d,
    0x6a,0x4d,0x8a,0x4d,0x6a,0x4d,0x8a,0x4d,0x8a,0x4d,0x8a,0x4d,0xaa,0x55,0xcb,0x55,
    0xcb,0x55,0x8a,0x55,0x8a,0x4d,0x6a,0x4d,0x8a,0x4d,0x8a,0x4d,0x6b,0x5d,0x00,0x00,
    0x00,0x00,0xe0,0x07,0x08,0x46,0x00,0x04,0x00,0x00,0x00,0x00,0x00,0x00,0x00,0x00,
    0x00,0x00,0x00,0x00,0x00,0x00,0x00,0x00,0x00,0x00,0x00,0x00,0x00,0x00,0x00,0x00,
    0x00,0x00,0x00,0x00,0x00,0x00,0x00,0x00,0x00,0x00,0x00,0x00,0x00,0x00,0x00,0x00,
    0x00,0x00,0x00,0x00,0x00,0x00,0x00,0x00,0x00,0x00,0x00,0x00,0x00,0x00,0x00,0x00,
    0x00,0x00,0x00,0x00,0x00,0x00,0x00,0x00,0x00,0x00,0x00,0x00,0x00,0x00,0x00,0x00,
    0x00,0x00,0x00,0x00,0x00,0x00,0x00,0x00,0x00,0x00,0x00,0x00,0x00,0x00,0x00,0x00,
    0x00,0x00,0x00,0x00,0x00,0x00,0x00,0x00,0x00,0x00,0x00,0x00,0x00,0x00,0x00,0x00,
    0x00,0x00,0x00,0x00,0x00,0x00,0x00,0x00,0x00,0x00,0x00,0x00,0x00,0x00,0x00,0x00,
    0x00,0x00,0x00,0x00,0x00,0x00,0x00,0x00,0x00,0x00,0x00,0x00,0x00,0x00,0x00,0x00,
    0x00,0x00,0x00,0x00,0x00,0x00,0x00,0x00,0x00,0x00,0x00,0x00,0x00,0x00,0x00,0x00,
    0x00,0x00,0x00,0x00,0x00,0x00,0x00,0x00,0x00,0x00,0x00,0x00,0x00,0x00,0x00,0x00,
    0x00,0x00,0x00,0x00,0x6b,0x5d,0xf0,0x87,0x00,0x00,0x00,0x00,0x10,0x84,0x8a,0x55,
    0x6a,0x55,0x6a,0x4d,0x8a,0x4d,0xca,0x55,0xca,0x55,0x8a,0x55,0x6a,0x4d,0x6a,0x4d,
    0x8a,0x4d,0x8a,0x4d,0x6a,0x4d,0x8a,0x4d,0x8a,0x4d,0x8a,0x4d,0x8a,0x4d,0x8a,0x4d,
    0x8a,0x4d,0x8a,0x4d,0x8a,0x4d,0x8a,0x4d,0x8a,0x4d,0x8a,0x4d,0x8a,0x4d,0x8a,0x4d,
    0x8a,0x4d,0x8a,0x4d,0x8a,0x4d,0x8a,0x4d,0x8a,0x4d,0x8a,0x4d,0x8a,0x4d,0x8a,0x4d,
    0x8a,0x4d,0x8a,0x4d,0x8a,0x4d,0x8a,0x4d,0x8a,0x4d,0x8a,0x4d,0x8a,0x4d,0x8a,0x4d,
    0x8a,0x4d,0x8a,0x4d,0x8a,0x4d,0x8a,0x4d,0x8a,0x4d,0x8a,0x4d,0x8a,0x4d,0x6a,0x4d,
    0x8a,0x4d,0x8a,0x4d,0x6a,0x4d,0x6a,0x4d,0x8a,0x55,0xca,0x55,0xca,0x55,0x8a,0x4d,
    0x8a,0x4d,0x6a,0x4d,0x6a,0x55,0x10,0x84,0x00,0x00,0x00,0x00,0xf0,0x87,0x6b,0x5d,
    0x00,0x00,0x00,0x00,0x00,0x00,0x00,0x00,0x00,0x00,0x00,0x00,0x00,0x00,0x00,0x00,
    0x00,0x00,0x00,0x00,0x00,0x00,0x00,0x00,0x00,0x00,0x00,0x00,0x00,0x00,0x00,0x00,
    0x00,0x00,0x00,0x00,0x00,0x00,0x00,0x00,0x00,0x00,0x00,0x00,0x00,0x00,0x00,0x00,
    0x00,0x00,0x00,0x00,0x00,0x00,0x00,0x00,0x00,0x00,0x00,0x00,0x00,0x00,0x00,0x00,
    0x00,0x00,0x00,0x00,0x00,0x00,0x00,0x00,0x00,0x00,0x00,0x00,0x00,0x00,0x00,0x00,
    0x00,0x00,0x00,0x00,0x00,0x00,0x00,0x00,0x00,0x00,0x00,0x00,0x00,0x00,0x00,0x00,
    0x00,0x00,0x00,0x00,0x00,0x00,0x00,0x00,0x00,0x00,0x00,0x00,0x00,0x00,0x00,0x00,
    0x00,0x00,0x00,0x00,0x00,0x00,0x00,0x00,0x00,0x00,0x00,0x00,0x00,0x00,0x00,0x00,
    0x00,0x00,0x00,0x00,0x00,0x00,0x00,0x00,0x00,0x00,0x00,0x00,0x00,0x00,0x00,0x00,
    0x00,0x00,0x00,0x00,0x00,0x00,0x00,0x00,0x00,0x00,0x00,0x00,0x00,0x00,0x00,0x00,
    0x00,0x00,0xe0,0x07,0x08,0x44,0xe0,0x07,0x00,0x00,0x00,0x00,0xaa,0x55,0x6a,0x4d,
    0x6a,0x4d,0x8a,0x4d,0xcb,0x55,0xaa,0x55,0x8a,0x4d,0x8a,0x4d,0x8a,0x4d,0x8a,0x4d,
    0x8a,0x4d,0x8a,0x4d,0x8a,0x4d,0x8a,0x4d,0x8a,0x4d,0x8a,0x4d,0x8a,0x4d,0x8a,0x4d,
    0x8a,0x4d,0x8a,0x4d,0x8a,0x4d,0x8a,0x4d,0x8a,0x4d,0x8a,0x4d,0x8a,0x4d,0x8a,0x4d,
    0x8a,0x4d,0x8a,0x4d,0x8a,0x4d,0x8a,0x4d,0x8a,0x4d,0x8a,0x4d,0x8a,0x4d,0x8a,0x4d,
    0x8a,0x4d,0x8a,0x4d,0x8a,0x4d,0x8a,0x4d,0x8a,0x4d,0x8a,0x4d,0x8a,0x4d,0x8a,0x4d,
    0x8a,0x4d,0x8a,0x4d,0x8a,0x4d,0x8a,0x4d,0x8a,0x4d,0x8a,0x4d,0x8a,0x4d,0x8a,0x4d,
    0x8a,0x4d,0x8a,0x4d,0x8a,0x4d,0x8a,0x4d,0x8a,0x4d,0x8a,0x4d,0x6a,0x4d,0x8a,0x4d,
    0x8a,0x4d,0x8a,0x4d,0xaa,0x55,0xcb,0x55,0x8a,0x4d,0x6a,0x4d,0x8a,0x4d,0x8a,0x55,
    0x00,0x00,0x00,0x00,0xe0,0x07,0x08,0x44,0xe0,0x07,0x00,0x00,0x00,0x00,0x00,0x00,
    0x00,0x00,0x00,0x00,0x00,0x00,0x00,0x00,0x00,0x00,0x00,0x00,0x00,0x00,0x00,0x00,
    0x00,0x00,0x00,0x00,0x00,0x00,0x00,0x00,0x00,0x00,0x00,0x00,0x00,0x00,0x00,0x00,
    0x00,0x00,0x00,0x00,0x00,0x00,0x00,0x00,0x00,0x00,0x00,0x00,0x00,0x00,0x00,0x00,
    0x00,0x00,0x00,0x00,0x00,0x00,0x00,0x00,0x00,0x00,0x00,0x00,0x00,0x00,0x00,0x00,
    0x00,0x00,0x00,0x00,0x00,0x00,0x00,0x00,0x00,0x00,0x00,0x00,0x00,0x00,0x00,0x00,
    0x00,0x00,0x00,0x00,0x00,0x00,0x00,0x00,0x00,0x00,0x00,0x00,0x00,0x00,0x00,0x00,
    0x00,0x00,0x00,0x00,0x00,0x00,0x00,0x00,0x00,0x00,0x00,0x00,0x00,0x00,0x00,0x00,
    0x00,0x00,0x00,0x00,0x00,0x00,0x00,0x00,0x00,0x00,0x00,0x00,0x00,0x00,0x00,0x00,
    0x00,0x00,0x00,0x00,0x00,0x00,0x00,0x00,0x00,0x00,0x00,0x00,0x00,0x00,0x00,0x00,
    0x00,0x00,0x00,0x04,0x6b,0x5d,0x00,0x00,0x00,0x00,0xc6,0x34,0x6a,0x4d,0x8a,0x4d,
    0x8a,0x4d,0xcb,0x55,0xca,0x55,0x8a,0x4d,0x6a,0x4d,0x8a,0x4d,0x8a,0x4d,0x8a,0x4d,
    0x8a,0x4d,0x8a,0x4d,0x8a,0x4d,0x8a,0x4d,0x8a,0x4d,0x8a,0x4d,0x8a,0x4d,0x8a,0x4d,
    0x8a,0x4d,0x8a,0x4d,0x8a,0x4d,0x8a,0x4d,0x8a,0x4d,0x8a,0x4d,0x8a,0x4d,0x8a,0x4d,
    0x8a,0x4d,0x8a,0x4d,0x8a,0x4d,0x8a,0x4d,0x8a,0x4d,0x8a,0x4d,0x8a,0x4d,0x8a,0x4d,
    0x8a,0x4d,0x8a,0x4d,0x8a,0x4d,0x8a,0x4d,0x8a,0x4d,0x8a,0x4d,0x8a,0x4d,0x8a,0x4d,
    0x8a,0x4d,0x8a,0x4d,0x8a,0x4d,0x8a,0x4d,0x8a,0x4d,0x8a,0x4d,0x8a,0x4d,0x8a,0x4d,
    0x8a,0x4d,0x8a,0x4d,0x8a,0x4d,0x8a,0x4d,0x8a,0x4d,0x8a,0x4d,0x8a,0x4d,0x8a,0x4d,
    0x8a,0x4d,0x8a,0x4d,0x8a,0x4d,0x8a,0x4d,0x8a,0x4d,0x6a,0x4d,0x8a,0x4d,0xca,0x55,
    0xcb,0x55,0x8a,0x4d,0x8a,0x4d,0x6a,0x4d,0x6d,0x36,0x00,0x00,0xe0,0x07,0x6b,0x5d,
    0x00,0x04,0x00,0x00,0x00,0x00,0x00,0x00,0x00,0x00,0x00,0x00,0x00,0x00,0x00,0x00,
    0x00,0x00,0x00,0x00,0x00,0x00,0x00,0x00,0x00,0x00,0x00,0x00,0x00,0x00,0x00,0x00,
    0x00,0x00,0x00,0x00,0x00,0x00,0x00,0x00,0x00,0x00,0x00,0x00,0x00,0x00,0x00,0x00,
    0x00,0x00,0x00,0x00,0x00,0x00,0x00,0x00,0x00,0x00,0x00,0x00,0x00,0x00,0x00,0x00,
    0x00,0x00,0x00,0x00,0x00,0x00,0x00,0x00,0x00,0x00,0x00,0x00,0x00,0x00,0x00,0x00,
    0x00,0x00,0x00,0x00,0x00,0x00,0x00,0x00,0x00,0x00,0x00,0x00,0x00,0x00,0x00,0x00,
    0x00,0x00,0x00,0x00,0x00,0x00,0x00,0x00,0x00,0x00,0x00,0x00,0x00,0x00,0x00,0x00,
    0x00,0x00,0x00,0x00,0x00,0x00,0x00,0x00,0x00,0x00,0x00,0x00,0x00,0x00,0x00,0x00,
    0x00,0x00,0x00,0x00,0x00,0x00,0x00,0x00,0x00,0x00,0x00,0x00,0x00,0x00,0x00,0x00,
    0x00,0x00,0xe0,0x07,0x6b,0x5d,0xe0,0x07,0x00,0x00,0x69,0x4d,0x6a,0x4d,0x6a,0x4d,
    0xaa,0x55,0xcb,0x55,0x8a,0x55,0x8a,0x4d,0x8a,0x4d,0x8a,0x4d,0x8a,0x4d,0x8a,0x4d,
    0x8a,0x4d,0x8a,0x4d,0x8a,0x4d,0x8a,0x4d,0x8a,0x4d,0x8a,0x4d,0x8a,0x4d,0x8a,0x4d,
    0x8a,0x4d,0x8a,0x4d,0x8a,0x4d,0x8a,0x4d,0x8a,0x4d,0x8a,0x4d,0x8a,0x4d,0x8a,0x4d,
    0x8a,0x4d,0x8a,0x4d,0x8a,0x4d,0x8a,0x4d,0x8a,0x4d,0x8a,0x4d,0x8a,0x4d,0x8a,0x4d,
    0x8a,0x4d,0x8a,0x4d,0x8a,0x4d,0x8a,0x4d,0x8a,0x4d,0x8a,0x4d,0x8a,0x4d,0x8a,0x4d,
    0x8a,0x4d,0x8a,0x4d,0x8a,0x4d,0x8a,0x4d,0x8a,0x4d,0x8a,0x4d,0x8a,0x4d,0x8a,0x4d,
    0x8a,0x4d,0x8a,0x4d,0x8a,0x4d,0x8a,0x4d,0x8a,0x4d,0x8a,0x4d,0x8a,0x4d,0x8a,0x4d,
    0x8a,0x4d,0x8a,0x4d,0x8a,0x4d,0x8a,0x4d,0x8a,0x4d,0x8a,0x4d,0x8a,0x4d,0x8a,0x4d,
    0x8a,0x4d,0x8a,0x4d,0x8a,0x4d,0x8a,0x55,0xcb,0x55,0xaa,0x55,0x6a,0x4d,0x8a,0x4d,
    0xc9,0x4c,0x00,0x00,0xe0,0x07,0x6b,0x5d,0xe0,0x07,0x00,0x00,0x00,0x00,0x00,0x00,
    0x00,0x00,0x00,0x00,0x00,0x00,0x00,0x00,0x00,0x00,0x00,0x00,0x00,0x00,0x00,0x00,
    0x00,0x00,0x00,0x00,0x00,0x00,0x00,0x00,0x00,0x00,0x00,0x00,0x00,0x00,0x00,0x00,
    0x00,0x00,0x00,0x00,0x00,0x00,0x00,0x00,0x00,0x00,0x00,0x00,0x00,0x00,0x00,0x00,
    0x00,0x00,0x00,0x00,0x00,0x00,0x00,0x00,0x00,0x00,0x00,0x00,0x00,0x00,0x00,0x00,
    0x00,0x00,0x00,0x00,0x00,0x00,0x00,0x00,0x00,0x00,0x00,0x00,0x00,0x00,0x00,0x00,
    0x00,0x00,0x00,0x00,0x00,0x00,0x00,0x00,0x00,0x00,0x00,0x00,0x00,0x00,0x00,0x00,
    0x00,0x00,0x00,0x00,0x00,0x00,0x00,0x00,0x00,0x00,0x00,0x00,0x00,0x00,0x00,0x00,
    0x00,0x00,0x00,0x00,0x00,0x00,0x00,0x00,0x00,0x00,0x00,0x00,0x00,0x00,0x00,0x00,
    0x00,0x00,0xe0,0x07,0x08,0x44,0xe0,0x07,0x00,0x00,0x69,0x4d,0x6a,0x4d,0x6a,0x4d,
    0xcb,0x55,0xaa,0x55,0x6a,0x4d,0x6a,0x4d,0x8a,0x4d,0x8a,0x4d,0x8a,0x4d,0x8a,0x4d,
    0x8a,0x4d,0x8a,0x4d,0x8a,0x4d,0x8a,0x4d,0x8a,0x4d,0x8a,0x4d,0x8a,0x4d,0x8a,0x4d,
    0x8a,0x4d,0x8a,0x4d,0x8a,0x4d,0x8a,0x4d,0x8a,0x4d,0x8a,0x4d,0x8a,0x4d,0x8a,0x4d,
    0x8a,0x4d,0x8a,0x4d,0x8a,0x4d,0x8a,0x4d,0x8a,0x4d,0x8a,0x4d,0x8a,0x4d,0x8a,0x4d,
    0x8a,0x4d,0x8a,0x4d,0x8a,0x4d,0x8a,0x4d,0x8a,0x4d,0x8a,0x4d,0x8a,0x4d,0x8a,0x4d,
    0x8a,0x4d,0x8a,0x4d,0x8a,0x4d,0x8a,0x4d,0x8a,0x4d,0x8a,0x4d,0x8a,0x4d,0x8a,0x4d,
    0x8a,0x4d,0x8a,0x4d,0x8a,0x4d,0x8a,0x4d,0x8a,0x4d,0x8a,0x4d,0x8a,0x4d,0x8a,0x4d,
    0x8a,0x4d,0x8a,0x4d,0x8a,0x4d,0x8a,0x4d,0x8a,0x4d,0x8a,0x4d,0x8a,0x4d,0x8a,0x4d,
    0x8a,0x4d,0x8a,0x4d,0x8a,0x4d,0x8a,0x4d,0x8a,0x4d,0x8a,0x4d,0x6a,0x4d,0x6a,0x4d,
    0xaa,0x55,0xcb,0x55,0x6a,0x4d,0x8a,0x4d,0x69,0x4d,0x00,0x00,0xe0,0x07,0x08,0x44,
    0xe0,0x07,0x00,0x00,0x00,0x00,0x00,0x00,0x00,0x00,0x00,0x00,0x00,0x00,0x00,0x00,
    0x00,0x00,0x00,0x00,0x00,0x00,0x00,0x00,0x00,0x00,0x00,0x00,0x00,0x00,0x00,0x00,
    0x00,0x00,0x00,0x00,0x00,0x00,0x00,0x00,0x00,0x00,0x00,0x00,0x00,0x00,0x00,0x00,
    0x00,0x00,0x00,0x00,0x00,0x00,0x00,0x00,0x00,0x00,0x00,0x00,0x00,0x00,0x00,0x00,
    0x00,0x00,0x00,0x00,0x00,0x00,0x00,0x00,0x00,0x00,0x00,0x00,0x00,0x00,0x00,0x00,
    0x00,0x00,0x00,0x00,0x00,0x00,0x00,0x00,0x00,0x00,0x00,0x00,0x00,0x00,0x00,0x00,
    0x00,0x00,0x00,0x00,0x00,0x00,0x00,0x00,0x00,0x00,0x00,0x00,0x00,0x00,0x00,0x00,
    0x00,0x00,0x00,0x00,0x00,0x00,0x00,0x00,0x00,0x00,0x00,0x00,0x00,0x00,0x00,0x00,
    0x00,0x00,0x00,0x00,0x6b,0x5d,0x10,0x84,0x00,0x00,0x8a,0x55,0x6a,0x4d,0x6a,0x4d,
    0xcb,0x55,0xaa,0x55,0x6a,0x4d,0x8a,0x4d,0x8a,0x4d,0x8a,0x4d,0x8a,0x4d,0x8a,0x4d,
    0x8a,0x4d,0x8a,0x4d,0x8a,0x4d,0x8a,0x4d,0x8a,0x4d,0x8a,0x4d,0x8a,0x4d,0x8a,0x4d,
    0x8a,0x4d,0x8a,0x4d,0x8a,0x4d,0x8a,0x4d,0x8a,0x4d,0x8a,0x4d,0x8a,0x4d,0x8a,0x4d,
    0x8a,0x4d,0x8a,0x4d,0x8a,0x4d,0x8a,0x4d,0x8a,0x4d,0x8a,0x4d,0x8a,0x4d,0x8a,0x4d,
    0x8a,0x4d,0x8a,0x4d,0x8a,0x4d,0x8a,0x4d,0x8a,0x4d,0x8a,0x4d,0x8a,0x4d,0x8a,0x4d,
    0x8a,0x4d,0x8a,0x4d,0x8a,0x4d,0x8a,0x4d,0x8a,0x4d,0x8a,0x4d,0x8a,0x4d,0x8a,0x4d,
    0x8a,0x4d,0x8a,0x4d,0x8a,0x4d,0x8a,0x4d,0x8a,0x4d,0x8a,0x4d,0x8a,0x4d,0x8a,0x4d,
    0x8a,0x4d,0x8a,0x4d,0x8a,0x4d,0x8a,0x4d,0x8a,0x4d,0x8a,0x4d,0x8a,0x4d,0x8a,0x4d,
    0x8a,0x4d,0x8a,0x4d,0x8a,0x4d,0x8a,0x4d,0x8a,0x4d,0x8a,0x4d,0x8a,0x4d,0x8a,0x4d,
    0x8a,0x4d,0x8a,0x4d,0x8a,0x4d,0x6a,0x4d,0xaa,0x55,0xcb,0x55,0x8a,0x4d,0x8a,0x4d,
    0x29,0x4d,0x00,0x00,0x00,0x04,0x6b,0x5d,0x00,0x00,0x00,0x00,0x00,0x00,0x00,0x00,
    0x00,0x00,0x00,0x00,0x00,0x00,0x00,0x00,0x00,0x00,0x00,0x00,0x00,0x00,0x00,0x00,
    0x00,0x00,0x00,0x00,0x00,0x00,0x00,0x00,0x00,0x00,0x00,0x00,0x00,0x00,0x00,0x00,
    0x00,0x00,0x00,0x00,0x00,0x00,0x00,0x00,0x00,0x00,0x00,0x00,0x00,0x00,0x00,0x00,
    0x00,0x00,0x00,0x00,0x00,0x00,0x00,0x00,0x00,0x00,0x00,0x00,0x00,0x00,0x00,0x00,
    0x00,0x00,0x00,0x00,0x00,0x00,0x00,0x00,0x00,0x00,0x00,0x00,0x00,0x00,0x00,0x00,
    0x00,0x00,0x00,0x00,0x00,0x00,0x00,0x00,0x00,0x00,0x00,0x00,0x00,0x00,0x00,0x00,
    0x00,0x00,0x00,0x00,0x00,0x00,0x00,0x00,0x00,0x00,0x00,0x00,0x00,0x00,0x00,0x00,
    0x00,0x00,0x00,0x00,0x10,0x84,0x6b,0x5d,0x00,0x00,0x6b,0x5d,0x6a,0x4d,0x8a,0x4d,
    0xcb,0x55,0x8a,0x55,0x6a,0x4d,0x8a,0x4d,0x8a,0x4d,0x8a,0x4d,0x8a,0x4d,0x8a,0x4d,
    0x8a,0x4d,0x8a,0x4d,0x8a,0x4d,0x8a,0x4d,0x8a,0x4d,0x8a,0x4d,0x8a,0x4d,0x8a,0x4d,
    0x8a,0x4d,0x8a,0x4d,0x8a,0x4d,0x8a,0x4d,0x8a,0x4d,0x8a,0x4d,0x8a,0x4d,0x8a,0x4d,
    0x8a,0x4d,0x8a,0x4d,0x8a,0x4d,0x8a,0x4d,0x8a,0x4d,0x8a,0x4d,0x8a,0x4d,0x8a,0x4d,
    0x8a,0x4d,0x8a,0x4d,0x8a,0x4d,0x8a,0x4d,0x8a,0x4d,0x8a,0x4d,0x8a,0x4d,0x8a,0x4d,
    0x8a,0x4d,0x8a,0x4d,0x8a,0x4d,0x8a,0x4d,0x8a,0x4d,0x8a,0x4d,0x8a,0x4d,0x8a,0x4d,
    0x8a,0x4d,0x8a,0x4d,0x8a,0x4d,0x8a,0x4d,0x8a,0x4d,0x8a,0x4d,0x8a,0x4d,0x8a,0x4d,
    0x8a,0x4d,0x8a,0x4d,0x8a,0x4d,0x8a,0x4d,0x8a,0x4d,0x8a,0x4d,0x8a,0x4d,0x8a,0x4d,
    0x8a,0x4d,0x8a,0x4d,0x8a,0x4d,0x8a,0x4d,0x8a,0x4d,0x8a,0x4d,0x8a,0x4d,0x8a,0x4d,
    0x8a,0x4d,0x8a,0x4d,0x8a,0x4d,0x8a,0x4d,0x8a,0x4d,0x8a,0x4d,0x8a,0x4d,0x6a,0x4d,
    0x8a,0x55,0xcb,0x55,0x8a,0x4d,0x6a,0x4d,0x4b,0x5e,0x00,0x00,0x6b,0x5d,0x10,0x84,
    0x00,0x00,0x00,0x00,0x00,0x00,0x00,0x00,0x00,0x00,0x00,0x00,0x00,0x00,0x00,0x00,
    0x00,0x00,0x00,0x00,0x00,0x00,0x00,0x00,0x00,0x00,0x00,0x00,0x00,0x00,0x00,0x00,
    0x00,0x00,0x00,0x00,0x00,0x00,0x00,0x00,0x00,0x00,0x00,0x00,0x00,0x00,0x00,0x00,
    0x00,0x00,0x00,0x00,0x00,0x00,0x00,0x00,0x00,0x00,0x00,0x00,0x00,0x00,0x00,0x00,
    0x00,0x00,0x00,0x00,0x00,0x00,0x00,0x00,0x00,0x00,0x00,0x00,0x00,0x00,0x00,0x00,
    0x00,0x00,0x00,0x00,0x00,0x00,0x00,0x00,0x00,0x00,0x00,0x00,0x00,0x00,0x00,0x00,
    0x00,0x00,0x00,0x00,0x00,0x00,0x00,0x00,0x00,0x00,0x00,0x00,0x00,0x00,0x00,0x00,
    0x00,0x00,0x00,0x00,0x00,0x00,0x6b,0x5d,0xe0,0x07,0x00,0x00,0x8a,0x55,0x8a,0x4d,
    0xcb,0x55,0xaa,0x55,0x6a,0x4d,0x8a,0x4d,0x8a,0x4d,0x8a,0x4d,0x8a,0x4d,0x8a,0x4d,
    0x8a,0x4d,0x8a,0x4d,0x8a,0x4d,0x8a,0x4d,0x8a,0x4d,0x8a,0x4d,0x8a,0x4d,0x8a,0x4d,
    0x8a,0x4d,0x8a,0x4d,0x8a,0x4d,0x8a,0x4d,0x8a,0x4d,0x8a,0x4d,0x8a,0x4d,0x8a,0x4d,
    0x8a,0x4d,0x8a,0x4d,0x8a,0x4d,0x8a,0x4d,0x8a,0x4d,0x8a,0x4d,0x8a,0x4d,0x8a,0x4d,
    0x8a,0x4d,0x8a,0x4d,0x8a,0x4d,0x8a,0x4d,0x8a,0x4d,0x8a,0x4d,0x8a,0x4d,0x8a,0x4d,
    0x8a,0x4d,0x8a,0x4d,0x8a,0x4d,0x8a,0x4d,0x8a,0x4d,0x8a,0x4d,0x8a,0x4d,0x8a,0x4d,
    0x8a,0x4d,0x8a,0x4d,0x8a,0x4d,0x8a,0x4d,0x8a,0x4d,0x8a,0x4d,0x8a,0x4d,0x8a,0x4d,
    0x8a,0x4d,0x8a,0x4d,0x8a,0x4d,0x8a,0x4d,0x8a,0x4d,0x8a,0x4d,0x8a,0x4d,0x8a,0x4d,
    0x8a,0x4d,0x8a,0x4d,0x8a,0x4d,0x8a,0x4d,0x8a,0x4d,0x8a,0x4d,0x8a,0x4d,0x8a,0x4d,
    0x8a,0x4d,0x8a,0x4d,0x8a,0x4d,0x8a,0x4d,0x8a,0x4d,0x8a,0x4d,0x8a,0x4d,0x8a,0x4d,
    0x8a,0x4d,0x8a,0x4d,0x8a,0x4d,0x6a,0x4d,0xaa,0x55,0xcb,0x55,0x6a,0x4d,0x8a,0x4d,
    0x00,0x00,0x00,0x00,0x6b,0x5d,0x00,0x00,0x00,0x00,0x00,0x00,0x00,0x00,0x00,0x00,
    0x00,0x00,0x00,0x00,0x00,0x00,0x00,0x00,0x00,0x00,0x00,0x00,0x00,0x00,0x00,0x00,
    0x00,0x00,0x00,0x00,0x00,0x00,0x00,0x00,0x00,0x00,0x00,0x00,0x00,0x00,0x00,0x00,
    0x00,0x00,0x00,0x00,0x00,0x00,0x00,0x00,0x00,0x00,0x00,0x00,0x00,0x00,0x00,0x00,
    0x00,0x00,0x00,0x00,0x00,0x00,0x00,0x00,0x00,0x00,0x00,0x00,0x00,0x00,0x00,0x00,
    0x00,0x00,0x00,0x00,0x00,0x00,0x00,0x00,0x00,0x00,0x00,0x00,0x00,0x00,0x00,0x00,
    0x00,0x00,0x00,0x00,0x00,0x00,0x00,0x00,0x00,0x00,0x00,0x00,0x00,0x00,0x00,0x00,
    0x00,0x00,0x00,0x00,0x00,0x00,0x10,0x84,0x6b,0x5d,0x00,0x00,0x6a,0x4d,0x6a,0x4d,
    0xaa,0x55,0xaa,0x55,0x6a,0x4d,0x8a,0x4d,0x8a,0x4d,0x8a,0x4d,0x8a,0x4d,0x8a,0x4d,
    0x8a,0x4d,0x8a,0x4d,0x8a,0x4d,0x8a,0x4d,0x8a,0x4d,0x8a,0x4d,0x8a,0x4d,0x8a,0x4d,
    0x8a,0x4d,0x8a,0x4d,0x8a,0x4d,0x8a,0x4d,0x8a,0x4d,0x8a,0x4d,0x8a,0x4d,0x8a,0x4d,
    0x8a,0x4d,0x8a,0x4d,0x8a,0x4d,0x8a,0x4d,0x8a,0x4d,0x8a,0x4d,0x8a,0x4d,0x8a,0x4d,
    0x8a,0x4d,0x8a,0x4d,0x8a,0x4d,0x8a,0x4d,0x8a,0x4d,0x8a,0x4d,0x8a,0x4d,0x8a,0x4d,
    0x8a,0x4d,0x8a,0x4d,0x8a,0x4d,0x8a,0x4d,0x8a,0x4d,0x8a,0x4d,0x8a,0x4d,0x8a,0x4d,
    0x8a,0x4d,0x8a,0x4d,0x8a,0x4d,0x8a,0x4d,0x8a,0x4d,0x8a,0x4d,0x8a,0x4d,0x8a,0x4d,
    0x8a,0x4d,0x8a,0x4d,0x8a,0x4d,0x8a,0x4d,0x8a,0x4d,0x8a,0x4d,0x8a,0x4d,0x8a,0x4d,
    0x8a,0x4d,0x8a,0x4d,0x8a,0x4d,0x8a,0x4d,0x8a,0x4d,0x8a,0x4d,0x8a,0x4d,0x8a,0x4d,
    0x8a,0x4d,0x8a,0x4d,0x8a,0x4d,0x8a,0x4d,0x8a,0x4d,0x8a,0x4d,0x8a,0x4d,0x8a,0x4d,
    0x8a,0x4d,0x8a,0x4d,0x8a,0x4d,0x8a,0x4d,0x8a,0x4d,0x8a,0x4d,0x8a,0x4d,0x6a,0x4d,
    0xaa,0x55,0xaa,0x55,0x6a,0x4d,0x6a,0x4d,0x00,0x00,0x6b,0x5d,0x10,0x84,0x00,0x00,
    0x00,0x00,0x00,0x00,0x00,0x00,0x00,0x00,0x00,0x00,0x00,0x00,0x00,0x00,0x00,0x00,
    0x00,0x00,0x00,0x00,0x00,0x00,0x00,0x00,0x00,0x00,0x00,0x00,0x00,0x00,0x00,0x00,
    0x00,0x00,0x00,0x00,0x00,0x00,0x00,0x00,0x00,0x00,0x00,0x00,0x00,0x00,0x00,0x00,
    0x00,0x00,0x00,0x00,0x00,0x00,0x00,0x00,0x00,0x00,0x00,0x00,0x00,0x00,0x00,0x00,
    0x00,0x00,0x00,0x00,0x00,0x00,0x00,0x00,0x00,0x00,0x00,0x00,0x00,0x00,0x00,0x00,
    0x00,0x00,0x00,0x00,0x00,0x00,0x00,0x00,0x00,0x00,0x00,0x00,0x00,0x00,0x00,0x00,
    0x00,0x00,0x00,0x00,0x00,0x00,0x00,0x00,0x08,0x44,0x00,0x00,0x6b,0x5d,0x6a,0x4d,
    0x8a,0x55,0xcb,0x55,0x8a,0x4d,0x8a,0x4d,0x8a,0x4d,0x8a,0x4d,0x8a,0x4d,0x8a,0x4d,
    0x8a,0x4d,0x8a,0x4d,0x8a,0x4d,0x8a,0x4d,0x8a,0x4d,0x8a,0x4d,0x8a,0x4d,0x8a,0x4d,
    0x8a,0x4d,0x8a,0x4d,0x8a,0x4d,0x8a,0x4d,0x8a,0x4d,0x8a,0x4d,0x8a,0x4d,0x8a,0x4d,
    0x8a,0x4d,0x8a,0x4d,0x8a,0x4d,0x8a,0x4d,0x8a,0x4d,0x8a,0x4d,0x8a,0x4d,0x8a,0x4d,
    0x8a,0x4d,0x8a,0x4d,0x8a,0x4d,0x8a,0x4d,0x8a,0x4d,0x8a,0x4d,0x8a,0x4d,0x8a,0x4d,
    0x8a,0x4d,0x8a,0x4d,0x8a,0x4d,0x8a,0x4d,0x8a,0x4d,0x8a,0x4d,0x8a,0x4d,0x8a,0x4d,
    0x8a,0x4d,0x8a,0x4d,0x8a,0x4d,0x8a,0x4d,0x8a,0x4d,0x8a,0x4d,0x8a,0x4d,0x8a,0x4d,
    0x8a,0x4d,0x8a,0x4d,0x8a,0x4d,0x8a,0x4d,0x8a,0x4d,0x8a,0x4d,0x8a,0x4d,0x8a,0x4d,
    0x8a,0x4d,0x8a,0x4d,0x8a,0x4d,0x8a,0x4d,0x8a,0x4d,0x8a,0x4d,0x8a,0x4d,0x8a,0x4d,
    0x8a,0x4d,0x8a,0x4d,0x8a,0x4d,0x8a,0x4d,0x8a,0x4d,0x8a,0x4d,0x8a,0x4d,0x8a,0x4d,
    0x8a,0x4d,0x8a,0x4d,0x8a,0x4d,0x8a,0x4d,0x8a,0x4d,0x8a,0x4d,0x8a,0x4d,0x8a,0x4d,
    0x8a,0x4d,0x8a,0x4d,0x8a,0x4d,0x8a,0x4d,0xca,0x55,0x8a,0x4d,0x8a,0x4d,0x6b,0x5d,
    0x00,0x00,0x08,0x44,0x00,0x00,0x00,0x00,0x00,0x00,0x00,0x00,0x00,0x00,0x00,0x00,
    0x00,0x00,0x00,0x00,0x00,0x00,0x00,0x00,0x00,0x00,0x00,0x00,0x00,0x00,0x00,0x00,
    0x00,0x00,0x00,0x00,0x00,0x00,0x00,0x00,0x00,0x00,0x00,0x00,0x00,0x00,0x00,0x00,
    0x00,0x00,0x00,0x00,0x00,0x00,0x00,0x00,0x00,0x00,0x00,0x00,0x00,0x00,0x00,0x00,
    0x00,0x00,0x00,0x00,0x00,0x00,0x00,0x00,0x00,0x00,0x00,0x00,0x00,0x00,0x00,0x00,
    0x00,0x00,0x00,0x00,0x00,0x00,0x00,0x00,0x00,0x00,0x00,0x00,0x00,0x00,0x00,0x00,
    0x00,0x00,0x00,0x00,0x00,0x00,0x00,0x00,0xe0,0x07,0x6b,0x5d,0x00,0x00,0x8a,0x4d,
    0x6a,0x4d,0xcb,0x55,0x8a,0x55,0x6a,0x4d,0x8a,0x4d,0x8a,0x4d,0x8a,0x4d,0x8a,0x4d,
    0x8a,0x4d,0x8a,0x4d,0x8a,0x4d,0x8a,0x4d,0x8a,0x4d,0x8a,0x4d,0x8a,0x4d,0x8a,0x4d,
    0x8a,0x4d,0x8a,0x4d,0x8a,0x4d,0x8a,0x4d,0x8a,0x4d,0x8a,0x4d,0x8a,0x4d,0x8a,0x4d,
    0x8a,0x4d,0x8a,0x4d,0x8a,0x4d,0x8a,0x4d,0x8a,0x4d,0x8a,0x4d,0x8a,0x4d,0x8a,0x4d,
    0x8a,0x4d,0x8a,0x4d,0x8a,0x4d,0x8a,0x4d,0x8a,0x4d,0x8a,0x4d,0x8a,0x4d,0x8a,0x4d,
    0x8a,0x4d,0x8a,0x4d,0x8a,0x4d,0x8a,0x4d,0x8a,0x4d,0x8a,0x4d,0x8a,0x4d,0x8a,0x4d,
    0x8a,0x4d,0x8a,0x4d,0x8a,0x4d,0x8a,0x4d,0x8a,0x4d,0x8a,0x4d,0x8a,0x4d,0x8a,0x4d,
    0x8a,0x4d,0x8a,0x4d,0x8a,0x4d,0x8a,0x4d,0x8a,0x4d,0x8a,0x4d,0x8a,0x4d,0x8a,0x4d,
    0x8a,0x4d,0x8a,0x4d,0x8a,0x4d,0x8a,0x4d,0x8a,0x4d,0x8a,0x4d,0x8a,0x4d,0x8a,0x4d,
    0x8a,0x4d,0x8a,0x4d,0x8a,0x4d,0x8a,0x4d,0x8a,0x4d,0x8a,0x4d,0x8a,0x4d,0x8a,0x4d,
    0x8a,0x4d,0x8a,0x4d,0x8a,0x4d,0x8a,0x4d,0x8a,0x4d,0x8a,0x4d,0x8a,0x4d,0x8a,0x4d,
    0x8a,0x4d,0x8a,0x4d,0x8a,0x4d,0x8a,0x4d,0x8a,0x4d,0x8a,0x4d,0x6a,0x4d,0x8a,0x55,
    0xcb,0x55,0x6a,0x4d,0x8a,0x4d,0x00,0x00,0x6b,0x5d,0xe0,0x07,0x00,0x00,0x00,0x00,
    0x00,0x00,0x00,0x00,0x00,0x00,0x00,0x00,0x00,0x00,0x00,0x00,0x00,0x00,0x00,0x00,
    0x00,0x00,0x00,0x00,0x00,0x00,0x00,0x00,0x00,0x00,0x00,0x00,0x00,0x00,0x00,0x00,
    0x00,0x00,0x00,0x00,0x00,0x00,0x00,0x00,0x00,0x00,0x00,0x00,0x00,0x00,0x00,0x00,
    0x00,0x00,0x00,0x00,0x00,0x00,0x00,0x00,0x00,0x00,0x00,0x00,0x00,0x00,0x00,0x00,
    0x00,0x00,0x00,0x00,0x00,0x00,0x00,0x00,0x00,0x00,0x00,0x00,0x00,0x00,0x00,0x00,
    0x00,0x00,0x00,0x00,0x00,0x00,0x00,0x00,0x00,0x00,0xf0,0x87,0x10,0x84,0x00,0x00,
    0x6a,0x4d,0x8a,0x4d,0xca,0x55,0x8a,0x4d,0x8a,0x4d,0x8a,0x4d,0x8a,0x4d,0x8a,0x4d,
    0x8a,0x4d,0x8a,0x4d,0x8a,0x4d,0x8a,0x4d,0x8a,0x4d,0x8a,0x4d,0x8a,0x4d,0x8a,0x4d,
    0x8a,0x4d,0x8a,0x4d,0x8a,0x4d,0x8a,0x4d,0x8a,0x4d,0x8a,0x4d,0x8a,0x4d,0x8a,0x4d,
    0x8a,0x4d,0x8a,0x4d,0x8a,0x4d,0x8a,0x4d,0x8a,0x4d,0x8a,0x4d,0x8a,0x4d,0x8a,0x4d,
    0x8a,0x4d,0x8a,0x4d,0x8a,0x4d,0x8a,0x4d,0x8a,0x4d,0x8a,0x4d,0x8a,0x4d,0x8a,0x4d,
    0x8a,0x4d,0x8a,0x4d,0x8a,0x4d,0x8a,0x4d,0x8a,0x4d,0x8a,0x4d,0x8a,0x4d,0x8a,0x4d,
    0x8a,0x4d,0x8a,0x4d,0x8a,0x4d,0x8a,0x4d,0x8a,0x4d,0x8a,0x4d,0x8a,0x4d,0x8a,0x4d,
    0x8a,0x4d,0x8a,0x4d,0x8a,0x4d,0x8a,0x4d,0x8a,0x4d,0x8a,0x4d,0x8a,0x4d,0x8a,0x4d,
    0x8a,0x4d,0x8a,0x4d,0x8a,0x4d,0x8a,0x4d,0x8a,0x4d,0x8a,0x4d,0x8a,0x4d,0x8a,0x4d,
    0x8a,0x4d,0x8a,0x4d,0x8a,0x4d,0x8a,0x4d,0x8a,0x4d,0x8a,0x4d,0x8a,0x4d,0x8a,0x4d,
    0x8a,0x4d,0x8a,0x4d,0x8a,0x4d,0x8a,0x4d,0x8a,0x4d,0x8a,0x4d,0x8a,0x4d,0x8a,0x4d,
    0x8a,0x4d,0x8a,0x4d,0x8a,0x4d,0x8a,0x4d,0x8a,0x4d,0x8a,0x4d,0x8a,0x4d,0x8a,0x4d,
    0x8a,0x4d,0x8a,0x4d,0x8a,0x4d,0xca,0x55,0x8a,0x4d,0x6a,0x4d,0x00,0x00,0x10,0x84,
    0xf0,0x87,0x00,0x00,0x00,0x00,0x00,0x00,0x00,0x00,0x00,0x00,0x00,0x00,0x00,0x00,
    0x00,0x00,0x00,0x00,0x00,0x00,0x00,0x00,0x00,0x00,0x00,0x00,0x00,0x00,0x00,0x00,
    0x00,0x00,0x00,0x00,0x00,0x00,0x00,0x00,0x00,0x00,0x00,0x00,0x00,0x00,0x00,0x00,
    0x00,0x00,0x00,0x00,0x00,0x00,0x00,0x00,0x00,0x00,0x00,0x00,0x00,0x00,0x00,0x00,
    0x00,0x00,0x00,0x00,0x00,0x00,0x00,0x00,0x00,0x00,0x00,0x00,0x00,0x00,0x00,0x00,
    0x00,0x00,0x00,0x00,0x00,0x00,0x00,0x00,0x00,0x00,0x00,0x00,0x08,0x44,0x00,0x00,
    0x8a,0x55,0x6a,0x4d,0xca,0x55,0x8a,0x55,0x8a,0x4d,0x8a,0x4d,0x8a,0x4d,0x8a,0x4d,
    0x8a,0x4d,0x8a,0x4d,0x8a,0x4d,0x8a,0x4d,0x8a,0x4d,0x8a,0x4d,0x8a,0x4d,0x8a,0x4d,
    0x8a,0x4d,0x8a,0x4d,0x8a,0x4d,0x8a,0x4d,0x8a,0x4d,0x8a,0x4d,0x8a,0x4d,0x8a,0x4d,
    0x8a,0x4d,0x8a,0x4d,0x8a,0x4d,0x8a,0x4d,0x8a,0x4d,0x8a,0x4d,0x8a,0x4d,0x8a,0x4d,
    0x8a,0x4d,0x8a,0x4d,0x8a,0x4d,0x8a,0x4d,0x8a,0x4d,0x8a,0x4d,0x8a,0x4d,0x8a,0x4d,
    0x8a,0x4d,0x8a,0x4d,0x8a,0x4d,0x8a,0x4d,0x8a,0x4d,0x8a,0x4d,0x8a,0x4d,0x8a,0x4d,
    0x8a,0x4d,0x8a,0x4d,0x8a,0x4d,0x8a,0x4d,0x8a,0x4d,0x8a,0x4d,0x8a,0x4d,0x8a,0x4d,
    0x8a,0x4d,0x8a,0x4d,0x8a,0x4d,0x8a,0x4d,0x8a,0x4d,0x8a,0x4d,0x8a,0x4d,0x8a,0x4d,
    0x8a,0x4d,0x8a,0x4d,0x8a,0x4d,0x8a,0x4d,0x8a,0x4d,0x8a,0x4d,0x8a,0x4d,0x8a,0x4d,
    0x8a,0x4d,0x8a,0x4d,0x8a,0x4d,0x8a,0x4d,0x8a,0x4d,0x8a,0x4d,0x8a,0x4d,0x8a,0x4d,
    0x8a,0x4d,0x8a,0x4d,0x8a,0x4d,0x8a,0x4d,0x8a,0x4d,0x8a,0x4d,0x8a,0x4d,0x8a,0x4d,
    0x8a,0x4d,0x8a,0x4d,0x8a,0x4d,0x8a,0x4d,0x8a,0x4d,0x8a,0x4d,0x8a,0x4d,0x8a,0x4d,
    0x8a,0x4d,0x8a,0x4d,0x8a,0x4d,0x8a,0x4d,0x8a,0x4d,0x8a,0x4d,0x8a,0x55,0xca,0x55,
    0x8a,0x4d,0x8a,0x55,0x00,0x00,0x08,0x44,0x00,0x00,0x00,0x00,0x00,0x00,0x00,0x00,
    0x00,0x00,0x00,0x00,0x00,0x00,0x00,0x00,0x00,0x00,0x00,0x00,0x00,0x00,0x00,0x00,
    0x00,0x00,0x00,0x00,0x00,0x00,0x00,0x00,0x00,0x00,0x00,0x00,0x00,0x00,0x00,0x00,
    0x00,0x00,0x00,0x00,0x00,0x00,0x00,0x00,0x00,0x00,0x00,0x00,0x00,0x00,0x00,0x00,
    0x00,0x00,0x00,0x00,0x00,0x00,0x00,0x00,0x00,0x00,0x00,0x00,0x00,0x00,0x00,0x00,
    0x00,0x00,0x00,0x00,0x00,0x00,0x00,0x00,0x00,0x00,0x00,0x00,0x00,0x00,0x08,0x44,
    0x00,0x00,0x6a,0x4d,0x8a,0x4d,0xeb,0x55,0x8a,0x4d,0x8a,0x4d,0x8a,0x4d,0x8a,0x4d,
    0x8a,0x4d,0x8a,0x4d,0x8a,0x4d,0x8a,0x4d,0x8a,0x4d,0x8a,0x4d,0x8a,0x4d,0x8a,0x4d,
    0x8a,0x4d,0x8a,0x4d,0x8a,0x4d,0x8a,0x4d,0x8a,0x4d,0x8a,0x4d,0x8a,0x4d,0x8a,0x4d,
    0x8a,0x4d,0x8a,0x4d,0x8a,0x4d,0x8a,0x4d,0x8a,0x4d,0x8a,0x4d,0x8a,0x4d,0x8a,0x4d,
    0x8a,0x4d,0x8a,0x4d,0x8a,0x4d,0x8a,0x4d,0x8a,0x4d,0x8a,0x4d,0x8a,0x4d,0x8a,0x4d,
    0x8a,0x4d,0x8a,0x4d,0x8a,0x4d,0x8a,0x4d,0x8a,0x4d,0x8a,0x4d,0x8a,0x4d,0x8a,0x4d,
    0x8a,0x4d,0x8a,0x4d,0x8a,0x4d,0x8a,0x4d,0x8a,0x4d,0x8a,0x4d,0x8a,0x4d,0x8a,0x4d,
    0x8a,0x4d,0x8a,0x4d,0x8a,0x4d,0x8a,0x4d,0x8a,0x4d,0x8a,0x4d,0x8a,0x4d,0x8a,0x4d,
    0x8a,0x4d,0x8a,0x4d,0x8a,0x4d,0x8a,0x4d,0x8a,0x4d,0x8a,0x4d,0x8a,0x4d,0x8a,0x4d,
    0x8a,0x4d,0x8a,0x4d,0x8a,0x4d,0x8a,0x4d,0x8a,0x4d,0x8a,0x4d,0x8a,0x4d,0x8a,0x4d,
    0x8a,0x4d,0x8a,0x4d,0x8a,0x4d,0x8a,0x4d,0x8a,0x4d,0x8a,0x4d,0x8a,0x4d,0x8a,0x4d,
    0x8a,0x4d,0x8a,0x4d,0x8a,0x4d,0x8a,0x4d,0x8a,0x4d,0x8a,0x4d,0x8a,0x4d,0x8a,0x4d,
    0x8a,0x4d,0x8a,0x4d,0x8a,0x4d,0x8a,0x4d,0x8a,0x4d,0x8a,0x4d,0x8a,0x4d,0x8a,0x4d,
    0x8a,0x4d,0x8a,0x4d,0xcb,0x55,0x8a,0x4d,0x6a,0x55,0x00,0x00,0x08,0x46,0x00,0x00,
    0x00,0x00,0x00,0x00,0x00,0x00,0x00,0x00,0x00,0x00,0x00,0x00,0x00,0x00,0x00,0x00,
    0x00,0x00,0x00,0x00,0x00,0x00,0x00,0x00,0x00,0x00,0x00,0x00,0x00,0x00,0x00,0x00,
    0x00,0x00,0x00,0x00,0x00,0x00,0x00,0x00,0x00,0x00,0x00,0x00,0x00,0x00,0x00,0x00,
    0x00,0x00,0x00,0x00,0x00,0x00,0x00,0x00,0x00,0x00,0x00,0x00,0x00,0x00,0x00,0x00,
    0x00,0x00,0x00,0x00,0x00,0x00,0x00,0x00,0x00,0x00,0x00,0x00,0x00,0x00,0xe0,0x07,
    0x08,0x46,0x00,0x00,0x6a,0x4d,0xaa,0x55,0xaa,0x55,0x6a,0x4d,0x8a,0x4d,0x8a,0x4d,
    0x8a,0x4d,0x8a,0x4d,0x8a,0x4d,0x8a,0x4d,0x8a,0x4d,0x8a,0x4d,0x8a,0x4d,0x8a,0x4d,
    0x8a,0x4d,0x8a,0x4d,0x8a,0x4d,0x8a,0x4d,0x8a,0x4d,0x8a,0x4d,0x8a,0x4d,0x8a,0x4d,
    0x8a,0x4d,0x8a,0x4d,0x8a,0x4d,0x8a,0x4d,0x8a,0x4d,0x8a,0x4d,0x8a,0x4d,0x8a,0x4d,
    0x8a,0x4d,0x8a,0x4d,0x8a,0x4d,0x8a,0x4d,0x8a,0x4d,0x8a,0x4d,0x8a,0x4d,0x8a,0x4d,
    0x8a,0x4d,0x8a,0x4d,0x8a,0x4d,0x8a,0x4d,0x8a,0x4d,0x8a,0x4d,0x8a,0x4d,0x8a,0x4d,
    0x8a,0x4d,0x8a,0x4d,0x8a,0x4d,0x8a,0x4d,0x8a,0x4d,0x8a,0x4d,0x8a,0x4d,0x8a,0x4d,
    0x8a,0x4d,0x8a,0x4d,0x8a,0x4d,0x8a,0x4d,0x8a,0x4d,0x8a,0x4d,0x8a,0x4d,0x8a,0x4d,
    0x8a,0x4d,0x8a,0x4d,0x8a,0x4d,0x8a,0x4d,0x8a,0x4d,0x8a,0x4d,0x8a,0x4d,0x8a,0x4d,
    0x8a,0x4d,0x8a,0x4d,0x8a,0x4d,0x8a,0x4d,0x8a,0x4d,0x8a,0x4d,0x8a,0x4d,0x8a,0x4d,
    0x8a,0x4d,0x8a,0x4d,0x8a,0x4d,0x8a,0x4d,0x8a,0x4d,0x8a,0x4d,0x8a,0x4d,0x8a,0x4d,
    0x8a,0x4d,0x8a,0x4d,0x8a,0x4d,0x8a,0x4d,0x8a,0x4d,0x8a,0x4d,0x8a,0x4d,0x8a,0x4d,
    0x8a,0x4d,0x8a,0x4d,0x8a,0x4d,0x8a,0x4d,0x8a,0x4d,0x8a,0x4d,0x8a,0x4d,0x8a,0x4d,
    0x8a,0x4d,0x8a,0x4d,0x8a,0x4d,0x8a,0x4d,0x6a,0x4d,0xaa,0x55,0xaa,0x55,0x6a,0x4d,
    0x00,0x00,0x08,0x46,0xe0,0x07,0x00,0x00,0x00,0x00,0x00,0x00,0x00,0x00,0x00,0x00,
    0x00,0x00,0x00,0x00,0x00,0x00,0x00,0x00,0x00,0x00,0x00,0x00,0x00,0x00,0x00,0x00,
    0x00,0x00,0x00,0x00,0x00,0x00,0x00,0x00,0x00,0x00,0x00,0x00,0x00,0x00,0x00,0x00,
    0x00,0x00,0x00,0x00,0x00,0x00,0x00,0x00,0x00,0x00,0x00,0x00,0x00,0x00,0x00,0x00,
    0x00,0x00,0x00,0x00,0x00,0x00,0x00,0x00,0x00,0x00,0x00,0x00,0x00,0x00,0x00,0x00,
    0xff,0x07,0x6b,0x5d,0x00,0x00,0x6a,0x4d,0xaa,0x55,0x8a,0x55,0x8a,0x4d,0x8a,0x4d,
    0x8a,0x4d,0x8a,0x4d,0x8a,0x4d,0x8a,0x4d,0x8a,0x4d,0x8a,0x4d,0x8a,0x4d,0x8a,0x4d,
    0x8a,0x4d,0x8a,0x4d,0x8a,0x4d,0x8a,0x4d,0x8a,0x4d,0x8a,0x4d,0x8a,0x4d,0x8a,0x4d,
    0x8a,0x4d,0x8a,0x4d,0x8a,0x4d,0x8a,0x4d,0x8a,0x4d,0x8a,0x4d,0x8a,0x4d,0x8a,0x4d,
    0x8a,0x4d,0x8a,0x4d,0x8a,0x4d,0x8a,0x4d,0x8a,0x4d,0x8a,0x4d,0x8a,0x4d,0x8a,0x4d,
    0x8a,0x4d,0x8a,0x4d,0x8a,0x4d,0x8a,0x4d,0x8a,0x4d,0x8a,0x4d,0x8a,0x4d,0x8a,0x4d,
    0x8a,0x4d,0x8a,0x4d,0x8a,0x4d,0x8a,0x4d,0x8a,0x4d,0x8a,0x4d,0x8a,0x4d,0x8a,0x4d,
    0x8a,0x4d,0x8a,0x4d,0x8a,0x4d,0x8a,0x4d,0x8a,0x4d,0x8a,0x4d,0x8a,0x4d,0x8a,0x4d,
    0x8a,0x4d,0x8a,0x4d,0x8a,0x4d,0x8a,0x4d,0x8a,0x4d,0x8a,0x4d,0x8a,0x4d,0x8a,0x4d,
    0x8a,0x4d,0x8a,0x4d,0x8a,0x4d,0x8a,0x4d,0x8a,0x4d,0x8a,0x4d,0x8a,0x4d,0x8a,0x4d,
    0x8a,0x4d,0x8a,0x4d,0x8a,0x4d,0x8a,0x4d,0x8a,0x4d,0x8a,0x4d,0x8a,0x4d,0x8a,0x4d,
    0x8a,0x4d,0x8a,0x4d,0x8a,0x4d,0x8a,0x4d,0x8a,0x4d,0x8a,0x4d,0x8a,0x4d,0x8a,0x4d,
    0x8a,0x4d,0x8a,0x4d,0x8a,0x4d,0x8a,0x4d,0x8a,0x4d,0x8a,0x4d,0x8a,0x4d,0x8a,0x4d,
    0x8a,0x4d,0x8a,0x4d,0x8a,0x4d,0x8a,0x4d,0x8a,0x4d,0x8a,0x4d,0x8a,0x4d,0x8a,0x4d,
    0xaa,0x55,0xaa,0x55,0x6a,0x4d,0x00,0x00,0x6b,0x5d,0xff,0x07,0x00,0x00,0x00,0x00,
    0x00,0x00,0x00,0x00,0x00,0x00,0x00,0x00,0x00,0x00,0x00,0x00,0x00,0x00,0x00,0x00,
    0x00,0x00,0x00,0x00,0x00,0x00,0x00,0x00,0x00,0x00,0x00,0x00,0x00,0x00,0x00,0x00,
    0x00,0x00,0x00,0x00,0x00,0x00,0x00,0x00,0x00,0x00,0x00,0x00,0x00,0x00,0x00,0x00,
    0x00,0x00,0x00,0x00,0x00,0x00,0x00,0x00,0x00,0x00,0x00,0x00,0x00,0x00,0x00,0x00,
    0x00,0x00,0x00,0x04,0xff,0xff,0x00,0x04,0x8a,0x4d,0xcb,0x55,0x8a,0x4d,0x8a,0x4d,
    0x8a,0x4d,0x8a,0x4d,0x8a,0x4d,0x8a,0x4d,0x8a,0x4d,0x8a,0x4d,0x8a,0x4d,0x8a,0x4d,
    0x8a,0x4d,0x8a,0x4d,0x8a,0x4d,0x8a,0x4d,0x8a,0x4d,0x8a,0x4d,0x8a,0x4d,0x8a,0x4d,
    0x8a,0x4d,0x8a,0x4d,0x8a,0x4d,0x8a,0x4d,0x8a,0x4d,0x8a,0x4d,0x8a,0x4d,0x8a,0x4d,
    0x8a,0x4d,0x8a,0x4d,0x8a,0x4d,0x8a,0x4d,0x8a,0x4d,0x8a,0x4d,0x8a,0x4d,0x8a,0x4d,
    0x8a,0x4d,0x8a,0x4d,0x8a,0x4d,0x8a,0x4d,0x8a,0x4d,0x8a,0x4d,0x8a,0x4d,0x8a,0x4d,
    0x8a,0x4d,0x8a,0x4d,0x8a,0x4d,0x8a,0x4d,0x8a,0x4d,0x8a,0x4d,0x8a,0x4d,0x8a,0x4d,
    0x8a,0x4d,0x8a,0x4d,0x8a,0x4d,0x8a,0x4d,0x8a,0x4d,0x8a,0x4d,0x8a,0x4d,0x8a,0x4d,
    0x8a,0x4d,0x8a,0x4d,0x8a,0x4d,0x8a,0x4d,0x8a,0x4d,0x8a,0x4d,0x8a,0x4d,0x8a,0x4d,
    0x8a,0x4d,0x8a,0x4d,0x8a,0x4d,0x8a,0x4d,0x8a,0x4d,0x8a,0x4d,0x8a,0x4d,0x8a,0x4d,
    0x8a,0x4d,0x8a,0x4d,0x8a,0x4d,0x8a,0x4d,0x8a,0x4d,0x8a,0x4d,0x8a,0x4d,0x8a,0x4d,
    0x8a,0x4d,0x8a,0x4d,0x8a,0x4d,0x8a,0x4d,0x8a,0x4d,0x8a,0x4d,0x8a,0x4d,0x8a,0x4d,
    0x8a,0x4d,0x8a,0x4d,0x8a,0x4d,0x8a,0x4d,0x8a,0x4d,0x8a,0x4d,0x8a,0x4d,0x8a,0x4d,
    0x8a,0x4d,0x8a,0x4d,0x8a,0x4d,0x8a,0x4d,0x8a,0x4d,0x8a,0x4d,0x8a,0x4d,0x8a,0x4d,
    0x8a,0x4d,0x8a,0x4d,0x6a,0x4d,0x8a,0x4d,0xcb,0x55,0x6a,0x4d,0xe0,0x07,0xff,0xff,
    0x00,0x04,0x00,0x00,0x00,0x00,0x00,0x00,0x00,0x00,0x00,0x00,0x00,0x00,0x00,0x00,
    0x00,0x00,0x00,0x00,0x00,0x00,0x00,0x00,0x00,0x00,0x00,0x00,0x00,0x00,0x00,0x00,
    0x00,0x00,0x00,0x00,0x00,0x00,0x00,0x00,0x00,0x00,0x00,0x00,0x00,0x00,0x00,0x00,
    0x00,0x00,0x00,0x00,0x00,0x00,0x00,0x00,0x00,0x00,0x00,0x00,0x00,0x00,0x00,0x00,
    0x00,0x00,0x00,0x00,0x00,0x04,0x00,0x00,0x08,0x46,0x8a,0x4d,0xeb,0x55,0x8a,0x4d,
    0x6a,0x4d,0x8a,0x4d,0x8a,0x4d,0x8a,0x4d,0x8a,0x4d,0x8a,0x4d,0x8a,0x4d,0x8a,0x4d,
    0x8a,0x4d,0x8a,0x4d,0x8a,0x4d,0x8a,0x4d,0x8a,0x4d,0x8a,0x4d,0x8a,0x4d,0x8a,0x4d,
    0x8a,0x4d,0x8a,0x4d,0x8a,0x4d,0x8a,0x4d,0x8a,0x4d,0x8a,0x4d,0x8a,0x4d,0x8a,0x4d,
    0x8a,0x4d,0x8a,0x4d,0x8a,0x4d,0x8a,0x4d,0x8a,0x4d,0x8a,0x4d,0x8a,0x4d,0x8a,0x4d,
    0x8a,0x4d,0x8a,0x4d,0x8a,0x4d,0x8a,0x4d,0x8a,0x4d,0x8a,0x4d,0x8a,0x4d,0x8a,0x4d,
    0x8a,0x4d,0x8a,0x4d,0x8a,0x4d,0x8a,0x4d,0x8a,0x4d,0x8a,0x4d,0x8a,0x4d,0x8a,0x4d,
    0x8a,0x4d,0x8a,0x4d,0x8a,0x4d,0x8a,0x4d,0x8a,0x4d,0x8a,0x4d,0x8a,0x4d,0x8a,0x4d,
    0x8a,0x4d,0x8a,0x4d,0x8a,0x4d,0x8a,0x4d,0x8a,0x4d,0x8a,0x4d,0x8a,0x4d,0x8a,0x4d,
    0x8a,0x4d,0x8a,0x4d,0x8a,0x4d,0x8a,0x4d,0x8a,0x4d,0x8a,0x4d,0x8a,0x4d,0x8a,0x4d,
    0x8a,0x4d,0x8a,0x4d,0x8a,0x4d,0x8a,0x4d,0x8a,0x4d,0x8a,0x4d,0x8a,0x4d,0x8a,0x4d,
    0x8a,0x4d,0x8a,0x4d,0x8a,0x4d,0x8a,0x4d,0x8a,0x4d,0x8a,0x4d,0x8a,0x4d,0x8a,0x4d,
    0x8a,0x4d,0x8a,0x4d,0x8a,0x4d,0x8a,0x4d,0x8a,0x4d,0x8a,0x4d,0x8a,0x4d,0x8a,0x4d,
    0x8a,0x4d,0x8a,0x4d,0x8a,0x4d,0x8a,0x4d,0x8a,0x4d,0x8a,0x4d,0x8a,0x4d,0x8a,0x4d,
    0x8a,0x4d,0x8a,0x4d,0x8a,0x4d,0x8a,0x4d,0x8a,0x4d,0x6a,0x4d,0x8a,0x4d,0xeb,0x55,
    0x8a,0x4d,0x08,0x46,0x00,0x00,0x00,0x04,0x00,0x00,0x00,0x00,0x00,0x00,0x00,0x00,
    0x00,0x00,0x00,0x00,0x00,0x00,0x00,0x00,0x00,0x00,0x00,0x00,0x00,0x00,0x00,0x00,
    0x00,0x00,0x00,0x00,0x00,0x00,0x00,0x00,0x00,0x00,0x00,0x00,0x00,0x00,0x00,0x00,
    0x00,0x00,0x00,0x00,0x00,0x00,0x00,0x00,0x00,0x00,0x00,0x00,0x00,0x00,0x00,0x00,
    0x00,0x00,0x00,0x00,0x00,0x00,0x00,0x04,0x00,0x00,0x08,0x45,0x8a,0x4d,0xeb,0x55,
    0x6a,0x4d,0x8a,0x4d,0x8a,0x4d,0x8a,0x4d,0x8a,0x4d,0x8a,0x4d,0x8a,0x4d,0x8a,0x4d,
    0x8a,0x4d,0x8a,0x4d,0x8a,0x4d,0x8a,0x4d,0x8a,0x4d,0x8a,0x4d,0x8a,0x4d,0x8a,0x4d,
    0x8a,0x4d,0x8a,0x4d,0x8a,0x4d,0x8a,0x4d,0x8a,0x4d,0x8a,0x4d,0x8a,0x4d,0x8a,0x4d,
    0x8a,0x4d,0x8a,0x4d,0x8a,0x4d,0x8a,0x4d,0x8a,0x4d,0x8a,0x4d,0x8a,0x4d,0x8a,0x4d,
    0x8a,0x4d,0x8a,0x4d,0x8a,0x4d,0x8a,0x4d,0x8a,0x4d,0x8a,0x4d,0x8a,0x4d,0x8a,0x4d,
    0x8a,0x4d,0x8a,0x4d,0x8a,0x4d,0x8a,0x4d,0x8a,0x4d,0x8a,0x4d,0x8a,0x4d,0x8a,0x4d,
    0x8a,0x4d,0x8a,0x4d,0x8a,0x4d,0x8a,0x4d,0x8a,0x4d,0x8a,0x4d,0x8a,0x4d,0x8a,0x4d,
    0x8a,0x4d,0x8a,0x4d,0x8a,0x4d,0x8a,0x4d,0x8a,0x4d,0x8a,0x4d,0x8a,0x4d,0x8a,0x4d,
    0x8a,0x4d,0x8a,0x4d,0x8a,0x4d,0x8a,0x4d,0x8a,0x4d,0x8a,0x4d,0x8a,0x4d,0x8a,0x4d,
    0x8a,0x4d,0x8a,0x4d,0x8a,0x4d,0x8a,0x4d,0x8a,0x4d,0x8a,0x4d,0x8a,0x4d,0x8a,0x4d,
    0x8a,0x4d,0x8a,0x4d,0x8a,0x4d,0x8a,0x4d,0x8a,0x4d,0x8a,0x4d,0x8a,0x4d,0x8a,0x4d,
    0x8a,0x4d,0x8a,0x4d,0x8a,0x4d,0x8a,0x4d,0x8a,0x4d,0x8a,0x4d,0x8a,0x4d,0x8a,0x4d,
    0x8a,0x4d,0x8a,0x4d,0x8a,0x4d,0x8a,0x4d,0x8a,0x4d,0x8a,0x4d,0x8a,0x4d,0x8a,0x4d,
    0x8a,0x4d,0x8a,0x4d,0x8a,0x4d,0x8a,0x4d,0x8a,0x4d,0x8a,0x4d,0x8a,0x4d,0x8a,0x4d,
    0x8a,0x4d,0x6a,0x4d,0xeb,0x55,0x8a,0x4d,0x0c,0x45,0x00,0x00,0x00,0x04,0x00,0x00,
    0x00,0x00,0x00,0x00,0x00,0x00,0x00,0x00,0x00,0x00,0x00,0x00,0x00,0x00,0x00,0x00,
    0x00,0x00,0x00,0x00,0x00,0x00,0x00,0x00,0x00,0x00,0x00,0x00,0x00,0x00,0x00,0x00,
    0x00,0x00,0x00,0x00,0x00,0x00,0x00,0x00,0x00,0x00,0x00,0x00,0x00,0x00,0x00,0x00,
    0x00,0x00,0x00,0x00,0x00,0x00,0x00,0x00,0xe0,0x07,0x00,0x00,0x89,0x4c,0x8a,0x55,
    0xeb,0x55,0x8a,0x4d,0x8a,0x4d,0x8a,0x4d,0x8a,0x4d,0x8a,0x4d,0x8a,0x4d,0x8a,0x4d,
    0x8a,0x4d,0x8a,0x4d,0x8a,0x4d,0x8a,0x4d,0x8a,0x4d,0x8a,0x4d,0x8a,0x4d,0x8a,0x4d,
    0x8a,0x4d,0x8a,0x4d,0x8a,0x4d,0x8a,0x4d,0x8a,0x4d,0x8a,0x4d,0x8a,0x4d,0x8a,0x4d,
    0x8a,0x4d,0x8a,0x4d,0x8a,0x4d,0x8a,0x4d,0x8a,0x4d,0x8a,0x4d,0x8a,0x4d,0x8a,0x4d,
    0x8a,0x4d,0x8a,0x4d,0x8a,0x4d,0x8a,0x4d,0x8a,0x4d,0x8a,0x4d,0x8a,0x4d,0x8a,0x4d,
    0x8a,0x4d,0x8a,0x4d,0x8a,0x4d,0x8a,0x4d,0x8a,0x4d,0x8a,0x4d,0x8a,0x4d,0x8a,0x4d,
    0x8a,0x4d,0x8a,0x4d,0x8a,0x4d,0x8a,0x4d,0x8a,0x4d,0x8a,0x4d,0x8a,0x4d,0x8a,0x4d,
    0x8a,0x4d,0x8a,0x4d,0x8a,0x4d,0x8a,0x4d,0x8a,0x4d,0x8a,0x4d,0x8a,0x4d,0x8a,0x4d,
    0x8a,0x4d,0x8a,0x4d,0x8a,0x4d,0x8a,0x4d,0x8a,0x4d,0x8a,0x4d,0x8a,0x4d,0x8a,0x4d,
    0x8a,0x4d,0x8a,0x4d,0x8a,0x4d,0x8a,0x4d,0x8a,0x4d,0x8a,0x4d,0x8a,0x4d,0x8a,0x4d,
    0x8a,0x4d,0x8a,0x4d,0x8a,0x4d,0x8a,0x4d,0x8a,0x4d,0x8a,0x4d,0x8a,0x4d,0x8a,0x4d,
    0x8a,0x4d,0x8a,0x4d,0x8a,0x4d,0x8a,0x4d,0x8a,0x4d,0x8a,0x4d,0x8a,0x4d,0x8a,0x4d,
    0x8a,0x4d,0x8a,0x4d,0x8a,0x4d,0x8a,0x4d,0x8a,0x4d,0x8a,0x4d,0x8a,0x4d,0x8a,0x4d,
    0x8a,0x4d,0x8a,0x4d,0x8a,0x4d,0x8a,0x4d,0x8a,0x4d,0x8a,0x4d,0x8a,0x4d,0x8a,0x4d,
    0x8a,0x4d,0x8a,0x4d,0x8a,0x4d,0x8a,0x4d,0x8a,0x4d,0xeb,0x55,0x8a,0x4d,0xc9,0x4d,
    0x00,0x00,0xe0,0x07,0x00,0x00,0x00,0x00,0x00,0x00,0x00,0x00,0x00,0x00,0x00,0x00,
    0x00,0x00,0x00,0x00,0x00,0x00,0x00,0x00,0x00,0x00,0x00,0x00,0x00,0x00,0x00,0x00,
    0x00,0x00,0x00,0x00,0x00,0x00,0x00,0x00,0x00,0x00,0x00,0x00,0x00,0x00,0x00,0x00,
    0x00,0x00,0x00,0x00,0x00,0x00,0x00,0x00,0x00,0x00,0xe0,0x07,0xe0,0x07,0x08,0x44,
    0x8a,0x55,0xeb,0x55,0x6a,0x4d,0x8a,0x4d,0x8a,0x4d,0x8a,0x4d,0x8a,0x4d,0x8a,0x4d,
    0x8a,0x4d,0x8a,0x4d,0x8a,0x4d,0x8a,0x4d,0x8a,0x4d,0x8a,0x4d,0x8a,0x4d,0x8a,0x4d,
    0x8a,0x4d,0x8a,0x4d,0x8a,0x4d,0x8a,0x4d,0x8a,0x4d,0x8a,0x4d,0x8a,0x4d,0x8a,0x4d,
    0x8a,0x4d,0x8a,0x4d,0x8a,0x4d,0x8a,0x4d,0x8a,0x4d,0x8a,0x4d,0x8a,0x4d,0x8a,0x4d,
    0x8a,0x4d,0x8a,0x4d,0x8a,0x4d,0x8a,0x4d,0x8a,0x4d,0x8a,0x4d,0x8a,0x4d,0x8a,0x4d,
    0x8a,0x4d,0x8a,0x4d,0x8a,0x4d,0x8a,0x4d,0x8a,0x4d,0x8a,0x4d,0x8a,0x4d,0x8a,0x4d,
    0x8a,0x4d,0x8a,0x4d,0x8a,0x4d,0x8a,0x4d,0x8a,0x4d,0x8a,0x4d,0x8a,0x4d,0x8a,0x4d,
    0x8a,0x4d,0x8a,0x4d,0x8a,0x4d,0x8a,0x4d,0x8a,0x4d,0x8a,0x4d,0x8a,0x4d,0x8a,0x4d,
    0x8a,0x4d,0x8a,0x4d,0x8a,0x4d,0x8a,0x4d,0x8a,0x4d,0x8a,0x4d,0x8a,0x4d,0x8a,0x4d,
    0x8a,0x4d,0x8a,0x4d,0x8a,0x4d,0x8a,0x4d,0x8a,0x4d,0x8a,0x4d,0x8a,0x4d,0x8a,0x4d,
    0x8a,0x4d,0x8a,0x4d,0x8a,0x4d,0x8a,0x4d,0x8a,0x4d,0x8a,0x4d,0x8a,0x4d,0x8a,0x4d,
    0x8a,0x4d,0x8a,0x4d,0x8a,0x4d,0x8a,0x4d,0x8a,0x4d,0x8a,0x4d,0x8a,0x4d,0x8a,0x4d,
    0x8a,0x4d,0x8a,0x4d,0x8a,0x4d,0x8a,0x4d,0x8a,0x4d,0x8a,0x4d,0x8a,0x4d,0x8a,0x4d,
    0x8a,0x4d,0x8a,0x4d,0x8a,0x4d,0x8a,0x4d,0x8a,0x4d,0x8a,0x4d,0x8a,0x4d,0x8a,0x4d,
    0x8a,0x4d,0x8a,0x4d,0x8a,0x4d,0x8a,0x4d,0x8a,0x4d,0x8a,0x4d,0x8a,0x4d,0x6a,0x4d,
    0xeb,0x55,0x8a,0x55,0x08,0x44,0xe0,0x07,0xe0,0x07,0x00,0x00,0x00,0x00,0x00,0x00,
    0x00,0x00,0x00,0x00,0x00,0x00,0x00,0x00,0x00,0x00,0x00,0x00,0x00,0x00,0x00,0x00,
    0x00,0x00,0x00,0x00,0x00,0x00,0x00,0x00,0x00,0x00,0x00,0x00,0x00,0x00,0x00,0x00,
    0x00,0x00,0x00,0x00,0x00,0x00,0x00,0x00,0x00,0x00,0x00,0x00,0x00,0x00,0xf0,0x87,
    0x00,0x00,0x8a,0x55,0xeb,0x55,0x6a,0x4d,0x8a,0x4d,0x8a,0x4d,0x8a,0x4d,0x8a,0x4d,
    0x8a,0x4d,0x8a,0x4d,0x8a,0x4d,0x8a,0x4d,0x8a,0x4d,0x8a,0x4d,0x8a,0x4d,0x8a,0x4d,
    0x8a,0x4d,0x8a,0x4d,0x8a,0x4d,0x8a,0x4d,0x8a,0x4d,0x8a,0x4d,0x8a,0x4d,0x8a,0x4d,
    0x8a,0x4d,0x8a,0x4d,0x8a,0x4d,0x8a,0x4d,0x8a,0x4d,0x8a,0x4d,0x8a,0x4d,0x8a,0x4d,
    0x8a,0x4d,0x8a,0x4d,0x8a,0x4d,0x8a,0x4d,0x8a,0x4d,0x8a,0x4d,0x8a,0x4d,0x8a,0x4d,
    0x8a,0x4d,0x8a,0x4d,0x8a,0x4d,0x8a,0x4d,0x8a,0x4d,0x8a,0x4d,0x8a,0x4d,0x8a,0x4d,
    0x8a,0x4d,0x8a,0x4d,0x8a,0x4d,0x8a,0x4d,0x8a,0x4d,0x8a,0x4d,0x8a,0x4d,0x8a,0x4d,
    0x8a,0x4d,0x8a,0x4d,0x8a,0x4d,0x8a,0x4d,0x8a,0x4d,0x8a,0x4d,0x8a,0x4d,0x8a,0x4d,
    0x8a,0x4d,0x8a,0x4d,0x8a,0x4d,0x8a,0x4d,0x8a,0x4d,0x8a,0x4d,0x8a,0x4d,0x8a,0x4d,
    0x8a,0x4d,0x8a,0x4d,0x8a,0x4d,0x8a,0x4d,0x8a,0x4d,0x8a,0x4d,0x8a,0x4d,0x8a,0x4d,
    0x8a,0x4d,0x8a,0x4d,0x8a,0x4d,0x8a,0x4d,0x8a,0x4d,0x8a,0x4d,0x8a,0x4d,0x8a,0x4d,
    0x8a,0x4d,0x8a,0x4d,0x8a,0x4d,0x8a,0x4d,0x8a,0x4d,0x8a,0x4d,0x8a,0x4d,0x8a,0x4d,
    0x8a,0x4d,0x8a,0x4d,0x8a,0x4d,0x8a,0x4d,0x8a,0x4d,0x8a,0x4d,0x8a,0x4d,0x8a,0x4d,
    0x8a,0x4d,0x8a,0x4d,0x8a,0x4d,0x8a,0x4d,0x8a,0x4d,0x8a,0x4d,0x8a,0x4d,0x8a,0x4d,
    0x8a,0x4d,0x8a,0x4d,0x8a,0x4d,0x8a,0x4d,0x8a,0x4d,0x8a,0x4d,0x8a,0x4d,0x8a,0x4d,
    0x8a,0x4d,0x8a,0x4d,0x6a,0x4d,0xeb,0x55,0x8a,0x4d,0x00,0x00,0xf0,0x87,0x00,0x00,
    0x00,0x00,0x00,0x00,0x00,0x00,0x00,0x00,0x00,0x00,0x00,0x00,0x00,0x00,0x00,0x00,
    0x00,0x00,0x00,0x00,0x00,0x00,0x00,0x00,0x00,0x00,0x00,0x00,0x00,0x00,0x00,0x00,
    0x00,0x00,0x00,0x00,0x00,0x00,0x00,0x00,0x00,0x00,0x00,0x00,0x00,0x00,0x00,0x00,
    0x6b,0x5d,0x00,0x00,0x8a,0x55,0xeb,0x55,0x6a,0x4d,0x8a,0x4d,0x8a,0x4d,0x8a,0x4d,
    0x8a,0x4d,0x8a,0x4d,0x8a,0x4d,0x8a,0x4d,0x8a,0x4d,0x8a,0x4d,0x8a,0x4d,0x8a,0x4d,
    0x8a,0x4d,0x8a,0x4d,0x8a,0x4d,0x8a,0x4d,0x8a,0x4d,0x8a,0x4d,0x8a,0x4d,0x8a,0x4d,
    0x8a,0x4d,0x8a,0x4d,0x8a,0x4d,0x8a,0x4d,0x8a,0x4d,0x8a,0x4d,0x8a,0x4d,0x8a,0x4d,
    0x8a,0x4d,0x8a,0x4d,0x8a,0x4d,0x8a,0x4d,0x8a,0x4d,0x8a,0x4d,0x8a,0x4d,0x8a,0x4d,
    0x8a,0x4d,0x8a,0x4d,0x8a,0x4d,0x8a,0x4d,0x8a,0x4d,0x8a,0x4d,0x8a,0x4d,0x8a,0x4d,
    0x8a,0x4d,0x8a,0x4d,0x8a,0x4d,0x8a,0x4d,0x8a,0x4d,0x8a,0x4d,0x8a,0x4d,0x8a,0x4d,
    0x8a,0x4d,0x8a,0x4d,0x8a,0x4d,0x8a,0x4d,0x8a,0x4d,0x8a,0x4d,0x8a,0x4d,0x8a,0x4d,
    0x8a,0x4d,0x8a,0x4d,0x8a,0x4d,0x8a,0x4d,0x8a,0x4d,0x8a,0x4d,0x8a,0x4d,0x8a,0x4d,
    0x8a,0x4d,0x8a,0x4d,0x8a,0x4d,0x8a,0x4d,0x8a,0x4d,0x8a,0x4d,0x8a,0x4d,0x8a,0x4d,
    0x8a,0x4d,0x8a,0x4d,0x8a,0x4d,0x8a,0x4d,0x8a,0x4d,0x8a,0x4d,0x8a,0x4d,0x8a,0x4d,
    0x8a,0x4d,0x8a,0x4d,0x8a,0x4d,0x8a,0x4d,0x8a,0x4d,0x8a,0x4d,0x8a,0x4d,0x8a,0x4d,
    0x8a,0x4d,0x8a,0x4d,0x8a,0x4d,0x8a,0x4d,0x8a,0x4d,0x8a,0x4d,0x8a,0x4d,0x8a,0x4d,
    0x8a,0x4d,0x8a,0x4d,0x8a,0x4d,0x8a,0x4d,0x8a,0x4d,0x8a,0x4d,0x8a,0x4d,0x8a,0x4d,
    0x8a,0x4d,0x8a,0x4d,0x8a,0x4d,0x8a,0x4d,0x8a,0x4d,0x8a,0x4d,0x8a,0x4d,0x8a,0x4d,
    0x8a,0x4d,0x8a,0x4d,0x8a,0x4d,0x8a,0x4d,0x8a,0x4d,0x8a,0x4d,0xeb,0x55,0x8a,0x4d,
    0x00,0x00,0x6b,0x5d,0x00,0x00,0x00,0x00,0x00,0x00,0x00,0x00,0x00,0x00,0x00,0x00,
    0x00,0x00,0x00,0x00,0x00,0x00,0x00,0x00,0x00,0x00,0x00,0x00,0x00,0x00,0x00,0x00,
    0x00,0x00,0x00,0x00,0x00,0x00,0x00,0x00,0x00,0x00,0x00,0x00,0x00,0x00,0x00,0x00,
    0x00,0x00,0xeb,0x5f,0x00,0x00,0x8a,0x55,0xca,0x55,0x8a,0x4d,0x8a,0x4d,0x8a,0x4d,
    0x8a,0x4d,0x8a,0x4d,0x8a,0x4d,0x8a,0x4d,0x8a,0x4d,0x8a,0x4d,0x8a,0x4d,0x8a,0x4d,
    0x8a,0x4d,0x8a,0x4d,0x8a,0x4d,0x8a,0x4d,0x8a,0x4d,0x8a,0x4d,0x8a,0x4d,0x8a,0x4d,
    0x8a,0x4d,0x8a,0x4d,0x8a,0x4d,0x8a,0x4d,0x8a,0x4d,0x8a,0x4d,0x8a,0x4d,0x8a,0x4d,
    0x8a,0x4d,0x8a,0x4d,0x8a,0x4d,0x8a,0x4d,0x8a,0x4d,0x8a,0x4d,0x8a,0x4d,0x8a,0x4d,
    0x8a,0x4d,0x8a,0x4d,0x8a,0x4d,0x8a,0x4d,0x8a,0x4d,0x8a,0x4d,0x8a,0x4d,0x8a,0x4d,
    0x8a,0x4d,0x8a,0x4d,0x8a,0x4d,0x8a,0x4d,0x8a,0x4d,0x8a,0x4d,0x8a,0x4d,0x8a,0x4d,
    0x8a,0x4d,0x8a,0x4d,0x8a,0x4d,0x8a,0x4d,0x8a,0x4d,0x8a,0x4d,0x8a,0x4d,0x8a,0x4d,
    0x8a,0x4d,0x8a,0x4d,0x8a,0x4d,0x8a,0x4d,0x8a,0x4d,0x8a,0x4d,0x8a,0x4d,0x8a,0x4d,
    0x8a,0x4d,0x8a,0x4d,0x8a,0x4d,0x8a,0x4d,0x8a,0x4d,0x8a,0x4d,0x8a,0x4d,0x8a,0x4d,
    0x8a,0x4d,0x8a,0x4d,0x8a,0x4d,0x8a,0x4d,0x8a,0x4d,0x8a,0x4d,0x8a,0x4d,0x8a,0x4d,
    0x8a,0x4d,0x8a,0x4d,0x8a,0x4d,0x8a,0x4d,0x8a,0x4d,0x8a,0x4d,0x8a,0x4d,0x8a,0x4d,
    0x8a,0x4d,0x8a,0x4d,0x8a,0x4d,0x8a,0x4d,0x8a,0x4d,0x8a,0x4d,0x8a,0x4d,0x8a,0x4d,
    0x8a,0x4d,0x8a,0x4d,0x8a,0x4d,0x8a,0x4d,0x8a,0x4d,0x8a,0x4d,0x8a,0x4d,0x8a,0x4d,
    0x8a,0x4d,0x8a,0x4d,0x8a,0x4d,0x8a,0x4d,0x8a,0x4d,0x8a,0x4d,0x8a,0x4d,0x8a,0x4d,
    0x8a,0x4d,0x8a,0x4d,0x8a,0x4d,0x8a,0x4d,0x8a,0x4d,0x8a,0x4d,0x8a,0x4d,0x8a,0x4d,
    0x8a,0x4d,0xca,0x55,0x8a,0x4d,0x00,0x00,0x08,0x46,0x00,0x00,0x00,0x00,0x00,0x00,
    0x00,0x00,0x00,0x00,0x00,0x00,0x00,0x00,0x00,0x00,0x00,0x00,0x00,0x00,0x00,0x00,
    0x00,0x00,0x00,0x00,0x00,0x00,0x00,0x00,0x00,0x00,0x00,0x00,0x00,0x00,0x00,0x00,
    0x00,0x00,0x00,0x00,0x6b,0x5d,0x00,0x00,0x6a,0x4d,0xaa,0x55,0x8a,0x4d,0x6a,0x4d,
    0x8a,0x4d,0x8a,0x4d,0x8a,0x4d,0x8a,0x4d,0x8a,0x4d,0x8a,0x4d,0x8a,0x4d,0x8a,0x4d,
    0x8a,0x4d,0x8a,0x4d,0x8a,0x4d,0x8a,0x4d,0x8a,0x4d,0x8a,0x4d,0x8a,0x4d,0x8a,0x4d,
    0x8a,0x4d,0x8a,0x4d,0x8a,0x4d,0x8a,0x4d,0x8a,0x4d,0x8a,0x4d,0x8a,0x4d,0x8a,0x4d,
    0x8a,0x4d,0x8a,0x4d,0x8a,0x4d,0x8a,0x4d,0x8a,0x4d,0x8a,0x4d,0x8a,0x4d,0x8a,0x4d,
    0x8a,0x4d,0x8a,0x4d,0x8a,0x4d,0x8a,0x4d,0x8a,0x4d,0x8a,0x4d,0x8a,0x4d,0x8a,0x4d,
    0x8a,0x4d,0x8a,0x4d,0x8a,0x4d,0x8a,0x4d,0x8a,0x4d,0x8a,0x4d,0x8a,0x4d,0x8a,0x4d,
    0x8a,0x4d,0x8a,0x4d,0x8a,0x4d,0x8a,0x4d,0x8a,0x4d,0x8a,0x4d,0x8a,0x4d,0x8a,0x4d,
    0x8a,0x4d,0x8a,0x4d,0x8a,0x4d,0x8a,0x4d,0x8a,0x4d,0x8a,0x4d,0x8a,0x4d,0x8a,0x4d,
    0x8a,0x4d,0x8a,0x4d,0x8a,0x4d,0x8a,0x4d,0x8a,0x4d,0x8a,0x4d,0x8a,0x4d,0x8a,0x4d,
    0x8a,0x4d,0x8a,0x4d,0x8a,0x4d,0x8a,0x4d,0x8a,0x4d,0x8a,0x4d,0x8a,0x4d,0x8a,0x4d,
    0x8a,0x4d,0x8a,0x4d,0x8a,0x4d,0x8a,0x4d,0x8a,0x4d,0x8a,0x4d,0x8a,0x4d,0x8a,0x4d,
    0x8a,0x4d,0x8a,0x4d,0x8a,0x4d,0x8a,0x4d,0x8a,0x4d,0x8a,0x4d,0x8a,0x4d,0x8a,0x4d,
    0x8a,0x4d,0x8a,0x4d,0x8a,0x4d,0x8a,0x4d,0x8a,0x4d,0x8a,0x4d,0x8a,0x4d,0x8a,0x4d,
    0x8a,0x4d,0x8a,0x4d,0x8a,0x4d,0x8a,0x4d,0x8a,0x4d,0x8a,0x4d,0x8a,0x4d,0x8a,0x4d,
    0x8a,0x4d,0x8a,0x4d,0x8a,0x4d,0x8a,0x4d,0x8a,0x4d,0x8a,0x4d,0x8a,0x4d,0x8a,0x4d,
    0x8a,0x4d,0x8a,0x4d,0x6a,0x4d,0x8a,0x4d,0xaa,0x55,0x6a,0x4d,0x00,0x00,0x6b,0x5d,
    0x00,0x00,0x00,0x00,0x00,0x00,0x00,0x00,0x00,0x00,0x00,0x00,0x00,0x00,0x00,0x00,
    0x00,0x00,0x00,0x00,0x00,0x00,0x00,0x00,0x00,0x00,0x00,0x00,0x00,0x00,0x00,0x00,
    0x00,0x00,0x00,0x00,0x00,0x00,0x10,0x84,0x00,0x00,0x69,0x4d,0xaa,0x55,0xaa,0x55,
    0x6a,0x4d,0x8a,0x4d,0x8a,0x4d,0x8a,0x4d,0x8a,0x4d,0x8a,0x4d,0x8a,0x4d,0x8a,0x4d,
    0x8a,0x4d,0x8a,0x4d,0x8a,0x4d,0x8a,0x4d,0x8a,0x4d,0x8a,0x4d,0x8a,0x4d,0x8a,0x4d,
    0x8a,0x4d,0x8a,0x4d,0x8a,0x4d,0x8a,0x4d,0x8a,0x4d,0x8a,0x4d,0x8a,0x4d,0x8a,0x4d,
    0x8a,0x4d,0x8a,0x4d,0x8a,0x4d,0x8a,0x4d,0x8a,0x4d,0x8a,0x4d,0x8a,0x4d,0x8a,0x4d,
    0x8a,0x4d,0x8a,0x4d,0x8a,0x4d,0x8a,0x4d,0x8a,0x4d,0x8a,0x4d,0x8a,0x4d,0x8a,0x4d,
    0x8a,0x4d,0x8a,0x4d,0x8a,0x4d,0x8a,0x4d,0x8a,0x4d,0x8a,0x4d,0x8a,0x4d,0x8a,0x4d,
    0x8a,0x4d,0x8a,0x4d,0x8a,0x4d,0x8a,0x4d,0x8a,0x4d,0x8a,0x4d,0x8a,0x4d,0x8a,0x4d,
    0x8a,0x4d,0x8a,0x4d,0x8a,0x4d,0x8a,0x4d,0x8a,0x4d,0x8a,0x4d,0x8a,0x4d,0x8a,0x4d,
    0x8a,0x4d,0x8a,0x4d,0x8a,0x4d,0x8a,0x4d,0x8a,0x4d,0x8a,0x4d,0x8a,0x4d,0x8a,0x4d,
    0x8a,0x4d,0x8a,0x4d,0x8a,0x4d,0x8a,0x4d,0x8a,0x4d,0x8a,0x4d,0x8a,0x4d,0x8a,0x4d,
    0x8a,0x4d,0x8a,0x4d,0x8a,0x4d,0x8a,0x4d,0x8a,0x4d,0x8a,0x4d,0x8a,0x4d,0x8a,0x4d,
    0x8a,0x4d,0x8a,0x4d,0x8a,0x4d,0x8a,0x4d,0x8a,0x4d,0x8a,0x4d,0x8a,0x4d,0x8a,0x4d,
    0x8a,0x4d,0x8a,0x4d,0x8a,0x4d,0x8a,0x4d,0x8a,0x4d,0x8a,0x4d,0x8a,0x4d,0x8a,0x4d,
    0x8a,0x4d,0x8a,0x4d,0x8a,0x4d,0x8a,0x4d,0x8a,0x4d,0x8a,0x4d,0x8a,0x4d,0x8a,0x4d,
    0x8a,0x4d,0x8a,0x4d,0x8a,0x4d,0x8a,0x4d,0x8a,0x4d,0x8a,0x4d,0x8a,0x4d,0x8a,0x4d,
    0x8a,0x4d,0x8a,0x4d,0x8a,0x4d,0x8a,0x4d,0x8a,0x4d,0x6a,0x4d,0xaa,0x55,0x8a,0x55,
    0x69,0x4d,0x00,0x00,0x00,0x04,0x00,0x00,0x00,0x00,0x00,0x00,0x00,0x00,0x00,0x00,
    0x00,0x00,0x00,0x00,0x00,0x00,0x00,0x00,0x00,0x00,0x00,0x00,0x00,0x00,0x00,0x00,
    0x00,0x00,0x00,0x00,0x00,0x00,0x00,0x00,0x00,0x00,0xe0,0x07,0x00,0x04,0xaa,0x55,
    0xca,0x55,0x6a,0x4d,0x8a,0x4d,0x8a,0x4d,0x8a,0x4d,0x8a,0x4d,0x8a,0x4d,0x8a,0x4d,
    0x8a,0x4d,0x8a,0x4d,0x8a,0x4d,0x8a,0x4d,0x8a,0x4d,0x8a,0x4d,0x8a,0x4d,0x8a,0x4d,
    0x8a,0x4d,0x8a,0x4d,0x8a,0x4d,0x8a,0x4d,0x8a,0x4d,0x8a,0x4d,0x8a,0x4d,0x8a,0x4d,
    0x8a,0x4d,0x8a,0x4d,0x8a,0x4d,0x8a,0x4d,0x8a,0x4d,0x8a,0x4d,0x8a,0x4d,0x8a,0x4d,
    0x8a,0x4d,0x8a,0x4d,0x8a,0x4d,0x8a,0x4d,0x8a,0x4d,0x8a,0x4d,0x8a,0x4d,0x8a,0x4d,
    0x8a,0x4d,0x8a,0x4d,0x8a,0x4d,0x8a,0x4d,0x8a,0x4d,0x8a,0x4d,0x8a,0x4d,0x8a,0x4d,
    0x8a,0x4d,0x8a,0x4d,0x8a,0x4d,0x8a,0x4d,0x8a,0x4d,0x8a,0x4d,0x8a,0x4d,0x8a,0x4d,
    0x8a,0x4d,0x8a,0x4d,0x8a,0x4d,0x8a,0x4d,0x8a,0x4d,0x8a,0x4d,0x8a,0x4d,0x8a,0x4d,
    0x8a,0x4d,0x8a,0x4d,0x8a,0x4d,0x8a,0x4d,0x8a,0x4d,0x8a,0x4d,0x8a,0x4d,0x8a,0x4d,
    0x8a,0x4d,0x8a,0x4d,0x8a,0x4d,0x8a,0x4d,0x8a,0x4d,0x8a,0x4d,0x8a,0x4d,0x8a,0x4d,
    0x8a,0x4d,0x8a,0x4d,0x8a,0x4d,0x8a,0x4d,0x8a,0x4d,0x8a,0x4d,0x8a,0x4d,0x8a,0x4d,
    0x8a,0x4d,0x8a,0x4d,0x8a,0x4d,0x8a,0x4d,0x8a,0x4d,0x8a,0x4d,0x8a,0x4d,0x8a,0x4d,
    0x8a,0x4d,0x8a,0x4d,0x8a,0x4d,0x8a,0x4d,0x8a,0x4d,0x8a,0x4d,0x8a,0x4d,0x8a,0x4d,
    0x8a,0x4d,0x8a,0x4d,0x8a,0x4d,0x8a,0x4d,0x8a,0x4d,0x8a,0x4d,0x8a,0x4d,0x8a,0x4d,
    0x8a,0x4d,0x8a,0x4d,0x8a,0x4d,0x8a,0x4d,0x8a,0x4d,0x8a,0x4d,0x8a,0x4d,0x8a,0x4d,
    0x8a,0x4d,0x8a,0x4d,0x8a,0x4d,0x8a,0x4d,0x8a,0x4d,0x8a,0x4d,0x8a,0x4d,0x8a,0x4d,
    0x6a,0x4d,0xcb,0x55,0x8a,0x55,0x00,0x00,0xe0,0x07,0x00,0x00,0x00,0x00,0x00,0x00,
    0x00,0x00,0x00,0x00,0x00,0x00,0x00,0x00,0x00,0x00,0x00,0x00,0x00,0x00,0x00,0x00,
    0x00,0x00,0x00,0x00,0x00,0x00,0x00,0x00,0x00,0x00,0x00,0x00,0x6b,0x5d,0x00,0x00,
    0x8a,0x55,0xeb,0x55,0x8a,0x4d,0x8a,0x4d,0x8a,0x4d,0x8a,0x4d,0x8a,0x4d,0x8a,0x4d,
    0x8a,0x4d,0x8a,0x4d,0x8a,0x4d,0x8a,0x4d,0x8a,0x4d,0x8a,0x4d,0x8a,0x4d,0x8a,0x4d,
    0x8a,0x4d,0x8a,0x4d,0x8a,0x4d,0x8a,0x4d,0x8a,0x4d,0x8a,0x4d,0x8a,0x4d,0x8a,0x4d,
    0x8a,0x4d,0x8a,0x4d,0x8a,0x4d,0x8a,0x4d,0x8a,0x4d,0x8a,0x4d,0x8a,0x4d,0x8a,0x4d,
    0x8a,0x4d,0x8a,0x4d,0x8a,0x4d,0x8a,0x4d,0x8a,0x4d,0x8a,0x4d,0x8a,0x4d,0x8a,0x4d,
    0x8a,0x4d,0x8a,0x4d,0x8a,0x4d,0x8a,0x4d,0x8a,0x4d,0x8a,0x4d,0x8a,0x4d,0x8a,0x4d,
    0x8a,0x4d,0x8a,0x4d,0x8a,0x4d,0x8a,0x4d,0x8a,0x4d,0x8a,0x4d,0x8a,0x4d,0x8a,0x4d,
    0x8a,0x4d,0x8a,0x4d,0x8a,0x4d,0x8a,0x4d,0x8a,0x4d,0x8a,0x4d,0x8a,0x4d,0x8a,0x4d,
    0x8a,0x4d,0x8a,0x4d,0x8a,0x4d,0x8a,0x4d,0x8a,0x4d,0x8a,0x4d,0x8a,0x4d,0x8a,0x4d,
    0x8a,0x4d,0x8a,0x4d,0x8a,0x4d,0x8a,0x4d,0x8a,0x4d,0x8a,0x4d,0x8a,0x4d,0x8a,0x4d,
    0x8a,0x4d,0x8a,0x4d,0x8a,0x4d,0x8a,0x4d,0x8a,0x4d,0x8a,0x4d,0x8a,0x4d,0x8a,0x4d,
    0x8a,0x4d,0x8a,0x4d,0x8a,0x4d,0x8a,0x4d,0x8a,0x4d,0x8a,0x4d,0x8a,0x4d,0x8a,0x4d,
    0x8a,0x4d,0x8a,0x4d,0x8a,0x4d,0x8a,0x4d,0x8a,0x4d,0x8a,0x4d,0x8a,0x4d,0x8a,0x4d,
    0x8a,0x4d,0x8a,0x4d,0x8a,0x4d,0x8a,0x4d,0x8a,0x4d,0x8a,0x4d,0x8a,0x4d,0x8a,0x4d,
    0x8a,0x4d,0x8a,0x4d,0x8a,0x4d,0x8a,0x4d,0x8a,0x4d,0x8a,0x4d,0x8a,0x4d,0x8a,0x4d,
    0x8a,0x4d,0x8a,0x4d,0x8a,0x4d,0x8a,0x4d,0x8a,0x4d,0x8a,0x4d,0x8a,0x4d,0x8a,0x4d,
    0x8a,0x4d,0x8a,0x4d,0x8a,0x4d,0x8a,0x4d,0xeb,0x55,0x8a,0x4d,0x00,0x00,0x08,0x44,
    0x00,0x00,0x00,0x00,0x00,0x00,0x00,0x00,0x00,0x00,0x00,0x00,0x00,0x00,0x00,0x00,
    0x00,0x00,0x00,0x00,0x00,0x00,0x00,0x00,0x00,0x00,0x00,0x00,0x00,0x00,0xf0,0x87,
    0x00,0x00,0x6a,0x55,0x8a,0x55,0x8a,0x4d,0x6a,0x4d,0x8a,0x4d,0x8a,0x4d,0x8a,0x4d,
    0x8a,0x4d,0x8a,0x4d,0x8a,0x4d,0x8a,0x4d,0x8a,0x4d,0x8a,0x4d,0x8a,0x4d,0x8a,0x4d,
    0x8a,0x4d,0x8a,0x4d,0x8a,0x4d,0x8a,0x4d,0x8a,0x4d,0x8a,0x4d,0x8a,0x4d,0x8a,0x4d,
    0x8a,0x4d,0x8a,0x4d,0x8a,0x4d,0x8a,0x4d,0x8a,0x4d,0x8a,0x4d,0x8a,0x4d,0x8a,0x4d,
    0x8a,0x4d,0x8a,0x4d,0x8a,0x4d,0x8a,0x4d,0x8a,0x4d,0x8a,0x4d,0x8a,0x4d,0x8a,0x4d,
    0x8a,0x4d,0x8a,0x4d,0x8a,0x4d,0x8a,0x4d,0x8a,0x4d,0x8a,0x4d,0x8a,0x4d,0x8a,0x4d,
    0x8a,0x4d,0x8a,0x4d,0x8a,0x4d,0x8a,0x4d,0x8a,0x4d,0x8a,0x4d,0x8a,0x4d,0x8a,0x4d,
    0x8a,0x4d,0x8a,0x4d,0x8a,0x4d,0x8a,0x4d,0x8a,0x4d,0x8a,0x4d,0x8a,0x4d,0x8a,0x4d,
    0x8a,0x4d,0x8a,0x4d,0x8a,0x4d,0x8a,0x4d,0x8a,0x4d,0x8a,0x4d,0x8a,0x4d,0x8a,0x4d,
    0x8a,0x4d,0x8a,0x4d,0x8a,0x4d,0x8a,0x4d,0x8a,0x4d,0x8a,0x4d,0x8a,0x4d,0x8a,0x4d,
    0x8a,0x4d,0x8a,0x4d,0x8a,0x4d,0x8a,0x4d,0x8a,0x4d,0x8a,0x4d,0x8a,0x4d,0x8a,0x4d,
    0x8a,0x4d,0x8a,0x4d,0x8a,0x4d,0x8a,0x4d,0x8a,0x4d,0x8a,0x4d,0x8a,0x4d,0x8a,0x4d,
    0x8a,0x4d,0x8a,0x4d,0x8a,0x4d,0x8a,0x4d,0x8a,0x4d,0x8a,0x4d,0x8a,0x4d,0x8a,0x4d,
    0x8a,0x4d,0x8a,0x4d,0x8a,0x4d,0x8a,0x4d,0x8a,0x4d,0x8a,0x4d,0x8a,0x4d,0x8a,0x4d,
    0x8a,0x4d,0x8a,0x4d,0x8a,0x4d,0x8a,0x4d,0x8a,0x4d,0x8a,0x4d,0x8a,0x4d,0x8a,0x4d,
    0x8a,0x4d,0x8a,0x4d,0x8a,0x4d,0x8a,0x4d,0x8a,0x4d,0x8a,0x4d,0x8a,0x4d,0x8a,0x4d,
    0x8a,0x4d,0x8a,0x4d,0x8a,0x4d,0x8a,0x4d,0x8a,0x4d,0x6a,0x4d,0x8a,0x4d,0xaa,0x55,
    0x6a,0x4d,0x00,0x00,0xf0,0x87,0x00,0x00,0x00,0x00,0x00,0x00,0x00,0x00,0x00,0x00,
    0x00,0x00,0x00,0x00,0x00,0x00,0x00,0x00,0x00,0x00,0x00,0x00,0x00,0x00,0x00,0x00,
    0x00,0x00,0x00,0x00,0x6b,0x3d,0xaa,0x55,0xaa,0x55,0x8a,0x4d,0x8a,0x4d,0x8a,0x4d,
    0x8a,0x4d,0x8a,0x4d,0x8a,0x4d,0x8a,0x4d,0x8a,0x4d,0x8a,0x4d,0x8a,0x4d,0x8a,0x4d,
    0x8a,0x4d,0x8a,0x4d,0x8a,0x4d,0x8a,0x4d,0x8a,0x4d,0x8a,0x4d,0x8a,0x4d,0x8a,0x4d,
    0x8a,0x4d,0x8a,0x4d,0x8a,0x4d,0x8a,0x4d,0x8a,0x4d,0x8a,0x4d,0x8a,0x4d,0x8a,0x4d,
    0x8a,0x4d,0x8a,0x4d,0x8a,0x4d,0x8a,0x4d,0x8a,0x4d,0x8a,0x4d,0x8a,0x4d,0x8a,0x4d,
    0x8a,0x4d,0x8a,0x4d,0x8a,0x4d,0x8a,0x4d,0x8a,0x4d,0x8a,0x4d,0x8a,0x4d,0x8a,0x4d,
    0x8a,0x4d,0x8a,0x4d,0x8a,0x4d,0x8a,0x4d,0x8a,0x4d,0x8a,0x4d,0x8a,0x4d,0x8a,0x4d,
    0x8a,0x4d,0x8a,0x4d,0x8a,0x4d,0x8a,0x4d,0x8a,0x4d,0x8a,0x4d,0x8a,0x4d,0x8a,0x4d,
    0x8a,0x4d,0x8a,0x4d,0x8a,0x4d,0x8a,0x4d,0x8a,0x4d,0x8a,0x4d,0x8a,0x4d,0x8a,0x4d,
    0x8a,0x4d,0x8a,0x4d,0x8a,0x4d,0x8a,0x4d,0x8a,0x4d,0x8a,0x4d,0x8a,0x4d,0x8a,0x4d,
    0x8a,0x4d,0x8a,0x4d,0x8a,0x4d,0x8a,0x4d,0x8a,0x4d,0x8a,0x4d,0x8a,0x4d,0x8a,0x4d,
    0x8a,0x4d,0x8a,0x4d,0x8a,0x4d,0x8a,0x4d,0x8a,0x4d,0x8a,0x4d,0x8a,0x4d,0x8a,0x4d,
    0x8a,0x4d,0x8a,0x4d,0x8a,0x4d,0x8a,0x4d,0x8a,0x4d,0x8a,0x4d,0x8a,0x4d,0x8a,0x4d,
    0x8a,0x4d,0x8a,0x4d,0x8a,0x4d,0x8a,0x4d,0x8a,0x4d,0x8a,0x4d,0x8a,0x4d,0x8a,0x4d,
    0x8a,0x4d,0x8a,0x4d,0x8a,0x4d,0x8a,0x4d,0x8a,0x4d,0x8a,0x4d,0x8a,0x4d,0x8a,0x4d,
    0x8a,0x4d,0x8a,0x4d,0x8a,0x4d,0x8a,0x4d,0x8a,0x4d,0x8a,0x4d,0x8a,0x4d,0x8a,0x4d,
    0x8a,0x4d,0x8a,0x4d,0x8a,0x4d,0x8a,0x4d,0x8a,0x4d,0x8a,0x4d,0x8a,0x4d,0x8a,0x4d,
    0x8a,0x4d,0xaa,0x55,0xaa,0x55,0x6b,0x3c,0x00,0x00,0x00,0x00,0x00,0x00,0x00,0x00,
    0x00,0x00,0x00,0x00,0x00,0x00,0x00,0x00,0x00,0x00,0x00,0x00,0x00,0x00,0x00,0x00,
    0x00,0x00,0x00,0x00,0x6b,0x5d,0x00,0x00,0x8a,0x4d,0xeb,0x55,0x6a,0x4d,0x8a,0x4d,
    0x8a,0x4d,0x8a,0x4d,0x8a,0x4d,0x8a,0x4d,0x8a,0x4d,0x8a,0x4d,0x8a,0x4d,0x8a,0x4d,
    0x8a,0x4d,0x8a,0x4d,0x8a,0x4d,0x8a,0x4d,0x8a,0x4d,0x8a,0x4d,0x8a,0x4d,0x8a,0x4d,
    0x8a,0x4d,0x8a,0x4d,0x8a,0x4d,0x8a,0x4d,0x8a,0x4d,0x8a,0x4d,0x8a,0x4d,0x8a,0x4d,
    0x8a,0x4d,0x8a,0x4d,0x8a,0x4d,0x8a,0x4d,0x8a,0x4d,0x8a,0x4d,0x8a,0x4d,0x8a,0x4d,
    0x8a,0x4d,0x8a,0x4d,0x8a,0x4d,0x8a,0x4d,0x8a,0x4d,0x8a,0x4d,0x8a,0x4d,0x8a,0x4d,
    0x8a,0x4d,0x8a,0x4d,0x8a,0x4d,0x8a,0x4d,0x8a,0x4d,0x8a,0x4d,0x8a,0x4d,0x8a,0x4d,
    0x8a,0x4d,0x8a,0x4d,0x8a,0x4d,0x8a,0x4d,0x8a,0x4d,0x8a,0x4d,0x8a,0x4d,0x8a,0x4d,
    0x8a,0x4d,0x8a,0x4d,0x8a,0x4d,0x8a,0x4d,0x8a,0x4d,0x8a,0x4d,0x8a,0x4d,0x8a,0x4d,
    0x8a,0x4d,0x8a,0x4d,0x8a,0x4d,0x8a,0x4d,0x8a,0x4d,0x8a,0x4d,0x8a,0x4d,0x8a,0x4d,
    0x8a,0x4d,0x8a,0x4d,0x8a,0x4d,0x8a,0x4d,0x8a,0x4d,0x8a,0x4d,0x8a,0x4d,0x8a,0x4d,
    0x8a,0x4d,0x8a,0x4d,0x8a,0x4d,0x8a,0x4d,0x8a,0x4d,0x8a,0x4d,0x8a,0x4d,0x8a,0x4d,
    0x8a,0x4d,0x8a,0x4d,0x8a,0x4d,0x8a,0x4d,0x8a,0x4d,0x8a,0x4d,0x8a,0x4d,0x8a,0x4d,
    0x8a,0x4d,0x8a,0x4d,0x8a,0x4d,0x8a,0x4d,0x8a,0x4d,0x8a,0x4d,0x8a,0x4d,0x8a,0x4d,
    0x8a,0x4d,0x8a,0x4d,0x8a,0x4d,0x8a,0x4d,0x8a,0x4d,0x8a,0x4d,0x8a,0x4d,0x8a,0x4d,
    0x8a,0x4d,0x8a,0x4d,0x8a,0x4d,0x8a,0x4d,0x8a,0x4d,0x8a,0x4d,0x8a,0x4d,0x8a,0x4d,
    0x8a,0x4d,0x8a,0x4d,0x8a,0x4d,0x8a,0x4d,0x8a,0x4d,0x8a,0x4d,0x8a,0x4d,0x8a,0x4d,
    0x8a,0x4d,0x8a,0x4d,0x8a,0x4d,0x6a,0x4d,0xeb,0x55,0x8a,0x55,0x00,0x00,0x6b,0x5d,
    0x00,0x00,0x00,0x00,0x00,0x00,0x00,0x00,0x00,0x00,0x00,0x00,0x00,0x00,0x00,0x00,
    0x00,0x00,0x00,0x00,0x00,0x00,0x10,0x84,0x00,0x00,0x69,0x4d,0x8a,0x4d,0x8a,0x55,
    0x6a,0x4d,0x8a,0x4d,0x8a,0x4d,0x8a,0x4d,0x8a,0x4d,0x8a,0x4d,0x8a,0x4d,0x8a,0x4d,
    0x8a,0x4d,0x8a,0x4d,0x8a,0x4d,0x8a,0x4d,0x8a,0x4d,0x8a,0x4d,0x8a,0x4d,0x8a,0x4d,
    0x8a,0x4d,0x8a,0x4d,0x8a,0x4d,0x8a,0x4d,0x8a,0x4d,0x8a,0x4d,0x8a,0x4d,0x8a,0x4d,
    0x8a,0x4d,0x8a,0x4d,0x8a,0x4d,0x8a,0x4d,0x8a,0x4d,0x8a,0x4d,0x8a,0x4d,0x8a,0x4d,
    0x8a,0x4d,0x8a,0x4d,0x8a,0x4d,0x8a,0x4d,0x8a,0x4d,0x8a,0x4d,0x8a,0x4d,0x8a,0x4d,
    0x8a,0x4d,0x8a,0x4d,0x8a,0x4d,0x8a,0x4d,0x8a,0x4d,0x8a,0x4d,0x8a,0x4d,0x8a,0x4d,
    0x8a,0x4d,0x8a,0x4d,0x8a,0x4d,0x8a,0x4d,0x8a,0x4d,0x8a,0x4d,0x8a,0x4d,0x8a,0x4d,
    0x8a,0x4d,0x8a,0x4d,0x8a,0x4d,0x8a,0x4d,0x8a,0x4d,0x8a,0x4d,0x8a,0x4d,0x8a,0x4d,
    0x8a,0x4d,0x8a,0x4d,0x8a,0x4d,0x8a,0x4d,0x8a,0x4d,0x8a,0x4d,0x8a,0x4d,0x8a,0x4d,
    0x8a,0x4d,0x8a,0x4d,0x8a,0x4d,0x8a,0x4d,0x8a,0x4d,0x8a,0x4d,0x8a,0x4d,0x8a,0x4d,
    0x8a,0x4d,0x8a,0x4d,0x8a,0x4d,0x8a,0x4d,0x8a,0x4d,0x8a,0x4d,0x8a,0x4d,0x8a,0x4d,
    0x8a,0x4d,0x8a,0x4d,0x8a,0x4d,0x8a,0x4d,0x8a,0x4d,0x8a,0x4d,0x8a,0x4d,0x8a,0x4d,
    0x8a,0x4d,0x8a,0x4d,0x8a,0x4d,0x8a,0x4d,0x8a,0x4d,0x8a,0x4d,0x8a,0x4d,0x8a,0x4d,
    0x8a,0x4d,0x8a,0x4d,0x8a,0x4d,0x8a,0x4d,0x8a,0x4d,0x8a,0x4d,0x8a,0x4d,0x8a,0x4d,
    0x8a,0x4d,0x8a,0x4d,0x8a,0x4d,0x8a,0x4d,0x8a,0x4d,0x8a,0x4d,0x8a,0x4d,0x8a,0x4d,
    0x8a,0x4d,0x8a,0x4d,0x8a,0x4d,0x8a,0x4d,0x8a,0x4d,0x8a,0x4d,0x8a,0x4d,0x8a,0x4d,
    0x8a,0x4d,0x8a,0x4d,0x8a,0x4d,0x8a,0x4d,0x8a,0x4d,0x6a,0x4d,0x8a,0x55,0x8a,0x55,
    0x6a,0x55,0x00,0x00,0x10,0x84,0x00,0x00,0x00,0x00,0x00,0x00,0x00,0x00,0x00,0x00,
    0x00,0x00,0x00,0x00,0x00,0x00,0x00,0x00,0x00,0x00,0x10,0x84,0x00,0x00,0x8a,0x55,
    0xcb,0x55,0x6a,0x4d,0x8a,0x4d,0x8a,0x4d,0x8a,0x4d,0x8a,0x4d,0x8a,0x4d,0x8a,0x4d,
    0x8a,0x4d,0x8a,0x4d,0x8a,0x4d,0x8a,0x4d,0x8a,0x4d,0x8a,0x4d,0x8a,0x4d,0x8a,0x4d,
    0x8a,0x4d,0x8a,0x4d,0x8a,0x4d,0x8a,0x4d,0x8a,0x4d,0x8a,0x4d,0x8a,0x4d,0x8a,0x4d,
    0x8a,0x4d,0x8a,0x4d,0x8a,0x4d,0x8a,0x4d,0x8a,0x4d,0x8a,0x4d,0x8a,0x4d,0x8a,0x4d,
    0x8a,0x4d,0x8a,0x4d,0x8a,0x4d,0x8a,0x4d,0x8a,0x4d,0x8a,0x4d,0x8a,0x4d,0x8a,0x4d,
    0x8a,0x4d,0x8a,0x4d,0x8a,0x4d,0x8a,0x4d,0x8a,0x4d,0x8a,0x4d,0x8a,0x4d,0x8a,0x4d,
    0x8a,0x4d,0x8a,0x4d,0x8a,0x4d,0x8a,0x4d,0x8a,0x4d,0x8a,0x4d,0x8a,0x4d,0x8a,0x4d,
    0x8a,0x4d,0x8a,0x4d,0x8a,0x4d,0x8a,0x4d,0x8a,0x4d,0x8a,0x4d,0x8a,0x4d,0x8a,0x4d,
    0x8a,0x4d,0x8a,0x4d,0x8a,0x4d,0x8a,0x4d,0x8a,0x4d,0x8a,0x4d,0x8a,0x4d,0x8a,0x4d,
    0x8a,0x4d,0x8a,0x4d,0x8a,0x4d,0x8a,0x4d,0x8a,0x4d,0x8a,0x4d,0x8a,0x4d,0x8a,0x4d,
    0x8a,0x4d,0x8a,0x4d,0x8a,0x4d,0x8a,0x4d,0x8a,0x4d,0x8a,0x4d,0x8a,0x4d,0x8a,0x4d,
    0x8a,0x4d,0x8a,0x4d,0x8a,0x4d,0x8a,0x4d,0x8a,0x4d,0x8a,0x4d,0x8a,0x4d,0x8a,0x4d,
    0x8a,0x4d,0x8a,0x4d,0x8a,0x4d,0x8a,0x4d,0x8a,0x4d,0x8a,0x4d,0x8a,0x4d,0x8a,0x4d,
    0x8a,0x4d,0x8a,0x4d,0x8a,0x4d,0x8a,0x4d,0x8a,0x4d,0x8a,0x4d,0x8a,0x4d,0x8a,0x4d,
    0x8a,0x4d,0x8a,0x4d,0x8a,0x4d,0x8a,0x4d,0x8a,0x4d,0x8a,0x4d,0x8a,0x4d,0x8a,0x4d,
    0x8a,0x4d,0x8a,0x4d,0x8a,0x4d,0x8a,0x4d,0x8a,0x4d,0x8a,0x4d,0x8a,0x4d,0x8a,0x4d,
    0x8a,0x4d,0x8a,0x4d,0x8a,0x4d,0x8a,0x4d,0x8a,0x4d,0x8a,0x4d,0x8a,0x4d,0x8a,0x4d,
    0x6a,0x4d,0xcb,0x55,0x8a,0x4d,0x00,0x00,0x10,0x84,0x00,0x00,0x00,0x00,0x00,0x00,
    0x00,0x00,0x00,0x00,0x00,0x00,0x00,0x00,0x00,0x00,0x00,0x00,0x6b,0x5d,0x00,0x00,
    0x8a,0x4d,0xaa,0x55,0x8a,0x4d,0x8a,0x4d,0x8a,0x4d,0x8a,0x4d,0x8a,0x4d,0x8a,0x4d,
    0x8a,0x4d,0x8a,0x4d,0x8a,0x4d,0x8a,0x4d,0x8a,0x4d,0x8a,0x4d,0x8a,0x4d,0x8a,0x4d,
    0x8a,0x4d,0x8a,0x4d,0x8a,0x4d,0x8a,0x4d,0x8a,0x4d,0x8a,0x4d,0x8a,0x4d,0x8a,0x4d,
    0x8a,0x4d,0x8a,0x4d,0x8a,0x4d,0x8a,0x4d,0x8a,0x4d,0x8a,0x4d,0x8a,0x4d,0x8a,0x4d,
    0x8a,0x4d,0x8a,0x4d,0x8a,0x4d,0x8a,0x4d,0x8a,0x4d,0x8a,0x4d,0x8a,0x4d,0x8a,0x4d,
    0x8a,0x4d,0x8a,0x4d,0x8a,0x4d,0x8a,0x4d,0x8a,0x4d,0x8a,0x4d,0x8a,0x4d,0x8a,0x4d,
    0x8a,0x4d,0x8a,0x4d,0x8a,0x4d,0x8a,0x4d,0x8a,0x4d,0x8a,0x4d,0x8a,0x4d,0x8a,0x4d,
    0x8a,0x4d,0x8a,0x4d,0x8a,0x4d,0x8a,0x4d,0x8a,0x4d,0x8a,0x4d,0x8a,0x4d,0x8a,0x4d,
    0x8a,0x4d,0x8a,0x4d,0x8a,0x4d,0x8a,0x4d,0x8a,0x4d,0x8a,0x4d,0x8a,0x4d,0x8a,0x4d,
    0x8a,0x4d,0x8a,0x4d,0x8a,0x4d,0x8a,0x4d,0x8a,0x4d,0x8a,0x4d,0x8a,0x4d,0x8a,0x4d,
    0x8a,0x4d,0x8a,0x4d,0x8a,0x4d,0x8a,0x4d,0x8a,0x4d,0x8a,0x4d,0x8a,0x4d,0x8a,0x4d,
    0x8a,0x4d,0x8a,0x4d,0x8a,0x4d,0x8a,0x4d,0x8a,0x4d,0x8a,0x4d,0x8a,0x4d,0x8a,0x4d,
    0x8a,0x4d,0x8a,0x4d,0x8a,0x4d,0x8a,0x4d,0x8a,0x4d,0x8a,0x4d,0x8a,0x4d,0x8a,0x4d,
    0x8a,0x4d,0x8a,0x4d,0x8a,0x4d,0x8a,0x4d,0x8a,0x4d,0x8a,0x4d,0x8a,0x4d,0x8a,0x4d,
    0x8a,0x4d,0x8a,0x4d,0x8a,0x4d,0x8a,0x4d,0x8a,0x4d,0x8a,0x4d,0x8a,0x4d,0x8a,0x4d,
    0x8a,0x4d,0x8a,0x4d,0x8a,0x4d,0x8a,0x4d,0x8a,0x4d,0x8a,0x4d,0x8a,0x4d,0x8a,0x4d,
    0x8a,0x4d,0x8a,0x4d,0x8a,0x4d,0x8a,0x4d,0x8a,0x4d,0x8a,0x4d,0x8a,0x4d,0x8a,0x4d,
    0x8a,0x4d,0x8a,0x4d,0x8a,0x4d,0x8a,0x4d,0xaa,0x55,0x6a,0x4d,0x00,0x00,0x6b,0x5d,
    0x00,0x00,0x00,0x00,0x00,0x00,0x00,0x00,0x00,0x00,0x00,0x00,0x00,0x00,0x00,0x00,
    0xe0,0x07,0x00,0x00,0x8a,0x55,0xca,0x55,0x8a,0x4d,0x8a,0x4d,0x8a,0x4d,0x8a,0x4d,
    0x8a,0x4d,0x8a,0x4d,0x8a,0x4d,0x8a,0x4d,0x8a,0x4d,0x8a,0x4d,0x8a,0x4d,0x8a,0x4d,
    0x8a,0x4d,0x8a,0x4d,0x8a,0x4d,0x8a,0x4d,0x8a,0x4d,0x8a,0x4d,0x8a,0x4d,0x8a,0x4d,
    0x8a,0x4d,0x8a,0x4d,0x8a,0x4d,0x8a,0x4d,0x8a,0x4d,0x8a,0x4d,0x8a,0x4d,0x8a,0x4d,
    0x8a,0x4d,0x8a,0x4d,0x8a,0x4d,0x8a,0x4d,0x8a,0x4d,0x8a,0x4d,0x8a,0x4d,0x8a,0x4d,
    0x8a,0x4d,0x8a,0x4d,0x8a,0x4d,0x8a,0x4d,0x8a,0x4d,0x8a,0x4d,0x8a,0x4d,0x8a,0x4d,
    0x8a,0x4d,0x8a,0x4d,0x8a,0x4d,0x8a,0x4d,0x8a,0x4d,0x8a,0x4d,0x8a,0x4d,0x8a,0x4d,
    0x8a,0x4d,0x8a,0x4d,0x8a,0x4d,0x8a,0x4d,0x8a,0x4d,0x8a,0x4d,0x8a,0x4d,0x8a,0x4d,
    0x8a,0x4d,0x8a,0x4d,0x8a,0x4d,0x8a,0x4d,0x8a,0x4d,0x8a,0x4d,0x8a,0x4d,0x8a,0x4d,
    0x8a,0x4d,0x8a,0x4d,0x8a,0x4d,0x8a,0x4d,0x8a,0x4d,0x8a,0x4d,0x8a,0x4d,0x8a,0x4d,
    0x8a,0x4d,0x8a,0x4d,0x8a,0x4d,0x8a,0x4d,0x8a,0x4d,0x8a,0x4d,0x8a,0x4d,0x8a,0x4d,
    0x8a,0x4d,0x8a,0x4d,0x8a,0x4d,0x8a,0x4d,0x8a,0x4d,0x8a,0x4d,0x8a,0x4d,0x8a,0x4d,
    0x8a,0x4d,0x8a,0x4d,0x8a,0x4d,0x8a,0x4d,0x8a,0x4d,0x8a,0x4d,0x8a,0x4d,0x8a,0x4d,
    0x8a,0x4d,0x8a,0x4d,0x8a,0x55,0x8a,0x55,0x8a,0x4d,0x8a,0x4d,0x8a,0x4d,0x8a,0x4d,
    0x8a,0x4d,0x8a,0x4d,0x8a,0x4d,0x8a,0x4d,0x8a,0x4d,0x8a,0x4d,0x8a,0x4d,0x8a,0x4d,
    0x8a,0x4d,0x8a,0x4d,0x8a,0x4d,0x8a,0x4d,0x8a,0x4d,0x8a,0x4d,0x8a,0x4d,0x8a,0x4d,
    0x8a,0x4d,0x8a,0x4d,0x8a,0x4d,0x8a,0x4d,0x8a,0x4d,0x8a,0x4d,0x8a,0x4d,0x8a,0x4d,
    0x8a,0x4d,0x8a,0x4d,0x8a,0x4d,0x8a,0x4d,0x8a,0x4d,0x8a,0x4d,0xca,0x55,0x8a,0x55,
    0x00,0x00,0xe0,0x07,0x00,0x00,0x00,0x00,0x00,0x00,0x00,0x00,0x00,0x00,0x00,0x00,
    0x00,0x00,0x6b,0x5d,0x00,0x00,0x8a,0x4d,0xca,0x55,0x6a,0x4d,0x8a,0x4d,0x8a,0x4d,
    0x8a,0x4d,0x8a,0x4d,0x8a,0x4d,0x8a,0x4d,0x8a,0x4d,0x8a,0x4d,0x8a,0x4d,0x8a,0x4d,
    0x8a,0x4d,0x8a,0x4d,0x8a,0x4d,0x8a,0x4d,0x8a,0x4d,0x8a,0x4d,0x8a,0x4d,0x8a,0x4d,
    0x8a,0x4d,0x8a,0x4d,0x8a,0x4d,0x8a,0x4d,0x8a,0x4d,0x8a,0x4d,0x8a,0x4d,0x8a,0x4d,
    0x8a,0x4d,0x8a,0x4d,0x8a,0x4d,0x8a,0x4d,0x8a,0x4d,0x8a,0x4d,0x8a,0x4d,0x8a,0x4d,
    0x8a,0x4d,0x8a,0x4d,0x8a,0x4d,0x8a,0x4d,0x8a,0x4d,0x8a,0x4d,0x8a,0x4d,0x8a,0x4d,
    0x8a,0x4d,0x8a,0x4d,0x8a,0x4d,0x8a,0x4d,0x8a,0x4d,0x8a,0x4d,0x8a,0x4d,0x8a,0x4d,
    0x8a,0x4d,0x8a,0x4d,0x8a,0x4d,0x8a,0x4d,0x8a,0x4d,0x8a,0x4d,0x8a,0x4d,0x8a,0x4d,
    0x8a,0x4d,0x8a,0x4d,0x8a,0x4d,0x8a,0x4d,0x8a,0x4d,0x8a,0x4d,0x8a,0x4d,0x8a,0x4d,
    0x8a,0x4d,0x8a,0x4d,0x8a,0x4d,0x8a,0x4d,0x8a,0x4d,0x8a,0x4d,0x8a,0x4d,0x8a,0x4d,
    0x8a,0x4d,0x8a,0x4d,0x8a,0x4d,0x8a,0x4d,0x8a,0x4d,0x8a,0x4d,0x8a,0x4d,0x8a,0x4d,
    0x8a,0x4d,0x8a,0x4d,0x8a,0x4d,0x8a,0x4d,0x8a,0x4d,0x8a,0x4d,0x8a,0x4d,0x8a,0x4d,
    0x8a,0x4d,0x8a,0x4d,0x8a,0x4d,0x8a,0x4d,0x8a,0x4d,0x8a,0x4d,0x8a,0x4d,0x8a,0x4d,
    0x8a,0x4d,0x8a,0x55,0x8a,0x55,0x6a,0x4d,0x69,0x4d,0x69,0x4d,0x8a,0x4d,0x8a,0x55,
    0x8a,0x4d,0x8a,0x4d,0x8a,0x4d,0x8a,0x4d,0x8a,0x4d,0x8a,0x4d,0x8a,0x4d,0x8a,0x4d,
    0x8a,0x4d,0x8a,0x4d,0x8a,0x4d,0x8a,0x4d,0x8a,0x4d,0x8a,0x4d,0x8a,0x4d,0x8a,0x4d,
    0x8a,0x4d,0x8a,0x4d,0x8a,0x4d,0x8a,0x4d,0x8a,0x4d,0x8a,0x4d,0x8a,0x4d,0x8a,0x4d,
    0x8a,0x4d,0x8a,0x4d,0x8a,0x4d,0x8a,0x4d,0x8a,0x4d,0x8a,0x4d,0x8a,0x4d,0x8a,0x4d,
    0x6a,0x4d,0xaa,0x55,0x8a,0x4d,0x00,0x00,0x6b,0x5d,0x00,0x00,0x00,0x00,0x00,0x00,
    0x00,0x00,0x00,0x00,0x00,0x00,0xe0,0x07,0x00,0x00,0x8a,0x4d,0xca,0x55,0x8a,0x4d,
    0x8a,0x4d,0x8a,0x4d,0x8a,0x4d,0x8a,0x4d,0x8a,0x4d,0x8a,0x4d,0x8a,0x4d,0x8a,0x4d,
    0x8a,0x4d,0x8a,0x4d,0x8a,0x4d,0x8a,0x4d,0x8a,0x4d,0x8a,0x4d,0x8a,0x4d,0x8a,0x4d,
    0x8a,0x4d,0x8a,0x4d,0x8a,0x4d,0x8a,0x4d,0x8a,0x4d,0x8a,0x4d,0x8a,0x4d,0x8a,0x4d,
    0x8a,0x4d,0x8a,0x4d,0x8a,0x4d,0x8a,0x4d,0x8a,0x4d,0x8a,0x4d,0x8a,0x4d,0x8a,0x4d,
    0x8a,0x4d,0x8a,0x4d,0x8a,0x4d,0x8a,0x4d,0x8a,0x4d,0x8a,0x4d,0x8a,0x4d,0x8a,0x4d,
    0x8a,0x4d,0x8a,0x4d,0x8a,0x4d,0x8a,0x4d,0x8a,0x4d,0x8a,0x4d,0x8a,0x4d,0x8a,0x4d,
    0x8a,0x4d,0x8a,0x4d,0x8a,0x4d,0x8a,0x4d,0x8a,0x4d,0x8a,0x4d,0x8a,0x4d,0x8a,0x4d,
    0x8a,0x4d,0x8a,0x4d,0x8a,0x4d,0x8a,0x4d,0x8a,0x4d,0x8a,0x4d,0x8a,0x4d,0x8a,0x4d,
    0x8a,0x4d,0x8a,0x4d,0x8a,0x4d,0x8a,0x4d,0x8a,0x4d,0x8a,0x4d,0x8a,0x4d,0x8a,0x4d,
    0x8a,0x4d,0x8a,0x4d,0x8a,0x4d,0x8a,0x4d,0x8a,0x4d,0x8a,0x4d,0x8a,0x4d,0x8a,0x4d,
    0x8a,0x4d,0x8a,0x4d,0x8a,0x4d,0x8a,0x4d,0x8a,0x4d,0x8a,0x4d,0x8a,0x4d,0x8a,0x4d,
    0x8a,0x4d,0x8a,0x4d,0x8a,0x4d,0x8a,0x4d,0x8a,0x4d,0x8a,0x4d,0x8a,0x4d,0x8a,0x4d,
    0x8a,0x4d,0x8a,0x4d,0x8a,0x55,0x6a,0x4d,0x49,0x45,0x8b,0x55,0xcd,0x65,0xcc,0x65,
    0x6a,0x4d,0x49,0x45,0x8a,0x4d,0x8a,0x55,0x8a,0x4d,0x8a,0x4d,0x8a,0x4d,0x8a,0x4d,
    0x8a,0x4d,0x8a,0x4d,0x8a,0x4d,0x8a,0x4d,0x8a,0x4d,0x8a,0x4d,0x8a,0x4d,0x8a,0x4d,
    0x8a,0x4d,0x8a,0x4d,0x8a,0x4d,0x8a,0x4d,0x8a,0x4d,0x8a,0x4d,0x8a,0x4d,0x8a,0x4d,
    0x8a,0x4d,0x8a,0x4d,0x8a,0x4d,0x8a,0x4d,0x8a,0x4d,0x8a,0x4d,0x8a,0x4d,0x8a,0x4d,
    0x8a,0x4d,0x8a,0x4d,0x8a,0x4d,0xca,0x55,0x8a,0x4d,0x00,0x00,0xe0,0x07,0x00,0x00,
    0x00,0x00,0x00,0x00,0x00,0x00,0x00,0x00,0x6b,0x5d,0x00,0x00,0x8a,0x55,0xaa,0x55,
    0x6a,0x4d,0x8a,0x4d,0x8a,0x4d,0x8a,0x4d,0x8a,0x4d,0x8a,0x4d,0x8a,0x4d,0x8a,0x4d,
    0x8a,0x4d,0x8a,0x4d,0x8a,0x4d,0x8a,0x4d,0x8a,0x4d,0x8a,0x4d,0x8a,0x4d,0x8a,0x4d,
    0x8a,0x4d,0x8a,0x4d,0x8a,0x4d,0x8a,0x4d,0x8a,0x4d,0x8a,0x4d,0x8a,0x4d,0x8a,0x4d,
    0x8a,0x4d,0x8a,0x4d,0x8a,0x4d,0x8a,0x4d,0x8a,0x4d,0x8a,0x4d,0x8a,0x4d,0x8a,0x4d,
    0x8a,0x4d,0x8a,0x4d,0x8a,0x4d,0x8a,0x4d,0x8a,0x4d,0x8a,0x4d,0x8a,0x4d,0x8a,0x4d,
    0x8a,0x4d,0x8a,0x4d,0x8a,0x4d,0x8a,0x4d,0x8a,0x4d,0x8a,0x4d,0x8a,0x4d,0x8a,0x4d,
    0x8a,0x4d,0x8a,0x4d,0x8a,0x4d,0x8a,0x4d,0x8a,0x4d,0x8a,0x4d,0x8a,0x4d,0x8a,0x4d,
    0x8a,0x4d,0x8a,0x4d,0x8a,0x4d,0x8a,0x4d,0x8a,0x4d,0x8a,0x4d,0x8a,0x4d,0x8a,0x4d,
    0x8a,0x4d,0x8a,0x4d,0x8a,0x4d,0x8a,0x4d,0x8a,0x4d,0x8a,0x4d,0x8a,0x4d,0x8a,0x4d,
    0x8a,0x4d,0x8a,0x4d,0x8a,0x4d,0x8a,0x4d,0x8a,0x4d,0x8a,0x4d,0x8a,0x4d,0x8a,0x4d,
    0x8a,0x4d,0x8a,0x4d,0x8a,0x4d,0x8a,0x4d,0x8a,0x4d,0x8a,0x4d,0x8a,0x4d,0x8a,0x4d,
    0x8a,0x4d,0x8a,0x4d,0x8a,0x4d,0x8a,0x4d,0x8a,0x4d,0x8a,0x4d,0x8a,0x4d,0x8a,0x4d,
    0x8a,0x4d,0x8a,0x4d,0x8a,0x4d,0x8a,0x55,0x69,0x45,0xab,0x5d,0xf6,0xb6,0xbd,0xef,
    0xde,0xf7,0xde,0xf7,0x9c,0xe7,0x93,0x96,0x6a,0x4d,0x6a,0x4d,0x8a,0x55,0x8a,0x4d,
    0x8a,0x4d,0x8a,0x4d,0x8a,0x4d,0x8a,0x4d,0x8a,0x4d,0x8a,0x4d,0x8a,0x4d,0x8a,0x4d,
    0x8a,0x4d,0x8a,0x4d,0x8a,0x4d,0x8a,0x4d,0x8a,0x4d,0x8a,0x4d,0x8a,0x4d,0x8a,0x4d,
    0x8a,0x4d,0x8a,0x4d,0x8a,0x4d,0x8a,0x4d,0x8a,0x4d,0x8a,0x4d,0x8a,0x4d,0x8a,0x4d,
    0x8a,0x4d,0x8a,0x4d,0x8a,0x4d,0x8a,0x4d,0x8a,0x4d,0x6a,0x4d,0xaa,0x55,0x8a,0x55,
    0x00,0x00,0x6b,0x5d,0x00,0x00,0x00,0x00,0x00,0x00,0x00,0x00,0xf0,0x87,0x00,0x00,
    0x8a,0x55,0xcb,0x55,0x8a,0x4d,0x8a,0x4d,0x8a,0x4d,0x8a,0x4d,0x8a,0x4d,0x8a,0x4d,
    0x8a,0x4d,0x8a,0x4d,0x8a,0x4d,0x8a,0x4d,0x8a,0x4d,0x8a,0x4d,0x8a,0x4d,0x8a,0x4d,
    0x8a,0x4d,0x8a,0x4d,0x8a,0x4d,0x8a,0x4d,0x8a,0x4d,0x8a,0x4d,0x8a,0x4d,0x8a,0x4d,
    0x8a,0x4d,0x8a,0x4d,0x8a,0x4d,0x8a,0x4d,0x8a,0x4d,0x8a,0x4d,0x8a,0x4d,0x8a,0x4d,
    0x8a,0x4d,0x8a,0x4d,0x8a,0x4d,0x8a,0x4d,0x8a,0x4d,0x8a,0x4d,0x8a,0x4d,0x8a,0x4d,
    0x8a,0x4d,0x8a,0x4d,0x8a,0x4d,0x8a,0x4d,0x8a,0x4d,0x8a,0x4d,0x8a,0x4d,0x8a,0x4d,
    0x8a,0x4d,0x8a,0x4d,0x8a,0x4d,0x8a,0x4d,0x8a,0x4d,0x8a,0x4d,0x8a,0x4d,0x8a,0x4d,
    0x8a,0x4d,0x8a,0x4d,0x8a,0x4d,0x8a,0x4d,0x8a,0x4d,0x8a,0x4d,0x8a,0x4d,0x8a,0x4d,
    0x8a,0x4d,0x8a,0x4d,0x8a,0x4d,0x8a,0x4d,0x8a,0x4d,0x8a,0x4d,0x8a,0x4d,0x8a,0x4d,
    0x8a,0x4d,0x8a,0x4d,0x8a,0x4d,0x8a,0x4d,0x8a,0x4d,0x8a,0x4d,0x8a,0x4d,0x8a,0x4d,
    0x8a,0x4d,0x8a,0x4d,0x8a,0x4d,0x8a,0x4d,0x8a,0x4d,0x8a,0x4d,0x8a,0x4d,0x8a,0x4d,
    0x8a,0x4d,0x8a,0x4d,0x8a,0x4d,0x8a,0x4d,0x8a,0x4d,0x8a,0x4d,0x8a,0x4d,0x8a,0x4d,
    0x8a,0x4d,0x8a,0x4d,0x8a,0x4d,0x8a,0x4d,0x8a,0x55,0x48,0x45,0xee,0x75,0xbd,0xef,
    0xff,0xff,0xff,0xff,0xff,0xff,0xff,0xff,0xff,0xff,0xff,0xff,0x17,0xbf,0x69,0x4d,
    0x8a,0x55,0x8a,0x4d,0x8a,0x4d,0x8a,0x4d,0x8a,0x4d,0x8a,0x4d,0x8a,0x4d,0x8a,0x4d,
    0x8a,0x4d,0x8a,0x4d,0x8a,0x4d,0x8a,0x4d,0x8a,0x4d,0x8a,0x4d,0x8a,0x4d,0x8a,0x4d,
    0x8a,0x4d,0x8a,0x4d,0x8a,0x4d,0x8a,0x4d,0x8a,0x4d,0x8a,0x4d,0x8a,0x4d,0x8a,0x4d,
    0x8a,0x4d,0x8a,0x4d,0x8a,0x4d,0x8a,0x4d,0x8a,0x4d,0x8a,0x4d,0x8a,0x4d,0x8a,0x4d,
    0xcb,0x55,0x8a,0x4d,0x00,0x00,0xf0,0x87,0x00,0x00,0x00,0x00,0x00,0x00,0x10,0x04,
    0x00,0x00,0xaa,0x4d,0x8a,0x4d,0x8a,0x4d,0x6a,0x4d,0x8a,0x4d,0x8a,0x4d,0x8a,0x4d,
    0x8a,0x4d,0x8a,0x4d,0x8a,0x4d,0x8a,0x4d,0x8a,0x4d,0x8a,0x4d,0x8a,0x4d,0x8a,0x4d,
    0x8a,0x4d,0x8a,0x4d,0x8a,0x4d,0x8a,0x4d,0x8a,0x4d,0x8a,0x4d,0x8a,0x4d,0x8a,0x4d,
    0x8a,0x4d,0x8a,0x4d,0x8a,0x4d,0x8a,0x4d,0x8a,0x4d,0x8a,0x4d,0x8a,0x4d,0x8a,0x4d,
    0x8a,0x4d,0x8a,0x4d,0x8a,0x4d,0x8a,0x4d,0x8a,0x4d,0x8a,0x4d,0x8a,0x4d,0x8a,0x4d,
    0x8a,0x4d,0x8a,0x4d,0x8a,0x4d,0x8a,0x4d,0x8a,0x4d,0x8a,0x4d,0x8a,0x4d,0x8a,0x4d,
    0x8a,0x4d,0x8a,0x4d,0x8a,0x4d,0x8a,0x4d,0x8a,0x4d,0x8a,0x4d,0x8a,0x4d,0x8a,0x4d,
    0x8a,0x4d,0x8a,0x4d,0x8a,0x4d,0x8a,0x4d,0x8a,0x4d,0x8a,0x4d,0x8a,0x4d,0x8a,0x4d,
    0x8a,0x4d,0x8a,0x4d,0x8a,0x4d,0x8a,0x4d,0x8a,0x4d,0x8a,0x4d,0x8a,0x4d,0x8a,0x4d,
    0x8a,0x4d,0x8a,0x4d,0x8a,0x4d,0x8a,0x4d,0x8a,0x4d,0x8a,0x4d,0x8a,0x4d,0x8a,0x4d,
    0x8a,0x4d,0x8a,0x4d,0x8a,0x4d,0x8a,0x4d,0x8a,0x4d,0x8a,0x4d,0x8a,0x4d,0x8a,0x4d,
    0x8a,0x4d,0x8a,0x4d,0x8a,0x4d,0x8a,0x4d,0x8a,0x4d,0x8a,0x4d,0x8a,0x4d,0x8a,0x4d,
    0x8a,0x4d,0x8a,0x4d,0x8a,0x4d,0x8a,0x4d,0x8a,0x55,0x8a,0x55,0x48,0x45,0x51,0x8e,
    0xff,0xff,0xff,0xff,0xff,0xff,0xff,0xff,0xff,0xff,0xff,0xff,0xff,0xff,0xff,0xff,
    0xff,0xff,0x51,0x86,0x49,0x45,0x8a,0x55,0x8a,0x4d,0x8a,0x4d,0x8a,0x4d,0x8a,0x4d,
    0x8a,0x4d,0x8a,0x4d,0x8a,0x4d,0x8a,0x4d,0x8a,0x4d,0x8a,0x4d,0x8a,0x4d,0x8a,0x4d,
    0x8a,0x4d,0x8a,0x4d,0x8a,0x4d,0x8a,0x4d,0x8a,0x4d,0x8a,0x4d,0x8a,0x4d,0x8a,0x4d,
    0x8a,0x4d,0x8a,0x4d,0x8a,0x4d,0x8a,0x4d,0x8a,0x4d,0x8a,0x4d,0x8a,0x4d,0x8a,0x4d,
    0x8a,0x4d,0x6a,0x4d,0x8a,0x4d,0x8a,0x55,0x8a,0x55,0x00,0x00,0x10,0x04,0x00,0x00,
    0x00,0x00,0x08,0x44,0x00,0x00,0x8a,0x4d,0xeb,0x55,0x6a,0x4d,0x8a,0x4d,0x8a,0x4d,
    0x8a,0x4d,0x8a,0x4d,0x8a,0x4d,0x8a,0x4d,0x8a,0x4d,0x8a,0x4d,0x8a,0x4d,0x8a,0x4d,
    0x8a,0x4d,0x8a,0x4d,0x8a,0x4d,0x8a,0x4d,0x8a,0x4d,0x8a,0x4d,0x8a,0x4d,0x8a,0x4d,
    0x8a,0x4d,0x8a,0x4d,0x8a,0x4d,0x8a,0x4d,0x8a,0x4d,0x8a,0x4d,0x8a,0x4d,0x8a,0x4d,
    0x8a,0x4d,0x8a,0x4d,0x8a,0x4d,0x8a,0x4d,0x8a,0x4d,0x8a,0x4d,0x8a,0x4d,0x8a,0x4d,
    0x8a,0x4d,0x8a,0x4d,0x8a,0x4d,0x8a,0x4d,0x8a,0x4d,0x8a,0x4d,0x8a,0x4d,0x8a,0x4d,
    0x8a,0x4d,0x8a,0x4d,0x8a,0x4d,0x8a,0x4d,0x8a,0x4d,0x8a,0x4d,0x8a,0x4d,0x8a,0x4d,
    0x8a,0x4d,0x8a,0x4d,0x8a,0x4d,0x8a,0x4d,0x8a,0x4d,0x8a,0x4d,0x8a,0x4d,0x8a,0x4d,
    0x8a,0x4d,0x8a,0x4d,0x8a,0x4d,0x8a,0x4d,0x8a,0x4d,0x8a,0x4d,0x8a,0x4d,0x8a,0x4d,
    0x8a,0x4d,0x8a,0x4d,0x8a,0x4d,0x8a,0x4d,0x8a,0x4d,0x8a,0x4d,0x8a,0x4d,0x8a,0x4d,
    0x8a,0x4d,0x8a,0x4d,0x8a,0x4d,0x8a,0x4d,0x8a,0x4d,0x8a,0x4d,0x8a,0x4d,0x8a,0x4d,
    0x8a,0x4d,0x8a,0x4d,0x8a,0x4d,0x8a,0x4d,0x8a,0x4d,0x8a,0x4d,0x8a,0x4d,0x8a,0x4d,
    0x8a,0x4d,0x8a,0x4d,0x8a,0x4d,0x8a,0x4d,0x8a,0x4d,0x8a,0x55,0x6a,0x4d,0x69,0x45,
    0xb5,0xa6,0xff,0xff,0xff,0xff,0xff,0xff,0xff,0xff,0xff,0xff,0xff,0xff,0xff,0xff,
    0xff,0xff,0xff,0xff,0xff,0xff,0xf7,0xbe,0x49,0x45,0x8a,0x55,0x8a,0x4d,0x8a,0x4d,
    0x8a,0x4d,0x8a,0x4d,0x8a,0x4d,0x8a,0x4d,0x8a,0x4d,0x8a,0x4d,0x8a,0x4d,0x8a,0x4d,
    0x8a,0x4d,0x8a,0x4d,0x8a,0x4d,0x8a,0x4d,0x8a,0x4d,0x8a,0x4d,0x8a,0x4d,0x8a,0x4d,
    0x8a,0x4d,0x8a,0x4d,0x8a,0x4d,0x8a,0x4d,0x8a,0x4d,0x8a,0x4d,0x8a,0x4d,0x8a,0x4d,
    0x8a,0x4d,0x8a,0x4d,0x8a,0x4d,0x8a,0x4d,0x6a,0x4d,0xeb,0x55,0x8a,0x55,0x00,0x00,
    0x08,0x44,0x00,0x00,0x00,0x00,0x00,0x00,0xe0,0x07,0x8a,0x55,0xaa,0x55,0x6a,0x4d,
    0x8a,0x4d,0x8a,0x4d,0x8a,0x4d,0x8a,0x4d,0x8a,0x4d,0x8a,0x4d,0x8a,0x4d,0x8a,0x4d,
    0x8a,0x4d,0x8a,0x4d,0x8a,0x4d,0x8a,0x4d,0x8a,0x4d,0x8a,0x4d,0x8a,0x4d,0x8a,0x4d,
    0x8a,0x4d,0x8a,0x4d,0x8a,0x4d,0x8a,0x4d,0x8a,0x4d,0x8a,0x4d,0x8a,0x4d,0x8a,0x4d,
    0x8a,0x4d,0x8a,0x4d,0x8a,0x4d,0x8a,0x4d,0x8a,0x4d,0x8a,0x4d,0x8a,0x4d,0x8a,0x4d,
    0x8a,0x4d,0x8a,0x4d,0x8a,0x4d,0x8a,0x4d,0x8a,0x4d,0x8a,0x4d,0x8a,0x4d,0x8a,0x4d,
    0x8a,0x4d,0x8a,0x4d,0x8a,0x4d,0x8a,0x4d,0x8a,0x4d,0x8a,0x4d,0x8a,0x4d,0x8a,0x4d,
    0x8a,0x4d,0x8a,0x4d,0x8a,0x4d,0x8a,0x4d,0x8a,0x4d,0x8a,0x4d,0x8a,0x4d,0x8a,0x4d,
    0x8a,0x4d,0x8a,0x4d,0x8a,0x4d,0x8a,0x4d,0x8a,0x4d,0x8a,0x4d,0x8a,0x4d,0x8a,0x4d,
    0x8a,0x4d,0x8a,0x4d,0x8a,0x4d,0x8a,0x4d,0x8a,0x4d,0x8a,0x4d,0x8a,0x4d,0x8a,0x4d,
    0x8a,0x4d,0x8a,0x4d,0x8a,0x4d,0x8a,0x4d,0x8a,0x4d,0x8a,0x4d,0x8a,0x4d,0x8a,0x4d,
    0x8a,0x4d,0x8a,0x4d,0x8a,0x4d,0x8a,0x4d,0x8a,0x4d,0x8a,0x4d,0x8a,0x4d,0x8a,0x4d,
    0x8a,0x4d,0x8a,0x4d,0x8a,0x4d,0x8a,0x4d,0x8a,0x4d,0x8a,0x4d,0x8a,0x55,0x69,0x4d,
    0x8a,0x55,0x38,0xc7,0xff,0xff,0xff,0xff,0xff,0xff,0xff,0xff,0xff,0xff,0xff,0xff,
    0xff,0xff,0xff,0xff,0xff,0xff,0xff,0xff,0xff,0xff,0xf6,0xb6,0x48,0x45,0x8a,0x55,
    0x8a,0x4d,0x8a,0x4d,0x8a,0x4d,0x8a,0x4d,0x8a,0x4d,0x8a,0x4d,0x8a,0x4d,0x8a,0x4d,
    0x8a,0x4d,0x8a,0x4d,0x8a,0x4d,0x8a,0x4d,0x8a,0x4d,0x8a,0x4d,0x8a,0x4d,0x8a,0x4d,
    0x8a,0x4d,0x8a,0x4d,0x8a,0x4d,0x8a,0x4d,0x8a,0x4d,0x8a,0x4d,0x8a,0x4d,0x8a,0x4d,
    0x8a,0x4d,0x8a,0x4d,0x8a,0x4d,0x8a,0x4d,0x8a,0x4d,0x8a,0x4d,0x6a,0x4d,0xaa,0x55,
    0x8a,0x4d,0x00,0x00,0x00,0x00,0x00,0x00,0xf0,0x87,0x00,0x00,0xaa,0x4d,0x8a,0x55,
    0x6a,0x4d,0x8a,0x4d,0x8a,0x4d,0x8a,0x4d,0x8a,0x4d,0x8a,0x4d,0x8a,0x4d,0x8a,0x4d,
    0x8a,0x4d,0x8a,0x4d,0x8a,0x4d,0x8a,0x4d,0x8a,0x4d,0x8a,0x4d,0x8a,0x4d,0x8a,0x4d,
    0x8a,0x4d,0x8a,0x4d,0x8a,0x4d,0x8a,0x4d,0x8a,0x4d,0x8a,0x4d,0x8a,0x4d,0x8a,0x4d,
    0x8a,0x4d,0x8a,0x4d,0x8a,0x4d,0x8a,0x4d,0x8a,0x4d,0x8a,0x4d,0x8a,0x4d,0x8a,0x4d,
    0x8a,0x4d,0x8a,0x4d,0x8a,0x4d,0x8a,0x4d,0x8a,0x4d,0x8a,0x4d,0x8a,0x4d,0x8a,0x4d,
    0x8a,0x4d,0x8a,0x4d,0x8a,0x4d,0x8a,0x4d,0x8a,0x4d,0x8a,0x4d,0x8a,0x4d,0x8a,0x4d,
    0x8a,0x4d,0x8a,0x4d,0x8a,0x4d,0x8a,0x4d,0x8a,0x4d,0x8a,0x4d,0x8a,0x4d,0x8a,0x4d,
    0x8a,0x4d,0x8a,0x4d,0x8a,0x4d,0x8a,0x4d,0x8a,0x4d,0x8a,0x4d,0x8a,0x4d,0x8a,0x4d,
    0x8a,0x4d,0x8a,0x4d,0x8a,0x4d,0x8a,0x4d,0x8a,0x4d,0x8a,0x4d,0x8a,0x4d,0x8a,0x4d,
    0x8a,0x4d,0x8a,0x4d,0x8a,0x4d,0x8a,0x4d,0x8a,0x4d,0x8a,0x4d,0x8a,0x4d,0x8a,0x4d,
    0x8a,0x4d,0x8a,0x4d,0x8a,0x4d,0x8a,0x4d,0x8a,0x4d,0x8a,0x4d,0x8a,0x4d,0x8a,0x4d,
    0x8a,0x4d,0x8a,0x4d,0x8a,0x4d,0x8a,0x4d,0x8a,0x4d,0x8a,0x4d,0x8a,0x4d,0x8a,0x55,
    0x49,0x45,0xcc,0x65,0x7b,0xdf,0xff,0xff,0xff,0xff,0xff,0xff,0xff,0xff,0xff,0xff,
    0xff,0xff,0xff,0xff,0xff,0xff,0xff,0xff,0xff,0xff,0xff,0xff,0xff,0xff,0x0f,0x76,
    0x69,0x45,0x8a,0x55,0x8a,0x4d,0x8a,0x4d,0x8a,0x4d,0x8a,0x4d,0x8a,0x4d,0x8a,0x4d,
    0x8a,0x4d,0x8a,0x4d,0x8a,0x4d,0x8a,0x4d,0x8a,0x4d,0x8a,0x4d,0x8a,0x4d,0x8a,0x4d,
    0x8a,0x4d,0x8a,0x4d,0x8a,0x4d,0x8a,0x4d,0x8a,0x4d,0x8a,0x4d,0x8a,0x4d,0x8a,0x4d,
    0x8a,0x4d,0x8a,0x4d,0x8a,0x4d,0x8a,0x4d,0x8a,0x4d,0x8a,0x4d,0x8a,0x4d,0x8a,0x4d,
    0x8a,0x4d,0x6a,0x4d,0x8a,0x55,0x8a,0x4d,0x00,0x00,0xf0,0x87,0x08,0x46,0x00,0x00,
    0x8a,0x55,0xeb,0x55,0x6a,0x4d,0x8a,0x4d,0x8a,0x4d,0x8a,0x4d,0x8a,0x4d,0x8a,0x4d,
    0x8a,0x4d,0x8a,0x4d,0x8a,0x4d,0x8a,0x4d,0x8a,0x4d,0x8a,0x4d,0x8a,0x4d,0x8a,0x4d,
    0x8a,0x4d,0x8a,0x4d,0x8a,0x4d,0x8a,0x4d,0x8a,0x4d,0x8a,0x4d,0x8a,0x4d,0x8a,0x4d,
    0x8a,0x4d,0x8a,0x4d,0x8a,0x4d,0x8a,0x4d,0x8a,0x4d,0x8a,0x4d,0x8a,0x4d,0x8a,0x4d,
    0x8a,0x4d,0x8a,0x4d,0x8a,0x4d,0x8a,0x4d,0x8a,0x4d,0x8a,0x4d,0x8a,0x4d,0x8a,0x4d,
    0x8a,0x4d,0x8a,0x4d,0x8a,0x4d,0x8a,0x4d,0x8a,0x4d,0x8a,0x4d,0x8a,0x4d,0x8a,0x4d,
    0x8a,0x4d,0x8a,0x4d,0x8a,0x4d,0x8a,0x4d,0x8a,0x4d,0x8a,0x4d,0x8a,0x4d,0x8a,0x4d,
    0x8a,0x4d,0x8a,0x4d,0x8a,0x4d,0x8a,0x4d,0x8a,0x4d,0x8a,0x4d,0x8a,0x4d,0x8a,0x4d,
    0x8a,0x4d,0x8a,0x4d,0x8a,0x4d,0x8a,0x4d,0x8a,0x4d,0x8a,0x4d,0x8a,0x4d,0x8a,0x4d,
    0x8a,0x4d,0x8a,0x4d,0x8a,0x4d,0x8a,0x4d,0x8a,0x4d,0x8a,0x4d,0x8a,0x4d,0x8a,0x4d,
    0x8a,0x4d,0x8a,0x4d,0x8a,0x4d,0x8a,0x4d,0x8a,0x4d,0x8a,0x4d,0x8a,0x4d,0x8a,0x4d,
    0x8a,0x4d,0x8a,0x4d,0x8a,0x4d,0x8a,0x4d,0x8a,0x4d,0x8a,0x4d,0x8a,0x4d,0x8a,0x4d,
    0x8a,0x55,0x48,0x45,0x0f,0x7e,0xde,0xf7,0xff,0xff,0xff,0xff,0xff,0xff,0xff,0xff,
    0xff,0xff,0xff,0xff,0xff,0xff,0xff,0xff,0xff,0xff,0xff,0xff,0xff,0xff,0xff,0xff,
    0x94,0x9e,0x69,0x45,0x8a,0x55,0x8a,0x4d,0x8a,0x4d,0x8a,0x4d,0x8a,0x4d,0x8a,0x4d,
    0x8a,0x4d,0x8a,0x4d,0x8a,0x4d,0x8a,0x4d,0x8a,0x4d,0x8a,0x4d,0x8a,0x4d,0x8a,0x4d,
    0x8a,0x4d,0x8a,0x4d,0x8a,0x4d,0x8a,0x4d,0x8a,0x4d,0x8a,0x4d,0x8a,0x4d,0x8a,0x4d,
    0x8a,0x4d,0x8a,0x4d,0x8a,0x4d,0x8a,0x4d,0x8a,0x4d,0x8a,0x4d,0x8a,0x4d,0x8a,0x4d,
    0x8a,0x4d,0x8a,0x4d,0x8a,0x4d,0x6a,0x4d,0xeb,0x55,0xaa,0x55,0x00,0x00,0x08,0x46,
    0x00,0x00,0x00,0x00,0x8a,0x4d,0xaa,0x55,0x8a,0x4d,0x8a,0x4d,0x8a,0x4d,0x8a,0x4d,
    0x8a,0x4d,0x8a,0x4d,0x8a,0x4d,0x8a,0x4d,0x8a,0x4d,0x8a,0x4d,0x8a,0x4d,0x8a,0x4d,
    0x8a,0x4d,0x8a,0x4d,0x8a,0x4d,0x8a,0x4d,0x8a,0x4d,0x8a,0x4d,0x8a,0x4d,0x8a,0x4d,
    0x8a,0x4d,0x8a,0x4d,0x8a,0x4d,0x8a,0x4d,0x8a,0x4d,0x8a,0x4d,0x8a,0x4d,0x8a,0x4d,
    0x8a,0x4d,0x8a,0x4d,0x8a,0x4d,0x8a,0x4d,0x8a,0x4d,0x8a,0x4d,0x8a,0x4d,0x8a,0x4d,
    0x8a,0x4d,0x8a,0x4d,0x8a,0x4d,0x8a,0x4d,0x8a,0x4d,0x8a,0x4d,0x8a,0x4d,0x8a,0x4d,
    0x8a,0x4d,0x8a,0x4d,0x8a,0x4d,0x8a,0x4d,0x8a,0x4d,0x8a,0x4d,0x8a,0x4d,0x8a,0x4d,
    0x8a,0x4d,0x8a,0x4d,0x8a,0x4d,0x8a,0x4d,0x8a,0x4d,0x8a,0x4d,0x8a,0x4d,0x8a,0x4d,
    0x8a,0x4d,0x8a,0x4d,0x8a,0x4d,0x8a,0x4d,0x8a,0x4d,0x8a,0x4d,0x8a,0x4d,0x8a,0x4d,
    0x8a,0x4d,0x8a,0x4d,0x8a,0x4d,0x8a,0x4d,0x8a,0x4d,0x8a,0x4d,0x8a,0x4d,0x8a,0x4d,
    0x8a,0x4d,0x8a,0x4d,0x8a,0x4d,0x8a,0x4d,0x8a,0x4d,0x8a,0x4d,0x8a,0x4d,0x8a,0x4d,
    0x8a,0x4d,0x8a,0x4d,0x8a,0x4d,0x8a,0x4d,0x8a,0x4d,0x8a,0x4d,0x8a,0x4d,0x8a,0x4d,
    0x8a,0x55,0x8a,0x4d,0x48,0x45,0x72,0x96,0xff,0xff,0xff,0xff,0xff,0xff,0xff,0xff,
    0xff,0xff,0xff,0xff,0xff,0xff,0xff,0xff,0xff,0xff,0xff,0xff,0xff,0xff,0xff,0xff,
    0xff,0xff,0x51,0x8e,0x49,0x45,0x8a,0x55,0x8a,0x4d,0x8a,0x4d,0x8a,0x4d,0x8a,0x4d,
    0x8a,0x4d,0x8a,0x4d,0x8a,0x4d,0x8a,0x4d,0x8a,0x4d,0x8a,0x4d,0x8a,0x4d,0x8a,0x4d,
    0x8a,0x4d,0x8a,0x4d,0x8a,0x4d,0x8a,0x4d,0x8a,0x4d,0x8a,0x4d,0x8a,0x4d,0x8a,0x4d,
    0x8a,0x4d,0x8a,0x4d,0x8a,0x4d,0x8a,0x4d,0x8a,0x4d,0x8a,0x4d,0x8a,0x4d,0x8a,0x4d,
    0x8a,0x4d,0x8a,0x4d,0x8a,0x4d,0x8a,0x4d,0x8a,0x4d,0x8a,0x4d,0xaa,0x55,0x8a,0x55,
    0x00,0x00,0x00,0x00,0x00,0x00,0x8a,0x4d,0x8a,0x4d,0x8a,0x4d,0x6a,0x4d,0x8a,0x4d,
    0x8a,0x4d,0x8a,0x4d,0x8a,0x4d,0x8a,0x4d,0x8a,0x4d,0x8a,0x4d,0x8a,0x4d,0x8a,0x4d,
    0x8a,0x4d,0x8a,0x4d,0x8a,0x4d,0x8a,0x4d,0x8a,0x4d,0x8a,0x4d,0x8a,0x4d,0x8a,0x4d,
    0x8a,0x4d,0x8a,0x4d,0x8a,0x4d,0x8a,0x4d,0x8a,0x4d,0x8a,0x4d,0x8a,0x4d,0x8a,0x4d,
    0x8a,0x4d,0x8a,0x4d,0x8a,0x4d,0x8a,0x4d,0x8a,0x4d,0x8a,0x4d,0x8a,0x4d,0x8a,0x4d,
    0x8a,0x4d,0x8a,0x4d,0x8a,0x4d,0x8a,0x4d,0x8a,0x4d,0x8a,0x4d,0x8a,0x4d,0x8a,0x4d,
    0x8a,0x4d,0x8a,0x4d,0x8a,0x4d,0x8a,0x4d,0x8a,0x4d,0x8a,0x4d,0x8a,0x4d,0x8a,0x4d,
    0x8a,0x4d,0x8a,0x4d,0x8a,0x4d,0x8a,0x4d,0x8a,0x4d,0x8a,0x4d,0x8a,0x4d,0x8a,0x4d,
    0x8a,0x4d,0x8a,0x4d,0x8a,0x4d,0x8a,0x4d,0x8a,0x4d,0x8a,0x4d,0x8a,0x4d,0x8a,0x4d,
    0x8a,0x4d,0x8a,0x4d,0x8a,0x4d,0x8a,0x4d,0x8a,0x4d,0x8a,0x4d,0x8a,0x4d,0x8a,0x4d,
    0x8a,0x4d,0x8a,0x4d,0x8a,0x4d,0x8a,0x4d,0x8a,0x4d,0x8a,0x4d,0x8a,0x4d,0x8a,0x4d,
    0x8a,0x4d,0x8a,0x4d,0x8a,0x4d,0x8a,0x4d,0x8a,0x4d,0x8a,0x4d,0x8a,0x4d,0x8a,0x4d,
    0x8a,0x4d,0x8a,0x55,0x6a,0x4d,0x69,0x4d,0xd6,0xae,0xff,0xff,0xff,0xff,0xff,0xff,
    0xff,0xff,0xff,0xff,0xff,0xff,0xff,0xff,0xff,0xff,0xff,0xff,0xff,0xff,0xff,0xff,
    0xff,0xff,0xbd,0xef,0xee,0x75,0x49,0x45,0x8a,0x55,0x8a,0x4d,0x8a,0x4d,0x8a,0x4d,
    0x8a,0x4d,0x8a,0x4d,0x8a,0x4d,0x8a,0x4d,0x8a,0x4d,0x8a,0x4d,0x8a,0x4d,0x8a,0x4d,
    0x8a,0x4d,0x8a,0x4d,0x8a,0x4d,0x8a,0x4d,0x8a,0x4d,0x8a,0x4d,0x8a,0x4d,0x8a,0x4d,
    0x8a,0x4d,0x8a,0x4d,0x8a,0x4d,0x8a,0x4d,0x8a,0x4d,0x8a,0x4d,0x8a,0x4d,0x8a,0x4d,
    0x8a,0x4d,0x8a,0x4d,0x8a,0x4d,0x8a,0x4d,0x8a,0x4d,0x8a,0x4d,0x8a,0x4d,0x6a,0x4d,
    0x8a,0x4d,0x8a,0x55,0xaa,0x4d,0x00,0x00,0x00,0x00,0x8a,0x55,0xcb,0x55,0x6a,0x4d,
    0x8a,0x4d,0x8a,0x4d,0x8a,0x4d,0x8a,0x4d,0x8a,0x4d,0x8a,0x4d,0x8a,0x4d,0x8a,0x4d,
    0x8a,0x4d,0x8a,0x4d,0x8a,0x4d,0x8a,0x4d,0x8a,0x4d,0x8a,0x4d,0x8a,0x4d,0x8a,0x4d,
    0x8a,0x4d,0x8a,0x4d,0x8a,0x4d,0x8a,0x4d,0x8a,0x4d,0x8a,0x4d,0x8a,0x4d,0x8a,0x4d,
    0x8a,0x4d,0x8a,0x4d,0x8a,0x4d,0x8a,0x4d,0x8a,0x4d,0x8a,0x4d,0x8a,0x4d,0x8a,0x4d,
    0x8a,0x4d,0x8a,0x4d,0x8a,0x4d,0x8a,0x4d,0x8a,0x4d,0x8a,0x4d,0x8a,0x4d,0x8a,0x4d,
    0x8a,0x4d,0x8a,0x4d,0x8a,0x4d,0x8a,0x4d,0x8a,0x4d,0x8a,0x4d,0x8a,0x4d,0x8a,0x4d,
    0x8a,0x4d,0x8a,0x4d,0x8a,0x4d,0x8a,0x4d,0x8a,0x4d,0x8a,0x4d,0x8a,0x4d,0x8a,0x4d,
    0x8a,0x4d,0x8a,0x4d,0x8a,0x4d,0x8a,0x4d,0x8a,0x4d,0x8a,0x4d,0x8a,0x4d,0x8a,0x4d,
    0x8a,0x4d,0x8a,0x4d,0x8a,0x4d,0x8a,0x4d,0x8a,0x4d,0x8a,0x4d,0x8a,0x4d,0x8a,0x4d,
    0x8a,0x4d,0x8a,0x4d,0x8a,0x4d,0x8a,0x4d,0x8a,0x4d,0x8a,0x4d,0x8a,0x4d,0x8a,0x4d,
    0x8a,0x4d,0x8a,0x4d,0x8a,0x4d,0x8a,0x4d,0x8a,0x4d,0x8a,0x4d,0x8a,0x4d,0x8a,0x4d,
    0x8a,0x4d,0x8a,0x4d,0x8a,0x55,0x69,0x4d,0x8b,0x55,0x39,0xcf,0xff,0xff,0xff,0xff,
    0xff,0xff,0xff,0xff,0xff,0xff,0xff,0xff,0xff,0xff,0xff,0xff,0xff,0xff,0xff,0xff,
    0xff,0xff,0xff,0xff,0x7a,0xd7,0xac,0x5d,0x69,0x45,0x8a,0x55,0x8a,0x4d,0x8a,0x4d,
    0x8a,0x4d,0x8a,0x4d,0x8a,0x4d,0x8a,0x4d,0x8a,0x4d,0x8a,0x4d,0x8a,0x4d,0x8a,0x4d,
    0x8a,0x4d,0x8a,0x4d,0x8a,0x4d,0x8a,0x4d,0x8a,0x4d,0x8a,0x4d,0x8a,0x4d,0x8a,0x4d,
    0x8a,0x4d,0x8a,0x4d,0x8a,0x4d,0x8a,0x4d,0x8a,0x4d,0x8a,0x4d,0x8a,0x4d,0x8a,0x4d,
    0x8a,0x4d,0x8a,0x4d,0x8a,0x4d,0x8a,0x4d,0x8a,0x4d,0x8a,0x4d,0x8a,0x4d,0x8a,0x4d,
    0x8a,0x4d,0x8a,0x4d,0x8a,0x4d,0xcb,0x55,0x8a,0x4d,0x00,0x00,0x00,0x00,0x8a,0x4d,
    0xcb,0x55,0x6a,0x4d,0x8a,0x4d,0x8a,0x4d,0x8a,0x4d,0x8a,0x4d,0x8a,0x4d,0x8a,0x4d,
    0x8a,0x4d,0x8a,0x4d,0x8a,0x4d,0x8a,0x4d,0x8a,0x4d,0x8a,0x4d,0x8a,0x4d,0x8a,0x4d,
    0x8a,0x4d,0x8a,0x4d,0x8a,0x4d,0x8a,0x4d,0x8a,0x4d,0x8a,0x4d,0x8a,0x4d,0x8a,0x4d,
    0x8a,0x4d,0x8a,0x4d,0x8a,0x4d,0x8a,0x4d,0x8a,0x4d,0x8a,0x4d,0x8a,0x4d,0x8a,0x4d,
    0x8a,0x4d,0x8a,0x4d,0x8a,0x4d,0x8a,0x4d,0x8a,0x4d,0x8a,0x4d,0x8a,0x4d,0x8a,0x4d,
    0x8a,0x4d,0x8a,0x4d,0x8a,0x4d,0x8a,0x4d,0x8a,0x4d,0x8a,0x4d,0x8a,0x4d,0x8a,0x4d,
    0x8a,0x4d,0x8a,0x4d,0x8a,0x4d,0x8a,0x4d,0x8a,0x4d,0x8a,0x4d,0x8a,0x4d,0x8a,0x4d,
    0x8a,0x4d,0x8a,0x4d,0x8a,0x4d,0x8a,0x4d,0x8a,0x4d,0x8a,0x4d,0x8a,0x4d,0x8a,0x4d,
    0x8a,0x4d,0x8a,0x4d,0x8a,0x4d,0x8a,0x4d,0x8a,0x4d,0x8a,0x4d,0x8a,0x4d,0x8a,0x4d,
    0x8a,0x4d,0x8a,0x4d,0x8a,0x4d,0x8a,0x4d,0x8a,0x4d,0x8a,0x4d,0x8a,0x4d,0x8a,0x4d,
    0x8a,0x4d,0x8a,0x4d,0x8a,0x4d,0x8a,0x4d,0x8a,0x4d,0x8a,0x4d,0x8a,0x4d,0x8a,0x4d,
    0x8a,0x4d,0x8a,0x4d,0x8a,0x4d,0x8a,0x55,0x49,0x45,0xcd,0x65,0x9c,0xe7,0xff,0xff,
    0xff,0xff,0xff,0xff,0xff,0xff,0xff,0xff,0xff,0xff,0xff,0xff,0xff,0xff,0xff,0xff,
    0xff,0xff,0xff,0xff,0xff,0xff,0x17,0xbf,0x6a,0x4d,0x69,0x4d,0x8a,0x55,0x8a,0x4d,
    0x8a,0x4d,0x8a,0x4d,0x8a,0x4d,0x8a,0x4d,0x8a,0x4d,0x8a,0x4d,0x8a,0x4d,0x8a,0x4d,
    0x8a,0x4d,0x8a,0x4d,0x8a,0x4d,0x8a,0x4d,0x8a,0x4d,0x8a,0x4d,0x8a,0x4d,0x8a,0x4d,
    0x8a,0x4d,0x8a,0x4d,0x8a,0x4d,0x8a,0x4d,0x8a,0x4d,0x8a,0x4d,0x8a,0x4d,0x8a,0x4d,
    0x8a,0x4d,0x8a,0x4d,0x8a,0x4d,0x8a,0x4d,0x8a,0x4d,0x8a,0x4d,0x8a,0x4d,0x8a,0x4d,
    0x8a,0x4d,0x8a,0x4d,0x8a,0x4d,0x8a,0x4d,0x6a,0x4d,0xcb,0x55,0x8a,0x4d,0x00,0x00,
    0x00,0x00,0x8a,0x4d,0xaa,0x55,0x8a,0x4d,0x8a,0x4d,0x8a,0x4d,0x8a,0x4d,0x8a,0x4d,
    0x8a,0x4d,0x8a,0x4d,0x8a,0x4d,0x8a,0x4d,0x8a,0x4d,0x8a,0x4d,0x8a,0x4d,0x8a,0x4d,
    0x8a,0x4d,0x8a,0x4d,0x8a,0x4d,0x8a,0x4d,0x8a,0x4d,0x8a,0x4d,0x8a,0x4d,0x8a,0x4d,
    0x8a,0x4d,0x8a,0x4d,0x8a,0x4d,0x8a,0x4d,0x8a,0x4d,0x8a,0x4d,0x8a,0x4d,0x8a,0x4d,
    0x8a,0x4d,0x8a,0x4d,0x8a,0x4d,0x8a,0x4d,0x8a,0x4d,0x8a,0x4d,0x8a,0x4d,0x8a,0x4d,
    0x8a,0x4d,0x8a,0x4d,0x8a,0x4d,0x8a,0x4d,0x8a,0x4d,0x8a,0x4d,0x8a,0x4d,0x8a,0x4d,
    0x8a,0x4d,0x8a,0x4d,0x8a,0x4d,0x8a,0x4d,0x8a,0x4d,0x8a,0x4d,0x8a,0x4d,0x8a,0x4d,
    0x8a,0x4d,0x8a,0x4d,0x8a,0x4d,0x8a,0x4d,0x8a,0x4d,0x8a,0x4d,0x8a,0x4d,0x8a,0x4d,
    0x8a,0x4d,0x8a,0x4d,0x8a,0x4d,0x8a,0x4d,0x8a,0x4d,0x8a,0x4d,0x8a,0x4d,0x8a,0x4d,
    0x8a,0x4d,0x8a,0x4d,0x8a,0x4d,0x8a,0x4d,0x8a,0x4d,0x8a,0x4d,0x8a,0x4d,0x8a,0x4d,
    0x8a,0x4d,0x8a,0x4d,0x8a,0x4d,0x8a,0x4d,0x8a,0x4d,0x8a,0x4d,0x8a,0x4d,0x8a,0x4d,
    0x8a,0x4d,0x8a,0x4d,0x8a,0x4d,0x8a,0x55,0x8a,0x55,0x48,0x45,0x30,0x86,0xde,0xf7,
    0xff,0xff,0xff,0xff,0xff,0xff,0xff,0xff,0xff,0xff,0xff,0xff,0xff,0xff,0xff,0xff,
    0xff,0xff,0xff,0xff,0xff,0xff,0xff,0xff,0xb4,0x9e,0x49,0x45,0x6a,0x4d,0x8a,0x55,
    0x8a,0x4d,0x8a,0x4d,0x8a,0x4d,0x8a,0x4d,0x8a,0x4d,0x8a,0x4d,0x8a,0x4d,0x8a,0x4d,
    0x8a,0x4d,0x8a,0x4d,0x8a,0x4d,0x8a,0x4d,0x8a,0x4d,0x8a,0x4d,0x8a,0x4d,0x8a,0x4d,
    0x8a,0x4d,0x8a,0x4d,0x8a,0x4d,0x8a,0x4d,0x8a,0x4d,0x8a,0x4d,0x8a,0x4d,0x8a,0x4d,
    0x8a,0x4d,0x8a,0x4d,0x8a,0x4d,0x8a,0x4d,0x8a,0x4d,0x8a,0x4d,0x8a,0x4d,0x8a,0x4d,
    0x8a,0x4d,0x8a,0x4d,0x8a,0x4d,0x8a,0x4d,0x8a,0x4d,0x8a,0x4d,0x8a,0x4d,0xaa,0x55,
    0x6a,0x4d,0x00,0x00,0x8a,0x4d,0x8a,0x4d,0x8a,0x55,0x6a,0x4d,0x8a,0x4d,0x8a,0x4d,
    0x8a,0x4d,0x8a,0x4d,0x8a,0x4d,0x8a,0x4d,0x8a,0x4d,0x8a,0x4d,0x8a,0x4d,0x8a,0x4d,
    0x8a,0x4d,0x8a,0x4d,0x8a,0x4d,0x8a,0x4d,0x8a,0x4d,0x8a,0x4d,0x8a,0x4d,0x8a,0x4d,
    0x8a,0x4d,0x8a,0x4d,0x8a,0x4d,0x8a,0x4d,0x8a,0x4d,0x8a,0x4d,0x8a,0x4d,0x8a,0x4d,
    0x8a,0x4d,0x8a,0x4d,0x8a,0x4d,0x8a,0x4d,0x8a,0x4d,0x8a,0x4d,0x8a,0x4d,0x8a,0x4d,
    0x8a,0x4d,0x8a,0x4d,0x8a,0x4d,0x8a,0x4d,0x8a,0x4d,0x8a,0x4d,0x8a,0x4d,0x8a,0x4d,
    0x8a,0x4d,0x8a,0x4d,0x8a,0x4d,0x8a,0x4d,0x8a,0x4d,0x8a,0x4d,0x8a,0x4d,0x8a,0x4d,
    0x8a,0x4d,0x8a,0x4d,0x8a,0x4d,0x8a,0x4d,0x8a,0x4d,0x8a,0x4d,0x8a,0x4d,0x8a,0x4d,
    0x8a,0x4d,0x8a,0x4d,0x8a,0x4d,0x8a,0x4d,0x8a,0x4d,0x8a,0x4d,0x8a,0x4d,0x8a,0x4d,
    0x8a,0x4d,0x8a,0x4d,0x8a,0x4d,0x8a,0x4d,0x8a,0x4d,0x8a,0x4d,0x8a,0x4d,0x8a,0x4d,
    0x8a,0x4d,0x8a,0x4d,0x8a,0x4d,0x8a,0x4d,0x8a,0x4d,0x8a,0x4d,0x8a,0x4d,0x8a,0x4d,
    0x8a,0x4d,0x8a,0x4d,0x8a,0x4d,0x8a,0x4d,0x8a,0x55,0x8a,0x4d,0x49,0x45,0x93,0x9e,
    0xff,0xff,0xff,0xff,0xff,0xff,0xff,0xff,0xff,0xff,0xff,0xff,0xff,0xff,0xff,0xff,
    0xff,0xff,0xff,0xff,0xff,0xff,0xff,0xff,0xde,0xf7,0x30,0x86,0x48,0x45,0x8a,0x55,
    0x8a,0x55,0x8a,0x4d,0x8a,0x4d,0x8a,0x4d,0x8a,0x4d,0x8a,0x4d,0x8a,0x4d,0x8a,0x4d,
    0x8a,0x4d,0x8a,0x4d,0x8a,0x4d,0x8a,0x4d,0x8a,0x4d,0x8a,0x4d,0x8a,0x4d,0x8a,0x4d,
    0x8a,0x4d,0x8a,0x4d,0x8a,0x4d,0x8a,0x4d,0x8a,0x4d,0x8a,0x4d,0x8a,0x4d,0x8a,0x4d,
    0x8a,0x4d,0x8a,0x4d,0x8a,0x4d,0x8a,0x4d,0x8a,0x4d,0x8a,0x4d,0x8a,0x4d,0x8a,0x4d,
    0x8a,0x4d,0x8a,0x4d,0x8a,0x4d,0x8a,0x4d,0x8a,0x4d,0x8a,0x4d,0x8a,0x4d,0x8a,0x4d,
    0x6a,0x4d,0x8a,0x55,0x6a,0x4d,0x6a,0x4d,0x8a,0x4d,0xaa,0x55,0x6a,0x4d,0x8a,0x4d,
    0x8a,0x4d,0x8a,0x4d,0x8a,0x4d,0x8a,0x4d,0x8a,0x4d,0x8a,0x4d,0x8a,0x4d,0x8a,0x4d,
    0x8a,0x4d,0x8a,0x4d,0x8a,0x4d,0x8a,0x4d,0x8a,0x4d,0x8a,0x4d,0x8a,0x4d,0x8a,0x4d,
    0x8a,0x4d,0x8a,0x4d,0x8a,0x4d,0x8a,0x4d,0x8a,0x4d,0x8a,0x4d,0x8a,0x4d,0x8a,0x4d,
    0x8a,0x4d,0x8a,0x4d,0x8a,0x4d,0x8a,0x4d,0x8a,0x4d,0x8a,0x4d,0x8a,0x4d,0x8a,0x4d,
    0x8a,0x4d,0x8a,0x4d,0x8a,0x4d,0x8a,0x4d,0x8a,0x4d,0x8a,0x4d,0x8a,0x4d,0x8a,0x4d,
    0x8a,0x4d,0x8a,0x4d,0x8a,0x4d,0x8a,0x4d,0x8a,0x4d,0x8a,0x4d,0x8a,0x4d,0x8a,0x4d,
    0x8a,0x4d,0x8a,0x4d,0x8a,0x4d,0x8a,0x4d,0x8a,0x4d,0x8a,0x4d,0x8a,0x4d,0x8a,0x4d,
    0x8a,0x4d,0x8a,0x4d,0x8a,0x4d,0x8a,0x4d,0x8a,0x4d,0x8a,0x4d,0x8a,0x4d,0x8a,0x4d,
    0x8a,0x4d,0x8a,0x4d,0x8a,0x4d,0x8a,0x4d,0x8a,0x4d,0x8a,0x4d,0x8a,0x4d,0x8a,0x4d,
    0x8a,0x4d,0x8a,0x4d,0x8a,0x4d,0x8a,0x4d,0x8a,0x4d,0x8a,0x4d,0x8a,0x4d,0x8a,0x4d,
    0x8a,0x4d,0x8a,0x4d,0x8a,0x4d,0x8a,0x4d,0x8a,0x4d,0x8a,0x55,0x69,0x4d,0x6a,0x4d,
    0xf7,0xb6,0xff,0xff,0xff,0xff,0xff,0xff,0xff,0xff,0xff,0xff,0xff,0xff,0xff,0xff,
    0xff,0xff,0xff,0xff,0xff,0xff,0xff,0xff,0xff,0xff,0x9c,0xe7,0xed,0x6d,0x49,0x45,
    0x8a,0x55,0x8a,0x4d,0x8a,0x4d,0x8a,0x4d,0x8a,0x4d,0x8a,0x4d,0x8a,0x4d,0x8a,0x4d,
    0x8a,0x4d,0x8a,0x4d,0x8a,0x4d,0x8a,0x4d,0x8a,0x4d,0x8a,0x4d,0x8a,0x4d,0x8a,0x4d,
    0x8a,0x4d,0x8a,0x4d,0x8a,0x4d,0x8a,0x4d,0x8a,0x4d,0x8a,0x4d,0x8a,0x4d,0x8a,0x4d,
    0x8a,0x4d,0x8a,0x4d,0x8a,0x4d,0x8a,0x4d,0x8a,0x4d,0x8a,0x4d,0x8a,0x4d,0x8a,0x4d,
    0x8a,0x4d,0x8a,0x4d,0x8a,0x4d,0x8a,0x4d,0x8a,0x4d,0x8a,0x4d,0x8a,0x4d,0x8a,0x4d,
    0x8a,0x4d,0x8a,0x4d,0x8a,0x4d,0x6a,0x4d,0xaa,0x55,0xaa,0x55,0x6a,0x4d,0xcb,0x55,
    0x6a,0x4d,0x8a,0x4d,0x8a,0x4d,0x8a,0x4d,0x8a,0x4d,0x8a,0x4d,0x8a,0x4d,0x8a,0x4d,
    0x8a,0x4d,0x8a,0x4d,0x8a,0x4d,0x8a,0x4d,0x8a,0x4d,0x8a,0x4d,0x8a,0x4d,0x8a,0x4d,
    0x8a,0x4d,0x8a,0x4d,0x8a,0x4d,0x8a,0x4d,0x8a,0x4d,0x8a,0x4d,0x8a,0x4d,0x8a,0x4d,
    0x8a,0x4d,0x8a,0x4d,0x8a,0x4d,0x8a,0x4d,0x8a,0x4d,0x8a,0x4d,0x8a,0x4d,0x8a,0x4d,
    0x8a,0x4d,0x8a,0x4d,0x8a,0x4d,0x8a,0x4d,0x8a,0x4d,0x8a,0x4d,0x8a,0x4d,0x8a,0x4d,
    0x8a,0x4d,0x8a,0x4d,0x8a,0x4d,0x8a,0x4d,0x8a,0x4d,0x8a,0x4d,0x8a,0x4d,0x8a,0x4d,
    0x8a,0x4d,0x8a,0x4d,0x8a,0x4d,0x8a,0x4d,0x8a,0x4d,0x8a,0x4d,0x8a,0x4d,0x8a,0x4d,
    0x8a,0x4d,0x8a,0x4d,0x8a,0x4d,0x8a,0x4d,0x8a,0x4d,0x8a,0x4d,0x8a,0x4d,0x8a,0x4d,
    0x8a,0x4d,0x8a,0x4d,0x8a,0x4d,0x8a,0x4d,0x8a,0x4d,0x8a,0x4d,0x8a,0x4d,0x8a,0x4d,
    0x8a,0x4d,0x8a,0x4d,0x8a,0x4d,0x8a,0x4d,0x8a,0x4d,0x8a,0x4d,0x8a,0x4d,0x8a,0x4d,
    0x8a,0x4d,0x8a,0x4d,0x8a,0x4d,0x8a,0x4d,0x8a,0x4d,0x8a,0x4d,0x8a,0x55,0x69,0x45,
    0xab,0x5d,0x5a,0xd7,0xff,0xff,0xff,0xff,0xff,0xff,0xff,0xff,0xff,0xff,0xff,0xff,
    0xff,0xff,0xff,0xff,0xff,0xff,0xff,0xff,0xff,0xff,0xff,0xff,0x5a,0xcf,0xab,0x55,
    0x69,0x45,0x8a,0x55,0x8a,0x4d,0x8a,0x4d,0x8a,0x4d,0x8a,0x4d,0x8a,0x4d,0x8a,0x4d,
    0x8a,0x4d,0x8a,0x4d,0x8a,0x4d,0x8a,0x4d,0x8a,0x4d,0x8a,0x4d,0x8a,0x4d,0x8a,0x4d,
    0x8a,0x4d,0x8a,0x4d,0x8a,0x4d,0x8a,0x4d,0x8a,0x4d,0x8a,0x4d,0x8a,0x4d,0x8a,0x4d,
    0x8a,0x4d,0x8a,0x4d,0x8a,0x4d,0x8a,0x4d,0x8a,0x4d,0x8a,0x4d,0x8a,0x4d,0x8a,0x4d,
    0x8a,0x4d,0x8a,0x4d,0x8a,0x4d,0x8a,0x4d,0x8a,0x4d,0x8a,0x4d,0x8a,0x4d,0x8a,0x4d,
    0x8a,0x4d,0x8a,0x4d,0x8a,0x4d,0x8a,0x4d,0x8a,0x4d,0x6a,0x4d,0xcb,0x55,0x6a,0x4d,
    0x8a,0x55,0xeb,0x55,0x6a,0x4d,0x8a,0x4d,0x8a,0x4d,0x8a,0x4d,0x8a,0x4d,0x8a,0x4d,
    0x8a,0x4d,0x8a,0x4d,0x8a,0x4d,0x8a,0x4d,0x8a,0x4d,0x8a,0x4d,0x8a,0x4d,0x8a,0x4d,
    0x8a,0x4d,0x8a,0x4d,0x8a,0x4d,0x8a,0x4d,0x8a,0x4d,0x8a,0x4d,0x8a,0x4d,0x8a,0x4d,
    0x8a,0x4d,0x8a,0x4d,0x8a,0x4d,0x8a,0x4d,0x8a,0x4d,0x8a,0x4d,0x8a,0x4d,0x8a,0x4d,
    0x8a,0x4d,0x8a,0x4d,0x8a,0x4d,0x8a,0x4d,0x8a,0x4d,0x8a,0x4d,0x8a,0x4d,0x8a,0x4d,
    0x8a,0x4d,0x8a,0x4d,0x8a,0x4d,0x8a,0x4d,0x8a,0x4d,0x8a,0x4d,0x8a,0x4d,0x8a,0x4d,
    0x8a,0x4d,0x8a,0x4d,0x8a,0x4d,0x8a,0x4d,0x8a,0x4d,0x8a,0x4d,0x8a,0x4d,0x8a,0x4d,
    0x8a,0x4d,0x8a,0x4d,0x8a,0x4d,0x8a,0x4d,0x8a,0x4d,0x8a,0x4d,0x8a,0x4d,0x8a,0x4d,
    0x8a,0x4d,0x8a,0x4d,0x8a,0x4d,0x8a,0x4d,0x8a,0x4d,0x8a,0x4d,0x8a,0x4d,0x8a,0x4d,
    0x8a,0x4d,0x8a,0x4d,0x8a,0x4d,0x8a,0x4d,0x8a,0x4d,0x8a,0x4d,0x8a,0x4d,0x8a,0x4d,
    0x8a,0x4d,0x8a,0x4d,0x8a,0x4d,0x8a,0x4d,0x8a,0x4d,0x8a,0x4d,0x8a,0x4d,0x8a,0x55,
    0x49,0x45,0xee,0x6d,0xbd,0xef,0xff,0xff,0xff,0xff,0xff,0xff,0xff,0xff,0xff,0xff,
    0xff,0xff,0xff,0xff,0xff,0xff,0xff,0xff,0xff,0xff,0xff,0xff,0xff,0xff,0xf6,0xb6,
    0x69,0x4d,0x69,0x4d,0x8a,0x55,0x8a,0x4d,0x8a,0x4d,0x8a,0x4d,0x8a,0x4d,0x8a,0x4d,
    0x8a,0x4d,0x8a,0x4d,0x8a,0x4d,0x8a,0x4d,0x8a,0x4d,0x8a,0x4d,0x8a,0x4d,0x8a,0x4d,
    0x8a,0x4d,0x8a,0x4d,0x8a,0x4d,0x8a,0x4d,0x8a,0x4d,0x8a,0x4d,0x8a,0x4d,0x8a,0x4d,
    0x8a,0x4d,0x8a,0x4d,0x8a,0x4d,0x8a,0x4d,0x8a,0x4d,0x8a,0x4d,0x8a,0x4d,0x8a,0x4d,
    0x8a,0x4d,0x8a,0x4d,0x8a,0x4d,0x8a,0x4d,0x8a,0x4d,0x8a,0x4d,0x8a,0x4d,0x8a,0x4d,
    0x8a,0x4d,0x8a,0x4d,0x8a,0x4d,0x8a,0x4d,0x8a,0x4d,0x8a,0x4d,0x8a,0x4d,0x6a,0x4d,
    0xeb,0x55,0x8a,0x4d,0x8a,0x4d,0xcb,0x55,0x8a,0x4d,0x8a,0x4d,0x8a,0x4d,0x8a,0x4d,
    0x8a,0x4d,0x8a,0x4d,0x8a,0x4d,0x8a,0x4d,0x8a,0x4d,0x8a,0x4d,0x8a,0x4d,0x8a,0x4d,
    0x8a,0x4d,0x8a,0x4d,0x8a,0x4d,0x8a,0x4d,0x8a,0x4d,0x8a,0x4d,0x8a,0x4d,0x8a,0x4d,
    0x8a,0x4d,0x8a,0x4d,0x8a,0x4d,0x8a,0x4d,0x8a,0x4d,0x8a,0x4d,0x8a,0x4d,0x8a,0x4d,
    0x8a,0x4d,0x8a,0x4d,0x8a,0x4d,0x8a,0x4d,0x8a,0x4d,0x8a,0x4d,0x8a,0x4d,0x8a,0x4d,
    0x8a,0x4d,0x8a,0x4d,0x8a,0x4d,0x8a,0x55,0x8a,0x55,0x8a,0x55,0x8a,0x55,0x8a,0x4d,
    0x8a,0x4d,0x8a,0x4d,0x8a,0x4d,0x8a,0x4d,0x8a,0x4d,0x8a,0x4d,0x8a,0x4d,0x8a,0x4d,
    0x8a,0x4d,0x8a,0x4d,0x8a,0x4d,0x8a,0x4d,0x8a,0x4d,0x8a,0x4d,0x8a,0x4d,0x8a,0x4d,
    0x8a,0x4d,0x8a,0x4d,0x8a,0x4d,0x8a,0x4d,0x8a,0x4d,0x8a,0x4d,0x8a,0x4d,0x8a,0x4d,
    0x8a,0x4d,0x8a,0x4d,0x8a,0x4d,0x8a,0x4d,0x8a,0x4d,0x8a,0x4d,0x8a,0x4d,0x8a,0x4d,
    0x8a,0x4d,0x8a,0x4d,0x8a,0x4d,0x8a,0x4d,0x8a,0x4d,0x8a,0x4d,0x8a,0x4d,0x8a,0x55,
    0x8a,0x55,0x48,0x45,0x51,0x86,0xff,0xff,0xff,0xff,0xff,0xff,0xff,0xff,0xff,0xff,
    0xff,0xff,0xff,0xff,0xff,0xff,0xff,0xff,0xff,0xff,0xff,0xff,0xff,0xff,0xff,0xff,
    0x93,0x96,0x49,0x45,0x8a,0x4d,0x8a,0x55,0x8a,0x4d,0x8a,0x4d,0x8a,0x4d,0x8a,0x4d,
    0x8a,0x4d,0x8a,0x4d,0x8a,0x4d,0x8a,0x4d,0x8a,0x4d,0x8a,0x4d,0x8a,0x4d,0x8a,0x4d,
    0x8a,0x4d,0x8a,0x4d,0x8a,0x4d,0x8a,0x4d,0x8a,0x4d,0x8a,0x4d,0x8a,0x4d,0x8a,0x4d,
    0x8a,0x4d,0x8a,0x4d,0x8a,0x4d,0x8a,0x4d,0x8a,0x4d,0x8a,0x4d,0x8a,0x4d,0x8a,0x4d,
    0x8a,0x4d,0x8a,0x4d,0x8a,0x4d,0x8a,0x4d,0x8a,0x4d,0x8a,0x4d,0x8a,0x4d,0x8a,0x4d,
    0x8a,0x4d,0x8a,0x4d,0x8a,0x4d,0x8a,0x4d,0x8a,0x4d,0x8a,0x4d,0x8a,0x4d,0x8a,0x4d,
    0x8a,0x4d,0x8a,0x4d,0xcb,0x55,0x6a,0x4d,0x8a,0x4d,0xca,0x55,0x8a,0x4d,0x8a,0x4d,
    0x8a,0x4d,0x8a,0x4d,0x8a,0x4d,0x8a,0x4d,0x8a,0x4d,0x8a,0x4d,0x8a,0x4d,0x8a,0x4d,
    0x8a,0x4d,0x8a,0x4d,0x8a,0x4d,0x8a,0x4d,0x8a,0x4d,0x8a,0x4d,0x8a,0x4d,0x8a,0x4d,
    0x8a,0x4d,0x8a,0x4d,0x8a,0x4d,0x8a,0x4d,0x8a,0x4d,0x8a,0x4d,0x8a,0x4d,0x8a,0x4d,
    0x8a,0x4d,0x8a,0x4d,0x8a,0x4d,0x8a,0x4d,0x8a,0x4d,0x8a,0x4d,0x8a,0x4d,0x8a,0x4d,
    0x8a,0x4d,0x8a,0x4d,0x8a,0x4d,0x8a,0x55,0x8a,0x4d,0x69,0x45,0x48,0x45,0x48,0x45,
    0x49,0x45,0x6a,0x4d,0x8a,0x55,0x8a,0x4d,0x8a,0x4d,0x8a,0x4d,0x8a,0x4d,0x8a,0x4d,
    0x8a,0x4d,0x8a,0x4d,0x8a,0x4d,0x8a,0x4d,0x8a,0x4d,0x8a,0x4d,0x8a,0x4d,0x8a,0x4d,
    0x8a,0x4d,0x8a,0x4d,0x8a,0x4d,0x8a,0x4d,0x8a,0x4d,0x8a,0x4d,0x8a,0x4d,0x8a,0x4d,
    0x8a,0x4d,0x8a,0x4d,0x8a,0x4d,0x8a,0x4d,0x8a,0x4d,0x8a,0x4d,0x8a,0x4d,0x8a,0x4d,
    0x8a,0x4d,0x8a,0x4d,0x8a,0x4d,0x8a,0x4d,0x8a,0x4d,0x8a,0x4d,0x8a,0x4d,0x8a,0x4d,
    0x8a,0x55,0x6a,0x4d,0x69,0x45,0xb4,0xa6,0xff,0xff,0xff,0xff,0xff,0xff,0xff,0xff,
    0xff,0xff,0xff,0xff,0xff,0xff,0xff,0xff,0xff,0xff,0xff,0xff,0xff,0xff,0xff,0xff,
    0xde,0xf7,0x2f,0x7e,0x48,0x45,0x8a,0x55,0x8a,0x55,0x8a,0x4d,0x8a,0x4d,0x8a,0x4d,
    0x8a,0x4d,0x8a,0x4d,0x8a,0x4d,0x8a,0x4d,0x8a,0x4d,0x8a,0x4d,0x8a,0x4d,0x8a,0x4d,
    0x8a,0x4d,0x8a,0x4d,0x8a,0x4d,0x8a,0x4d,0x8a,0x4d,0x8a,0x4d,0x8a,0x4d,0x8a,0x4d,
    0x8a,0x4d,0x8a,0x4d,0x8a,0x4d,0x8a,0x4d,0x8a,0x4d,0x8a,0x4d,0x8a,0x4d,0x8a,0x4d,
    0x8a,0x4d,0x8a,0x4d,0x8a,0x4d,0x8a,0x4d,0x8a,0x4d,0x8a,0x4d,0x8a,0x4d,0x8a,0x4d,
    0x8a,0x4d,0x8a,0x4d,0x8a,0x4d,0x8a,0x4d,0x8a,0x4d,0x8a,0x4d,0x8a,0x4d,0x8a,0x4d,
    0x8a,0x4d,0x8a,0x4d,0x8a,0x4d,0x8a,0x4d,0xca,0x55,0x6a,0x4d,0x6a,0x4d,0xaa,0x55,
    0x8a,0x4d,0x8a,0x4d,0x8a,0x4d,0x8a,0x4d,0x8a,0x4d,0x8a,0x4d,0x8a,0x4d,0x8a,0x4d,
    0x8a,0x4d,0x8a,0x4d,0x8a,0x4d,0x8a,0x4d,0x8a,0x4d,0x8a,0x4d,0x8a,0x4d,0x8a,0x4d,
    0x8a,0x4d,0x8a,0x4d,0x8a,0x4d,0x8a,0x4d,0x8a,0x4d,0x8a,0x4d,0x8a,0x4d,0x8a,0x4d,
    0x8a,0x4d,0x8a,0x4d,0x8a,0x4d,0x8a,0x4d,0x8a,0x4d,0x8a,0x4d,0x8a,0x4d,0x8a,0x4d,
    0x8a,0x4d,0x8a,0x4d,0x8a,0x4d,0x8a,0x4d,0x8a,0x55,0x69,0x4d,0x6a,0x4d,0x0f,0x7e,
    0x93,0x9e,0xb4,0x9e,0x51,0x86,0xab,0x5d,0x49,0x45,0x8a,0x55,0x8a,0x4d,0x8a,0x4d,
    0x8a,0x4d,0x8a,0x4d,0x8a,0x4d,0x8a,0x4d,0x8a,0x4d,0x8a,0x4d,0x8a,0x4d,0x8a,0x4d,
    0x8a,0x4d,0x8a,0x4d,0x8a,0x4d,0x8a,0x4d,0x8a,0x4d,0x8a,0x4d,0x8a,0x4d,0x8a,0x4d,
    0x8a,0x4d,0x8a,0x4d,0x8a,0x4d,0x8a,0x4d,0x8a,0x4d,0x8a,0x4d,0x8a,0x4d,0x8a,0x4d,
    0x8a,0x4d,0x8a,0x4d,0x8a,0x4d,0x8a,0x4d,0x8a,0x4d,0x8a,0x4d,0x8a,0x4d,0x8a,0x4d,
    0x8a,0x4d,0x8a,0x55,0x69,0x4d,0x8a,0x55,0x18,0xbf,0xff,0xff,0xff,0xff,0xff,0xff,
    0xff,0xff,0xff,0xff,0xff,0xff,0xff,0xff,0xff,0xff,0xff,0xff,0xff,0xff,0xff,0xff,
    0xff,0xff,0x9b,0xdf,0xcd,0x65,0x49,0x45,0x8a,0x55,0x8a,0x4d,0x8a,0x4d,0x8a,0x4d,
    0x8a,0x4d,0x8a,0x4d,0x8a,0x4d,0x8a,0x4d,0x8a,0x4d,0x8a,0x4d,0x8a,0x4d,0x8a,0x4d,
    0x8a,0x4d,0x8a,0x4d,0x8a,0x4d,0x8a,0x4d,0x8a,0x4d,0x8a,0x4d,0x8a,0x4d,0x8a,0x4d,
    0x8a,0x4d,0x8a,0x4d,0x8a,0x4d,0x8a,0x4d,0x8a,0x4d,0x8a,0x4d,0x8a,0x4d,0x8a,0x4d,
    0x8a,0x4d,0x8a,0x4d,0x8a,0x4d,0x8a,0x4d,0x8a,0x4d,0x8a,0x4d,0x8a,0x4d,0x8a,0x4d,
    0x8a,0x4d,0x8a,0x4d,0x8a,0x4d,0x8a,0x4d,0x8a,0x4d,0x8a,0x4d,0x8a,0x4d,0x8a,0x4d,
    0x8a,0x4d,0x8a,0x4d,0x8a,0x4d,0x8a,0x4d,0x8a,0x4d,0x8a,0x4d,0xaa,0x55,0x6a,0x4d,
    0x6a,0x4d,0x8a,0x55,0x6a,0x4d,0x8a,0x4d,0x8a,0x4d,0x8a,0x4d,0x8a,0x4d,0x8a,0x4d,
    0x8a,0x4d,0x8a,0x4d,0x8a,0x4d,0x8a,0x4d,0x8a,0x4d,0x8a,0x4d,0x8a,0x4d,0x8a,0x4d,
    0x8a,0x4d,0x8a,0x4d,0x8a,0x4d,0x8a,0x4d,0x8a,0x4d,0x8a,0x4d,0x8a,0x4d,0x8a,0x4d,
    0x8a,0x4d,0x8a,0x4d,0x8a,0x4d,0x8a,0x4d,0x8a,0x4d,0x8a,0x4d,0x8a,0x4d,0x8a,0x4d,
    0x8a,0x4d,0x8a,0x4d,0x8a,0x4d,0x8a,0x4d,0x8a,0x4d,0x8a,0x55,0x69,0x4d,0xcd,0x6d,
    0x7b,0xdf,0xff,0xff,0xff,0xff,0xff,0xff,0xff,0xff,0xde,0xf7,0x72,0x8e,0x49,0x45,
    0x6a,0x4d,0x8a,0x55,0x8a,0x4d,0x8a,0x4d,0x8a,0x4d,0x8a,0x4d,0x8a,0x4d,0x8a,0x4d,
    0x8a,0x4d,0x8a,0x4d,0x8a,0x4d,0x8a,0x4d,0x8a,0x4d,0x8a,0x4d,0x8a,0x4d,0x8a,0x4d,
    0x8a,0x4d,0x8a,0x4d,0x8a,0x4d,0x8a,0x4d,0x8a,0x4d,0x8a,0x4d,0x8a,0x4d,0x8a,0x4d,
    0x8a,0x4d,0x8a,0x4d,0x8a,0x4d,0x8a,0x4d,0x8a,0x4d,0x8a,0x4d,0x8a,0x4d,0x8a,0x4d,
    0x8a,0x4d,0x8a,0x4d,0x8a,0x55,0x49,0x45,0xac,0x5d,0x7b,0xdf,0xff,0xff,0xff,0xff,
    0xff,0xff,0xff,0xff,0xff,0xff,0xff,0xff,0xff,0xff,0xff,0xff,0xff,0xff,0xff,0xff,
    0xff,0xff,0xff,0xff,0x38,0xc7,0x8a,0x55,0x69,0x4d,0x8a,0x55,0x8a,0x4d,0x8a,0x4d,
    0x8a,0x4d,0x8a,0x4d,0x8a,0x4d,0x8a,0x4d,0x8a,0x4d,0x8a,0x4d,0x8a,0x4d,0x8a,0x4d,
    0x8a,0x4d,0x8a,0x4d,0x8a,0x4d,0x8a,0x4d,0x8a,0x4d,0x8a,0x4d,0x8a,0x4d,0x8a,0x4d,
    0x8a,0x4d,0x8a,0x4d,0x8a,0x4d,0x8a,0x4d,0x8a,0x4d,0x8a,0x4d,0x8a,0x4d,0x8a,0x4d,
    0x8a,0x4d,0x8a,0x4d,0x8a,0x4d,0x8a,0x4d,0x8a,0x4d,0x8a,0x4d,0x8a,0x4d,0x8a,0x4d,
    0x8a,0x4d,0x8a,0x4d,0x8a,0x4d,0x8a,0x4d,0x8a,0x4d,0x8a,0x4d,0x8a,0x4d,0x8a,0x4d,
    0x8a,0x4d,0x8a,0x4d,0x8a,0x4d,0x8a,0x4d,0x8a,0x4d,0x8a,0x4d,0x8a,0x4d,0x6a,0x4d,
    0x8a,0x55,0x6a,0x4d,0x8a,0x4d,0x8a,0x55,0x8a,0x4d,0x8a,0x4d,0x8a,0x4d,0x8a,0x4d,
    0x8a,0x4d,0x8a,0x4d,0x8a,0x4d,0x8a,0x4d,0x8a,0x4d,0x8a,0x4d,0x8a,0x4d,0x8a,0x4d,
    0x8a,0x4d,0x8a,0x4d,0x8a,0x4d,0x8a,0x4d,0x8a,0x4d,0x8a,0x4d,0x8a,0x4d,0x8a,0x4d,
    0x8a,0x4d,0x8a,0x4d,0x8a,0x4d,0x8a,0x4d,0x8a,0x4d,0x8a,0x4d,0x8a,0x4d,0x8a,0x4d,
    0x8a,0x4d,0x8a,0x4d,0x8a,0x4d,0x8a,0x4d,0x8a,0x4d,0x8a,0x4d,0x8a,0x55,0x6a,0x4d,
    0xac,0x5d,0xbd,0xef,0xff,0xff,0xff,0xff,0xff,0xff,0xff,0xff,0xff,0xff,0xff,0xff,
    0xff,0xff,0xd6,0xae,0x69,0x4d,0x6a,0x4d,0x8a,0x55,0x8a,0x4d,0x8a,0x4d,0x8a,0x4d,
    0x8a,0x4d,0x8a,0x4d,0x8a,0x4d,0x8a,0x4d,0x8a,0x4d,0x8a,0x4d,0x8a,0x4d,0x8a,0x4d,
    0x8a,0x4d,0x8a,0x4d,0x8a,0x4d,0x8a,0x4d,0x8a,0x4d,0x8a,0x4d,0x8a,0x4d,0x8a,0x4d,
    0x8a,0x4d,0x8a,0x4d,0x8a,0x4d,0x8a,0x4d,0x8a,0x4d,0x8a,0x4d,0x8a,0x4d,0x8a,0x4d,
    0x8a,0x4d,0x8a,0x4d,0x8a,0x4d,0x8a,0x55,0x48,0x45,0x0f,0x76,0xbd,0xef,0xff,0xff,
    0xff,0xff,0xff,0xff,0xff,0xff,0xff,0xff,0xff,0xff,0xff,0xff,0xff,0xff,0xff,0xff,
    0xff,0xff,0xff,0xff,0xff,0xff,0xd5,0xae,0x69,0x4d,0x6a,0x4d,0x8a,0x55,0x8a,0x4d,
    0x8a,0x4d,0x8a,0x4d,0x8a,0x4d,0x8a,0x4d,0x8a,0x4d,0x8a,0x4d,0x8a,0x4d,0x8a,0x4d,
    0x8a,0x4d,0x8a,0x4d,0x8a,0x4d,0x8a,0x4d,0x8a,0x4d,0x8a,0x4d,0x8a,0x4d,0x8a,0x4d,
    0x8a,0x4d,0x8a,0x4d,0x8a,0x4d,0x8a,0x4d,0x8a,0x4d,0x8a,0x4d,0x8a,0x4d,0x8a,0x4d,
    0x8a,0x4d,0x8a,0x4d,0x8a,0x4d,0x8a,0x4d,0x8a,0x4d,0x8a,0x4d,0x8a,0x4d,0x8a,0x4d,
    0x8a,0x4d,0x8a,0x4d,0x8a,0x4d,0x8a,0x4d,0x8a,0x4d,0x8a,0x4d,0x8a,0x4d,0x8a,0x4d,
    0x8a,0x4d,0x8a,0x4d,0x8a,0x4d,0x8a,0x4d,0x8a,0x4d,0x8a,0x4d,0x8a,0x4d,0x8a,0x4d,
    0x8a,0x4d,0x8a,0x4d,0x8a,0x55,0x6a,0x4d,0x8a,0x4d,0x8a,0x4d,0x8a,0x4d,0x8a,0x4d,
    0x8a,0x4d,0x8a,0x4d,0x8a,0x4d,0x8a,0x4d,0x8a,0x4d,0x8a,0x4d,0x8a,0x4d,0x8a,0x4d,
    0x8a,0x4d,0x8a,0x4d,0x8a,0x4d,0x8a,0x4d,0x8a,0x4d,0x8a,0x4d,0x8a,0x4d,0x8a,0x4d,
    0x8a,0x4d,0x8a,0x4d,0x8a,0x4d,0x8a,0x4d,0x8a,0x4d,0x8a,0x4d,0x8a,0x4d,0x8a,0x4d,
    0x8a,0x4d,0x8a,0x4d,0x8a,0x4d,0x8a,0x4d,0x8a,0x4d,0x8a,0x4d,0x8a,0x4d,0x8a,0x4d,
    0x8a,0x55,0x48,0x45,0xb4,0xa6,0xff,0xff,0xff,0xff,0xff,0xff,0xff,0xff,0xff,0xff,
    0xff,0xff,0xff,0xff,0xff,0xff,0xff,0xff,0x59,0xcf,0x8b,0x55,0x69,0x4d,0x8a,0x55,
    0x8a,0x4d,0x8a,0x4d,0x8a,0x4d,0x8a,0x4d,0x8a,0x4d,0x8a,0x4d,0x8a,0x4d,0x8a,0x4d,
    0x8a,0x4d,0x8a,0x4d,0x8a,0x4d,0x8a,0x4d,0x8a,0x4d,0x8a,0x4d,0x8a,0x4d,0x8a,0x4d,
    0x8a,0x4d,0x8a,0x4d,0x8a,0x4d,0x8a,0x4d,0x8a,0x4d,0x8a,0x4d,0x8a,0x4d,0x8a,0x4d,
    0x8a,0x4d,0x8a,0x4d,0x8a,0x4d,0x8a,0x55,0x8a,0x4d,0x49,0x45,0x72,0x8e,0xff,0xff,
    0xff,0xff,0xff,0xff,0xff,0xff,0xff,0xff,0xff,0xff,0xff,0xff,0xff,0xff,0xff,0xff,
    0xff,0xff,0xff,0xff,0xff,0xff,0xff,0xff,0x72,0x8e,0x48,0x45,0x8a,0x55,0x8a,0x55,
    0x8a,0x4d,0x8a,0x4d,0x8a,0x4d,0x8a,0x4d,0x8a,0x4d,0x8a,0x4d,0x8a,0x4d,0x8a,0x4d,
    0x8a,0x4d,0x8a,0x4d,0x8a,0x4d,0x8a,0x4d,0x8a,0x4d,0x8a,0x4d,0x8a,0x4d,0x8a,0x4d,
    0x8a,0x4d,0x8a,0x4d,0x8a,0x4d,0x8a,0x4d,0x8a,0x4d,0x8a,0x4d,0x8a,0x4d,0x8a,0x4d,
    0x8a,0x4d,0x8a,0x4d,0x8a,0x4d,0x8a,0x4d,0x8a,0x4d,0x8a,0x4d,0x8a,0x4d,0x8a,0x4d,
    0x8a,0x4d,0x8a,0x4d,0x8a,0x4d,0x8a,0x4d,0x8a,0x4d,0x8a,0x4d,0x8a,0x4d,0x8a,0x4d,
    0x8a,0x4d,0x8a,0x4d,0x8a,0x4d,0x8a,0x4d,0x8a,0x4d,0x8a,0x4d,0x8a,0x4d,0x8a,0x4d,
    0x8a,0x4d,0x8a,0x4d,0x8a,0x4d,0x8a,0x4d,0x8a,0x4d,0x6a,0x4d,0x6a,0x4d,0x8a,0x4d,
    0x8a,0x4d,0x8a,0x4d,0x8a,0x4d,0x8a,0x4d,0x8a,0x4d,0x8a,0x4d,0x8a,0x4d,0x8a,0x4d,
    0x8a,0x4d,0x8a,0x4d,0x8a,0x4d,0x8a,0x4d,0x8a,0x4d,0x8a,0x4d,0x8a,0x4d,0x8a,0x4d,
    0x8a,0x4d,0x8a,0x4d,0x8a,0x4d,0x8a,0x4d,0x8a,0x4d,0x8a,0x4d,0x8a,0x4d,0x8a,0x4d,
    0x8a,0x4d,0x8a,0x4d,0x8a,0x4d,0x8a,0x4d,0x8a,0x4d,0x8a,0x4d,0x8a,0x4d,0x8a,0x4d,
    0x8a,0x4d,0x8a,0x4d,0x8a,0x55,0x49,0x45,0x17,0xbf,0xff,0xff,0xff,0xff,0xff,0xff,
    0xff,0xff,0xff,0xff,0xff,0xff,0xff,0xff,0xff,0xff,0xff,0xff,0xff,0xff,0x9c,0xe7,
    0xcd,0x6d,0x49,0x45,0x8a,0x55,0x8a,0x4d,0x8a,0x4d,0x8a,0x4d,0x8a,0x4d,0x8a,0x4d,
    0x8a,0x4d,0x8a,0x4d,0x8a,0x4d,0x8a,0x4d,0x8a,0x4d,0x8a,0x4d,0x8a,0x4d,0x8a,0x4d,
    0x8a,0x4d,0x8a,0x4d,0x8a,0x4d,0x8a,0x4d,0x8a,0x4d,0x8a,0x4d,0x8a,0x4d,0x8a,0x4d,
    0x8a,0x4d,0x8a,0x4d,0x8a,0x4d,0x8a,0x4d,0x8a,0x55,0x6a,0x4d,0x69,0x4d,0xd5,0xae,
    0xff,0xff,0xff,0xff,0xff,0xff,0xff,0xff,0xff,0xff,0xff,0xff,0xff,0xff,0xff,0xff,
    0xff,0xff,0xff,0xff,0xff,0xff,0xff,0xff,0xbd,0xef,0x0e,0x76,0x48,0x45,0x8a,0x55,
    0x8a,0x55,0x8a,0x4d,0x8a,0x4d,0x8a,0x4d,0x8a,0x4d,0x8a,0x4d,0x8a,0x4d,0x8a,0x4d,
    0x8a,0x4d,0x8a,0x4d,0x8a,0x4d,0x8a,0x4d,0x8a,0x4d,0x8a,0x4d,0x8a,0x4d,0x8a,0x4d,
    0x8a,0x4d,0x8a,0x4d,0x8a,0x4d,0x8a,0x4d,0x8a,0x4d,0x8a,0x4d,0x8a,0x4d,0x8a,0x4d,
    0x8a,0x4d,0x8a,0x4d,0x8a,0x4d,0x8a,0x4d,0x8a,0x4d,0x8a,0x4d,0x8a,0x4d,0x8a,0x4d,
    0x8a,0x4d,0x8a,0x4d,0x8a,0x4d,0x8a,0x4d,0x8a,0x4d,0x8a,0x4d,0x8a,0x4d,0x8a,0x4d,
    0x8a,0x4d,0x8a,0x4d,0x8a,0x4d,0x8a,0x4d,0x8a,0x4d,0x8a,0x4d,0x8a,0x4d,0x8a,0x4d,
    0x8a,0x4d,0x8a,0x4d,0x8a,0x4d,0x8a,0x4d,0x8a,0x4d,0x8a,0x4d,0x8a,0x4d,0x6a,0x4d,
    0x8a,0x4d,0x8a,0x4d,0x8a,0x4d,0x8a,0x4d,0x8a,0x4d,0x8a,0x4d,0x8a,0x4d,0x8a,0x4d,
    0x8a,0x4d,0x8a,0x4d,0x8a,0x4d,0x8a,0x4d,0x8a,0x4d,0x8a,0x4d,0x8a,0x4d,0x8a,0x4d,
    0x8a,0x4d,0x8a,0x4d,0x8a,0x4d,0x8a,0x4d,0x8a,0x4d,0x8a,0x4d,0x8a,0x4d,0x8a,0x4d,
    0x8a,0x4d,0x8a,0x4d,0x8a,0x4d,0x8a,0x4d,0x8a,0x4d,0x8a,0x4d,0x8a,0x4d,0x8a,0x4d,
    0x8a,0x4d,0x8a,0x4d,0x8a,0x4d,0x8a,0x4d,0x8a,0x55,0x48,0x45,0xb4,0xa6,0xff,0xff,
    0xff,0xff,0xff,0xff,0xff,0xff,0xff,0xff,0xff,0xff,0xff,0xff,0xff,0xff,0xff,0xff,
    0xff,0xff,0xff,0xff,0xde,0xf7,0x30,0x7e,0x48,0x45,0x8a,0x55,0x8a,0x55,0x8a,0x4d,
    0x8a,0x4d,0x8a,0x4d,0x8a,0x4d,0x8a,0x4d,0x8a,0x4d,0x8a,0x4d,0x8a,0x4d,0x8a,0x4d,
    0x8a,0x4d,0x8a,0x4d,0x8a,0x4d,0x8a,0x4d,0x8a,0x4d,0x8a,0x4d,0x8a,0x4d,0x8a,0x4d,
    0x8a,0x4d,0x8a,0x4d,0x8a,0x4d,0x8a,0x4d,0x8a,0x4d,0x8a,0x55,0x69,0x4d,0x8a,0x55,
    0x39,0xcf,0xff,0xff,0xff,0xff,0xff,0xff,0xff,0xff,0xff,0xff,0xff,0xff,0xff,0xff,
    0xff,0xff,0xff,0xff,0xff,0xff,0xff,0xff,0xff,0xff,0x7b,0xdf,0xac,0x5d,0x69,0x45,
    0x8a,0x55,0x8a,0x4d,0x8a,0x4d,0x8a,0x4d,0x8a,0x4d,0x8a,0x4d,0x8a,0x4d,0x8a,0x4d,
    0x8a,0x4d,0x8a,0x4d,0x8a,0x4d,0x8a,0x4d,0x8a,0x4d,0x8a,0x4d,0x8a,0x4d,0x8a,0x4d,
    0x8a,0x4d,0x8a,0x4d,0x8a,0x4d,0x8a,0x4d,0x8a,0x4d,0x8a,0x4d,0x8a,0x4d,0x8a,0x4d,
    0x8a,0x4d,0x8a,0x4d,0x8a,0x4d,0x8a,0x4d,0x8a,0x4d,0x8a,0x4d,0x8a,0x4d,0x8a,0x4d,
    0x8a,0x4d,0x8a,0x4d,0x8a,0x4d,0x8a,0x4d,0x8a,0x4d,0x8a,0x4d,0x8a,0x4d,0x8a,0x4d,
    0x8a,0x4d,0x8a,0x4d,0x8a,0x4d,0x8a,0x4d,0x8a,0x4d,0x8a,0x4d,0x8a,0x4d,0x8a,0x4d,
    0x8a,0x4d,0x8a,0x4d,0x8a,0x4d,0x8a,0x4d,0x8a,0x4d,0x8a,0x4d,0x8a,0x4d,0x8a,0x4d,
    0x8a,0x4d,0x6a,0x4d,0x8a,0x4d,0x8a,0x55,0x8a,0x4d,0x8a,0x4d,0x8a,0x4d,0x8a,0x4d,
    0x8a,0x4d,0x8a,0x4d,0x8a,0x4d,0x8a,0x4d,0x8a,0x4d,0x8a,0x4d,0x8a,0x4d,0x8a,0x4d,
    0x8a,0x4d,0x8a,0x4d,0x8a,0x4d,0x8a,0x4d,0x8a,0x4d,0x8a,0x4d,0x8a,0x4d,0x8a,0x4d,
    0x8a,0x4d,0x8a,0x4d,0x8a,0x4d,0x8a,0x4d,0x8a,0x4d,0x8a,0x4d,0x8a,0x4d,0x8a,0x4d,
    0x8a,0x4d,0x8a,0x4d,0x8a,0x4d,0x8a,0x4d,0x8a,0x4d,0x8a,0x4d,0x8a,0x55,0x6a,0x4d,
    0xab,0x5d,0xbd,0xef,0xff,0xff,0xff,0xff,0xff,0xff,0xff,0xff,0xff,0xff,0xff,0xff,
    0xff,0xff,0xff,0xff,0xff,0xff,0xff,0xff,0xff,0xff,0xff,0xff,0x93,0x9e,0x49,0x45,
    0x8a,0x4d,0x8a,0x55,0x8a,0x4d,0x8a,0x4d,0x8a,0x4d,0x8a,0x4d,0x8a,0x4d,0x8a,0x4d,
    0x8a,0x4d,0x8a,0x4d,0x8a,0x4d,0x8a,0x4d,0x8a,0x4d,0x8a,0x4d,0x8a,0x4d,0x8a,0x4d,
    0x8a,0x4d,0x8a,0x4d,0x8a,0x4d,0x8a,0x4d,0x8a,0x4d,0x8a,0x4d,0x8a,0x55,0x49,0x45,
    0xcd,0x65,0x9c,0xe7,0xff,0xff,0xff,0xff,0xff,0xff,0xff,0xff,0xff,0xff,0xff,0xff,
    0xff,0xff,0xff,0xff,0xff,0xff,0xff,0xff,0xff,0xff,0xff,0xff,0x18,0xbf,0x8a,0x4d,
    0x69,0x4d,0x8a,0x55,0x8a,0x4d,0x8a,0x4d,0x8a,0x4d,0x8a,0x4d,0x8a,0x4d,0x8a,0x4d,
    0x8a,0x4d,0x8a,0x4d,0x8a,0x4d,0x8a,0x4d,0x8a,0x4d,0x8a,0x4d,0x8a,0x4d,0x8a,0x4d,
    0x8a,0x4d,0x8a,0x4d,0x8a,0x4d,0x8a,0x4d,0x8a,0x4d,0x8a,0x4d,0x8a,0x4d,0x8a,0x4d,
    0x8a,0x4d,0x8a,0x4d,0x8a,0x4d,0x8a,0x4d,0x8a,0x4d,0x8a,0x4d,0x8a,0x4d,0x8a,0x4d,
    0x8a,0x4d,0x8a,0x4d,0x8a,0x4d,0x8a,0x4d,0x8a,0x4d,0x8a,0x4d,0x8a,0x4d,0x8a,0x4d,
    0x8a,0x4d,0x8a,0x4d,0x8a,0x4d,0x8a,0x4d,0x8a,0x4d,0x8a,0x4d,0x8a,0x4d,0x8a,0x4d,
    0x8a,0x4d,0x8a,0x4d,0x8a,0x4d,0x8a,0x4d,0x8a,0x4d,0x8a,0x4d,0x8a,0x4d,0x8a,0x4d,
    0x8a,0x4d,0x8a,0x4d,0x8a,0x55,0x6a,0x4d,0x6a,0x4d,0x8a,0x55,0x6a,0x4d,0x8a,0x4d,
    0x8a,0x4d,0x8a,0x4d,0x8a,0x4d,0x8a,0x4d,0x8a,0x4d,0x8a,0x4d,0x8a,0x4d,0x8a,0x4d,
    0x8a,0x4d,0x8a,0x4d,0x8a,0x4d,0x8a,0x4d,0x8a,0x4d,0x8a,0x4d,0x8a,0x4d,0x8a,0x4d,
    0x8a,0x4d,0x8a,0x4d,0x8a,0x4d,0x8a,0x4d,0x8a,0x4d,0x8a,0x4d,0x8a,0x4d,0x8a,0x4d,
    0x8a,0x4d,0x8a,0x4d,0x8a,0x4d,0x8a,0x4d,0x8a,0x4d,0x8a,0x4d,0x8a,0x4d,0x8a,0x4d,
    0x8a,0x4d,0x8a,0x55,0x69,0x4d,0xcd,0x6d,0x9c,0xe7,0xff,0xff,0xff,0xff,0xff,0xff,
    0xff,0xff,0xff,0xff,0xff,0xff,0xff,0xff,0xff,0xff,0xff,0xff,0xff,0xff,0xff,0xff,
    0xff,0xff,0xf7,0xb6,0x6a,0x4d,0x69,0x4d,0x8a,0x55,0x8a,0x4d,0x8a,0x4d,0x8a,0x4d,
    0x8a,0x4d,0x8a,0x4d,0x8a,0x4d,0x8a,0x4d,0x8a,0x4d,0x8a,0x4d,0x8a,0x4d,0x8a,0x4d,
    0x8a,0x4d,0x8a,0x4d,0x8a,0x4d,0x8a,0x4d,0x8a,0x4d,0x8a,0x4d,0x8a,0x55,0x8a,0x55,
    0x48,0x45,0x2f,0x7e,0xde,0xf7,0xff,0xff,0xff,0xff,0xff,0xff,0xff,0xff,0xff,0xff,
    0xff,0xff,0xff,0xff,0xff,0xff,0xff,0xff,0xff,0xff,0xff,0xff,0xff,0xff,0xb4,0xa6,
    0x49,0x45,0x6a,0x4d,0x8a,0x55,0x8a,0x4d,0x8a,0x4d,0x8a,0x4d,0x8a,0x4d,0x8a,0x4d,
    0x8a,0x4d,0x8a,0x4d,0x8a,0x4d,0x8a,0x4d,0x8a,0x4d,0x8a,0x4d,0x8a,0x4d,0x8a,0x4d,
    0x8a,0x4d,0x8a,0x4d,0x8a,0x4d,0x8a,0x4d,0x8a,0x4d,0x8a,0x4d,0x8a,0x4d,0x8a,0x4d,
    0x8a,0x4d,0x8a,0x4d,0x8a,0x4d,0x8a,0x4d,0x8a,0x4d,0x8a,0x4d,0x8a,0x4d,0x8a,0x4d,
    0x8a,0x4d,0x8a,0x4d,0x8a,0x4d,0x8a,0x4d,0x8a,0x4d,0x8a,0x4d,0x8a,0x4d,0x8a,0x4d,
    0x8a,0x4d,0x8a,0x4d,0x8a,0x4d,0x8a,0x4d,0x8a,0x4d,0x8a,0x4d,0x8a,0x4d,0x8a,0x4d,
    0x8a,0x4d,0x8a,0x4d,0x8a,0x4d,0x8a,0x4d,0x8a,0x4d,0x8a,0x4d,0x8a,0x4d,0x8a,0x4d,
    0x8a,0x4d,0x8a,0x4d,0x8a,0x4d,0x6a,0x4d,0x8a,0x55,0x6a,0x4d,0x8a,0x4d,0xaa,0x55,
    0x8a,0x4d,0x8a,0x4d,0x8a,0x4d,0x8a,0x4d,0x8a,0x4d,0x8a,0x4d,0x8a,0x4d,0x8a,0x4d,
    0x8a,0x4d,0x8a,0x4d,0x8a,0x4d,0x8a,0x4d,0x8a,0x4d,0x8a,0x4d,0x8a,0x4d,0x8a,0x4d,
    0x8a,0x4d,0x8a,0x4d,0x8a,0x4d,0x8a,0x4d,0x8a,0x4d,0x8a,0x4d,0x8a,0x4d,0x8a,0x4d,
    0x8a,0x4d,0x8a,0x4d,0x8a,0x4d,0x8a,0x4d,0x8a,0x4d,0x8a,0x4d,0x8a,0x4d,0x8a,0x4d,
    0x8a,0x4d,0x8a,0x4d,0x8a,0x4d,0x8a,0x4d,0x8a,0x55,0x69,0x4d,0x8b,0x55,0x59,0xcf,
    0xff,0xff,0xff,0xff,0xff,0xff,0xff,0xff,0xff,0xff,0xff,0xff,0xff,0xff,0xff,0xff,
    0xff,0xff,0xff,0xff,0xff,0xff,0xff,0xff,0x7a,0xd7,0xab,0x5d,0x69,0x45,0x8a,0x55,
    0x8a,0x4d,0x8a,0x4d,0x8a,0x4d,0x8a,0x4d,0x8a,0x4d,0x8a,0x4d,0x8a,0x4d,0x8a,0x4d,
    0x8a,0x4d,0x8a,0x4d,0x8a,0x4d,0x8a,0x4d,0x8a,0x4d,0x8a,0x4d,0x8a,0x4d,0x8a,0x55,
    0x8a,0x4d,0x49,0x45,0x93,0x9e,0xff,0xff,0xff,0xff,0xff,0xff,0xff,0xff,0xff,0xff,
    0xff,0xff,0xff,0xff,0xff,0xff,0xff,0xff,0xff,0xff,0xff,0xff,0xff,0xff,0xff,0xff,
    0x51,0x86,0x48,0x45,0x8a,0x55,0x8a,0x55,0x8a,0x4d,0x8a,0x4d,0x8a,0x4d,0x8a,0x4d,
    0x8a,0x4d,0x8a,0x4d,0x8a,0x4d,0x8a,0x4d,0x8a,0x4d,0x8a,0x4d,0x8a,0x4d,0x8a,0x4d,
    0x8a,0x4d,0x8a,0x4d,0x8a,0x4d,0x8a,0x4d,0x8a,0x4d,0x8a,0x4d,0x8a,0x4d,0x8a,0x4d,
    0x8a,0x4d,0x8a,0x4d,0x8a,0x4d,0x8a,0x4d,0x8a,0x4d,0x8a,0x4d,0x8a,0x4d,0x8a,0x4d,
    0x8a,0x4d,0x8a,0x4d,0x8a,0x4d,0x8a,0x4d,0x8a,0x4d,0x8a,0x4d,0x8a,0x4d,0x8a,0x4d,
    0x8a,0x4d,0x8a,0x4d,0x8a,0x4d,0x8a,0x4d,0x8a,0x4d,0x8a,0x4d,0x8a,0x4d,0x8a,0x4d,
    0x8a,0x4d,0x8a,0x4d,0x8a,0x4d,0x8a,0x4d,0x8a,0x4d,0x8a,0x4d,0x8a,0x4d,0x8a,0x4d,
    0x8a,0x4d,0x8a,0x4d,0x8a,0x4d,0x8a,0x4d,0x8a,0x4d,0x8a,0x4d,0xaa,0x55,0x6a,0x4d,
    0x8a,0x4d,0xca,0x55,0x8a,0x4d,0x8a,0x4d,0x8a,0x4d,0x8a,0x4d,0x8a,0x4d,0x8a,0x4d,
    0x8a,0x4d,0x8a,0x4d,0x8a,0x4d,0x8a,0x4d,0x8a,0x4d,0x8a,0x4d,0x8a,0x4d,0x8a,0x4d,
    0x8a,0x4d,0x8a,0x4d,0x8a,0x4d,0x8a,0x4d,0x8a,0x4d,0x8a,0x4d,0x8a,0x4d,0x8a,0x4d,
    0x8a,0x4d,0x8a,0x4d,0x8a,0x4d,0x8a,0x4d,0x8a,0x4d,0x8a,0x4d,0x8a,0x4d,0x8a,0x4d,
    0x8a,0x4d,0x8a,0x4d,0x8a,0x4d,0x8a,0x4d,0x8a,0x4d,0x8a,0x4d,0x8a,0x4d,0x8a,0x55,
    0x69,0x4d,0x69,0x4d,0xf6,0xb6,0xff,0xff,0xff,0xff,0xff,0xff,0xff,0xff,0xff,0xff,
    0xff,0xff,0xff,0xff,0xff,0xff,0xff,0xff,0xff,0xff,0xff,0xff,0xff,0xff,0xbd,0xef,
    0xee,0x6d,0x49,0x45,0x8a,0x55,0x8a,0x4d,0x8a,0x4d,0x8a,0x4d,0x8a,0x4d,0x8a,0x4d,
    0x8a,0x4d,0x8a,0x4d,0x8a,0x4d,0x8a,0x4d,0x8a,0x4d,0x8a,0x4d,0x8a,0x4d,0x8a,0x4d,
    0x8a,0x55,0x69,0x4d,0x69,0x4d,0xf6,0xb6,0xff,0xff,0xff,0xff,0xff,0xff,0xff,0xff,
    0xff,0xff,0xff,0xff,0xff,0xff,0xff,0xff,0xff,0xff,0xff,0xff,0xff,0xff,0xff,0xff,
    0xbd,0xe7,0xee,0x6d,0x49,0x45,0x8a,0x55,0x8a,0x4d,0x8a,0x4d,0x8a,0x4d,0x8a,0x4d,
    0x8a,0x4d,0x8a,0x4d,0x8a,0x4d,0x8a,0x4d,0x8a,0x4d,0x8a,0x4d,0x8a,0x4d,0x8a,0x4d,
    0x8a,0x4d,0x8a,0x4d,0x8a,0x4d,0x8a,0x4d,0x8a,0x4d,0x8a,0x4d,0x8a,0x4d,0x8a,0x4d,
    0x8a,0x4d,0x8a,0x4d,0x8a,0x4d,0x8a,0x4d,0x8a,0x4d,0x8a,0x4d,0x8a,0x4d,0x8a,0x4d,
    0x8a,0x4d,0x8a,0x4d,0x8a,0x4d,0x8a,0x4d,0x8a,0x4d,0x8a,0x4d,0x8a,0x4d,0x8a,0x4d,
    0x8a,0x4d,0x8a,0x4d,0x8a,0x4d,0x8a,0x4d,0x8a,0x4d,0x8a,0x4d,0x8a,0x4d,0x8a,0x4d,
    0x8a,0x4d,0x8a,0x4d,0x8a,0x4d,0x8a,0x4d,0x8a,0x4d,0x8a,0x4d,0x8a,0x4d,0x8a,0x4d,
    0x8a,0x4d,0x8a,0x4d,0x8a,0x4d,0x8a,0x4d,0x8a,0x4d,0x8a,0x4d,0x8a,0x4d,0x8a,0x4d,
    0xca,0x55,0x6a,0x4d,0x8a,0x4d,0xcb,0x55,0x8a,0x4d,0x8a,0x4d,0x8a,0x4d,0x8a,0x4d,
    0x8a,0x4d,0x8a,0x4d,0x8a,0x4d,0x8a,0x4d,0x8a,0x4d,0x8a,0x4d,0x8a,0x4d,0x8a,0x4d,
    0x8a,0x4d,0x8a,0x4d,0x8a,0x4d,0x8a,0x4d,0x8a,0x4d,0x8a,0x4d,0x8a,0x4d,0x8a,0x4d,
    0x8a,0x4d,0x8a,0x4d,0x8a,0x4d,0x8a,0x4d,0x8a,0x4d,0x8a,0x4d,0x8a,0x4d,0x8a,0x4d,
    0x8a,0x4d,0x8a,0x4d,0x8a,0x4d,0x8a,0x4d,0x8a,0x4d,0x8a,0x4d,0x8a,0x4d,0x8a,0x4d,
    0x8a,0x4d,0x8a,0x4d,0x8a,0x55,0x8a,0x4d,0x49,0x45,0x93,0x96,0xff,0xff,0xff,0xff,
    0xff,0xff,0xff,0xff,0xff,0xff,0xff,0xff,0xff,0xff,0xff,0xff,0xff,0xff,0xff,0xff,
    0xff,0xff,0xff,0xff,0xff,0xff,0x51,0x86,0x48,0x45,0x8a,0x55,0x8a,0x55,0x8a,0x4d,
    0x8a,0x4d,0x8a,0x4d,0x8a,0x4d,0x8a,0x4d,0x8a,0x4d,0x8a,0x4d,0x8a,0x4d,0x8a,0x4d,
    0x8a,0x4d,0x8a,0x55,0x69,0x45,0x8b,0x5d,0x5a,0xcf,0xff,0xff,0xff,0xff,0xff,0xff,
    0xff,0xff,0xff,0xff,0xff,0xff,0xff,0xff,0xff,0xff,0xff,0xff,0xff,0xff,0xff,0xff,
    0xff,0xff,0x5a,0xd7,0xab,0x5d,0x69,0x45,0x8a,0x55,0x8a,0x4d,0x8a,0x4d,0x8a,0x4d,
    0x8a,0x4d,0x8a,0x4d,0x8a,0x4d,0x8a,0x4d,0x8a,0x4d,0x8a,0x4d,0x8a,0x4d,0x8a,0x4d,
    0x8a,0x4d,0x8a,0x4d,0x8a,0x4d,0x8a,0x4d,0x8a,0x4d,0x8a,0x4d,0x8a,0x4d,0x8a,0x4d,
    0x8a,0x4d,0x8a,0x4d,0x8a,0x4d,0x8a,0x4d,0x8a,0x4d,0x8a,0x4d,0x8a,0x4d,0x8a,0x4d,
    0x8a,0x4d,0x8a,0x4d,0x8a,0x4d,0x8a,0x4d,0x8a,0x4d,0x8a,0x4d,0x8a,0x4d,0x8a,0x4d,
    0x8a,0x4d,0x8a,0x4d,0x8a,0x4d,0x8a,0x4d,0x8a,0x4d,0x8a,0x4d,0x8a,0x4d,0x8a,0x4d,
    0x8a,0x4d,0x8a,0x4d,0x8a,0x4d,0x8a,0x4d,0x8a,0x4d,0x8a,0x4d,0x8a,0x4d,0x8a,0x4d,
    0x8a,0x4d,0x8a,0x4d,0x8a,0x4d,0x8a,0x4d,0x8a,0x4d,0x8a,0x4d,0x8a,0x4d,0x8a,0x4d,
    0x8a,0x4d,0x8a,0x4d,0xcb,0x55,0x6a,0x4d,0x8a,0x55,0xeb,0x55,0x6a,0x4d,0x8a,0x4d,
    0x8a,0x4d,0x8a,0x4d,0x8a,0x4d,0x8a,0x4d,0x8a,0x4d,0x8a,0x4d,0x8a,0x4d,0x8a,0x4d,
    0x8a,0x4d,0x8a,0x4d,0x8a,0x4d,0x8a,0x4d,0x8a,0x4d,0x8a,0x4d,0x8a,0x4d,0x8a,0x4d,
    0x8a,0x4d,0x8a,0x4d,0x8a,0x4d,0x8a,0x4d,0x8a,0x4d,0x8a,0x4d,0x8a,0x4d,0x8a,0x4d,
    0x8a,0x4d,0x8a,0x4d,0x8a,0x4d,0x8a,0x4d,0x8a,0x4d,0x8a,0x4d,0x8a,0x4d,0x8a,0x4d,
    0x8a,0x4d,0x8a,0x4d,0x8a,0x4d,0x8a,0x4d,0x8a,0x4d,0x8a,0x4d,0x8a,0x55,0x48,0x45,
    0x2f,0x7e,0xde,0xf7,0xff,0xff,0xff,0xff,0xff,0xff,0xff,0xff,0xff,0xff,0xff,0xff,
    0xff,0xff,0xff,0xff,0xff,0xff,0xff,0xff,0xff,0xff,0xff,0xff,0xb4,0xa6,0x69,0x45,
    0x6a,0x4d,0x8a,0x55,0x8a,0x4d,0x8a,0x4d,0x8a,0x4d,0x8a,0x4d,0x8a,0x4d,0x8a,0x4d,
    0x8a,0x4d,0x8a,0x4d,0x8a,0x55,0x49,0x45,0xed,0x6d,0xbc,0xe7,0xff,0xff,0xff,0xff,
    0xff,0xff,0xff,0xff,0xff,0xff,0xff,0xff,0xff,0xff,0xff,0xff,0xff,0xff,0xff,0xff,
    0xff,0xff,0xff,0xff,0xf7,0xb6,0x6a,0x4d,0x69,0x4d,0x8a,0x55,0x8a,0x4d,0x8a,0x4d,
    0x8a,0x4d,0x8a,0x4d,0x8a,0x4d,0x8a,0x4d,0x8a,0x4d,0x8a,0x4d,0x8a,0x4d,0x8a,0x4d,
    0x8a,0x4d,0x8a,0x4d,0x8a,0x4d,0x8a,0x4d,0x8a,0x4d,0x8a,0x4d,0x8a,0x4d,0x8a,0x4d,
    0x8a,0x4d,0x8a,0x4d,0x8a,0x4d,0x8a,0x4d,0x8a,0x4d,0x8a,0x4d,0x8a,0x4d,0x8a,0x4d,
    0x8a,0x4d,0x8a,0x4d,0x8a,0x4d,0x8a,0x4d,0x8a,0x4d,0x8a,0x4d,0x8a,0x4d,0x8a,0x4d,
    0x8a,0x4d,0x8a,0x4d,0x8a,0x4d,0x8a,0x4d,0x8a,0x4d,0x8a,0x4d,0x8a,0x4d,0x8a,0x4d,
    0x8a,0x4d,0x8a,0x4d,0x8a,0x4d,0x8a,0x4d,0x8a,0x4d,0x8a,0x4d,0x8a,0x4d,0x8a,0x4d,
    0x8a,0x4d,0x8a,0x4d,0x8a,0x4d,0x8a,0x4d,0x8a,0x4d,0x8a,0x4d,0x8a,0x4d,0x8a,0x4d,
    0x8a,0x4d,0x8a,0x4d,0x8a,0x4d,0x6a,0x4d,0xeb,0x55,0x8a,0x4d,0x8a,0x4d,0xcb,0x55,
    0x6a,0x4d,0x8a,0x4d,0x8a,0x4d,0x8a,0x4d,0x8a,0x4d,0x8a,0x4d,0x8a,0x4d,0x8a,0x4d,
    0x8a,0x4d,0x8a,0x4d,0x8a,0x4d,0x8a,0x4d,0x8a,0x4d,0x8a,0x4d,0x8a,0x4d,0x8a,0x4d,
    0x8a,0x4d,0x8a,0x4d,0x8a,0x4d,0x8a,0x4d,0x8a,0x4d,0x8a,0x4d,0x8a,0x4d,0x8a,0x4d,
    0x8a,0x4d,0x8a,0x4d,0x8a,0x4d,0x8a,0x4d,0x8a,0x4d,0x8a,0x4d,0x8a,0x4d,0x8a,0x4d,
    0x8a,0x4d,0x8a,0x4d,0x8a,0x4d,0x8a,0x4d,0x8a,0x4d,0x8a,0x4d,0x8a,0x4d,0x8a,0x4d,
    0x8a,0x4d,0x8a,0x55,0x69,0x45,0xcc,0x65,0x9c,0xdf,0xff,0xff,0xff,0xff,0xff,0xff,
    0xff,0xff,0xff,0xff,0xff,0xff,0xff,0xff,0xff,0xff,0xff,0xff,0xff,0xff,0xff,0xff,
    0xff,0xff,0x18,0xc7,0x8a,0x4d,0x69,0x4d,0x8a,0x55,0x8a,0x4d,0x8a,0x4d,0x8a,0x4d,
    0x8a,0x4d,0x8a,0x4d,0x8a,0x55,0x8a,0x55,0x48,0x45,0x50,0x86,0xde,0xf7,0xff,0xff,
    0xff,0xff,0xff,0xff,0xff,0xff,0xff,0xff,0xff,0xff,0xff,0xff,0xff,0xff,0xff,0xff,
    0xff,0xff,0xff,0xff,0xff,0xff,0x93,0x9e,0x49,0x45,0x8a,0x4d,0x8a,0x55,0x8a,0x4d,
    0x8a,0x4d,0x8a,0x4d,0x8a,0x4d,0x8a,0x4d,0x8a,0x4d,0x8a,0x4d,0x8a,0x4d,0x8a,0x4d,
    0x8a,0x4d,0x8a,0x4d,0x8a,0x4d,0x8a,0x4d,0x8a,0x4d,0x8a,0x4d,0x8a,0x4d,0x8a,0x4d,
    0x8a,0x4d,0x8a,0x4d,0x8a,0x4d,0x8a,0x4d,0x8a,0x4d,0x8a,0x4d,0x8a,0x4d,0x8a,0x4d,
    0x8a,0x4d,0x8a,0x4d,0x8a,0x4d,0x8a,0x4d,0x8a,0x4d,0x8a,0x4d,0x8a,0x4d,0x8a,0x4d,
    0x8a,0x4d,0x8a,0x4d,0x8a,0x4d,0x8a,0x4d,0x8a,0x4d,0x8a,0x4d,0x8a,0x4d,0x8a,0x4d,
    0x8a,0x4d,0x8a,0x4d,0x8a,0x4d,0x8a,0x4d,0x8a,0x4d,0x8a,0x4d,0x8a,0x4d,0x8a,0x4d,
    0x8a,0x4d,0x8a,0x4d,0x8a,0x4d,0x8a,0x4d,0x8a,0x4d,0x8a,0x4d,0x8a,0x4d,0x8a,0x4d,
    0x8a,0x4d,0x8a,0x4d,0x8a,0x4d,0x8a,0x4d,0x8a,0x4d,0x6a,0x4d,0xcb,0x55,0x8a,0x4d,
    0x8a,0x4d,0xaa,0x55,0x6a,0x4d,0x8a,0x4d,0x8a,0x4d,0x8a,0x4d,0x8a,0x4d,0x8a,0x4d,
    0x8a,0x4d,0x8a,0x4d,0x8a,0x4d,0x8a,0x4d,0x8a,0x4d,0x8a,0x4d,0x8a,0x4d,0x8a,0x4d,
    0x8a,0x4d,0x8a,0x4d,0x8a,0x4d,0x8a,0x4d,0x8a,0x4d,0x8a,0x4d,0x8a,0x4d,0x8a,0x4d,
    0x8a,0x4d,0x8a,0x4d,0x8a,0x4d,0x8a,0x4d,0x8a,0x4d,0x8a,0x4d,0x8a,0x4d,0x8a,0x4d,
    0x8a,0x4d,0x8a,0x4d,0x8a,0x4d,0x8a,0x4d,0x8a,0x4d,0x8a,0x4d,0x8a,0x4d,0x8a,0x4d,
    0x8a,0x4d,0x8a,0x4d,0x8a,0x4d,0x8a,0x4d,0x8a,0x55,0x69,0x4d,0x8a,0x55,0x38,0xc7,
    0xff,0xff,0xff,0xff,0xff,0xff,0xff,0xff,0xff,0xff,0xff,0xff,0xff,0xff,0xff,0xff,
    0xff,0xff,0xff,0xff,0xff,0xff,0xff,0xff,0x7b,0xdf,0xac,0x5d,0x49,0x45,0x8a,0x55,
    0x8a,0x4d,0x8a,0x4d,0x8a,0x4d,0x8a,0x55,0x6a,0x4d,0x49,0x45,0xb4,0xa6,0xff,0xff,
    0xff,0xff,0xff,0xff,0xff,0xff,0xff,0xff,0xff,0xff,0xff,0xff,0xff,0xff,0xff,0xff,
    0xff,0xff,0xff,0xff,0xff,0xff,0xde,0xf7,0x30,0x7e,0x48,0x45,0x8a,0x55,0x8a,0x55,
    0x8a,0x4d,0x8a,0x4d,0x8a,0x4d,0x8a,0x4d,0x8a,0x4d,0x8a,0x4d,0x8a,0x4d,0x8a,0x4d,
    0x8a,0x4d,0x8a,0x4d,0x8a,0x4d,0x8a,0x4d,0x8a,0x4d,0x8a,0x4d,0x8a,0x4d,0x8a,0x4d,
    0x8a,0x4d,0x8a,0x4d,0x8a,0x4d,0x8a,0x4d,0x8a,0x4d,0x8a,0x4d,0x8a,0x4d,0x8a,0x4d,
    0x8a,0x4d,0x8a,0x4d,0x8a,0x4d,0x8a,0x4d,0x8a,0x4d,0x8a,0x4d,0x8a,0x4d,0x8a,0x4d,
    0x8a,0x4d,0x8a,0x4d,0x8a,0x4d,0x8a,0x4d,0x8a,0x4d,0x8a,0x4d,0x8a,0x4d,0x8a,0x4d,
    0x8a,0x4d,0x8a,0x4d,0x8a,0x4d,0x8a,0x4d,0x8a,0x4d,0x8a,0x4d,0x8a,0x4d,0x8a,0x4d,
    0x8a,0x4d,0x8a,0x4d,0x8a,0x4d,0x8a,0x4d,0x8a,0x4d,0x8a,0x4d,0x8a,0x4d,0x8a,0x4d,
    0x8a,0x4d,0x8a,0x4d,0x8a,0x4d,0x8a,0x4d,0x8a,0x4d,0x8a,0x4d,0x8a,0x4d,0x6a,0x4d,
    0xaa,0x55,0xaa,0x55,0x4a,0x4d,0x8a,0x4d,0x8a,0x55,0x6a,0x4d,0x8a,0x4d,0x8a,0x4d,
    0x8a,0x4d,0x8a,0x4d,0x8a,0x4d,0x8a,0x4d,0x8a,0x4d,0x8a,0x4d,0x8a,0x4d,0x8a,0x4d,
    0x8a,0x4d,0x8a,0x4d,0x8a,0x4d,0x8a,0x4d,0x8a,0x4d,0x8a,0x4d,0x8a,0x4d,0x8a,0x4d,
    0x8a,0x4d,0x8a,0x4d,0x8a,0x4d,0x8a,0x4d,0x8a,0x4d,0x8a,0x4d,0x8a,0x4d,0x8a,0x4d,
    0x8a,0x4d,0x8a,0x4d,0x8a,0x4d,0x8a,0x4d,0x8a,0x4d,0x8a,0x4d,0x8a,0x4d,0x8a,0x4d,
    0x8a,0x4d,0x8a,0x4d,0x8a,0x4d,0x8a,0x4d,0x8a,0x4d,0x8a,0x4d,0x8a,0x4d,0x8a,0x55,
    0x6a,0x4d,0x69,0x4d,0xd5,0xae,0xff,0xff,0xff,0xff,0xff,0xff,0xff,0xff,0xff,0xff,
    0xff,0xff,0xff,0xff,0xff,0xff,0xff,0xff,0xff,0xff,0xff,0xff,0xff,0xff,0xdd,0xef,
    0x0f,0x76,0x48,0x45,0x8a,0x55,0x8a,0x4d,0x8a,0x55,0x69,0x4d,0x6a,0x4d,0x17,0xbf,
    0xff,0xff,0xff,0xff,0xff,0xff,0xff,0xff,0xff,0xff,0xff,0xff,0xff,0xff,0xff,0xff,
    0xff,0xff,0xff,0xff,0xff,0xff,0xff,0xff,0x9c,0xe7,0xcd,0x65,0x49,0x45,0x8a,0x55,
    0x8a,0x4d,0x8a,0x4d,0x8a,0x4d,0x8a,0x4d,0x8a,0x4d,0x8a,0x4d,0x8a,0x4d,0x8a,0x4d,
    0x8a,0x4d,0x8a,0x4d,0x8a,0x4d,0x8a,0x4d,0x8a,0x4d,0x8a,0x4d,0x8a,0x4d,0x8a,0x4d,
    0x8a,0x4d,0x8a,0x4d,0x8a,0x4d,0x8a,0x4d,0x8a,0x4d,0x8a,0x4d,0x8a,0x4d,0x8a,0x4d,
    0x8a,0x4d,0x8a,0x4d,0x8a,0x4d,0x8a,0x4d,0x8a,0x4d,0x8a,0x4d,0x8a,0x4d,0x8a,0x4d,
    0x8a,0x4d,0x8a,0x4d,0x8a,0x4d,0x8a,0x4d,0x8a,0x4d,0x8a,0x4d,0x8a,0x4d,0x8a,0x4d,
    0x8a,0x4d,0x8a,0x4d,0x8a,0x4d,0x8a,0x4d,0x8a,0x4d,0x8a,0x4d,0x8a,0x4d,0x8a,0x4d,
    0x8a,0x4d,0x8a,0x4d,0x8a,0x4d,0x8a,0x4d,0x8a,0x4d,0x8a,0x4d,0x8a,0x4d,0x8a,0x4d,
    0x8a,0x4d,0x8a,0x4d,0x8a,0x4d,0x8a,0x4d,0x8a,0x4d,0x8a,0x4d,0x8a,0x4d,0x8a,0x4d,
    0x6a,0x4d,0x8a,0x55,0x6a,0x4d,0x6a,0x4d,0x00,0x00,0x8a,0x4d,0xaa,0x55,0x8a,0x4d,
    0x8a,0x4d,0x8a,0x4d,0x8a,0x4d,0x8a,0x4d,0x8a,0x4d,0x8a,0x4d,0x8a,0x4d,0x8a,0x4d,
    0x8a,0x4d,0x8a,0x4d,0x8a,0x4d,0x8a,0x4d,0x8a,0x4d,0x8a,0x4d,0x8a,0x4d,0x8a,0x4d,
    0x8a,0x4d,0x8a,0x4d,0x8a,0x4d,0x8a,0x4d,0x8a,0x4d,0x8a,0x4d,0x8a,0x4d,0x8a,0x4d,
    0x8a,0x4d,0x8a,0x4d,0x8a,0x4d,0x8a,0x4d,0x8a,0x4d,0x8a,0x4d,0x8a,0x4d,0x8a,0x4d,
    0x8a,0x4d,0x8a,0x4d,0x8a,0x4d,0x8a,0x4d,0x8a,0x4d,0x8a,0x4d,0x8a,0x4d,0x8a,0x4d,
    0x8a,0x4d,0x8a,0x4d,0x8a,0x55,0x8a,0x55,0x48,0x45,0x72,0x8e,0xff,0xff,0xff,0xff,
    0xff,0xff,0xff,0xff,0xff,0xff,0xff,0xff,0xff,0xff,0xff,0xff,0xff,0xff,0xff,0xff,
    0xff,0xff,0xff,0xff,0xff,0xff,0x72,0x96,0x48,0x45,0x8a,0x55,0x69,0x45,0xac,0x5d,
    0x7a,0xd7,0xff,0xff,0xff,0xff,0xff,0xff,0xff,0xff,0xff,0xff,0xff,0xff,0xff,0xff,
    0xff,0xff,0xff,0xff,0xff,0xff,0xff,0xff,0xff,0xff,0x39,0xcf,0x8b,0x55,0x69,0x4d,
    0x8a,0x55,0x8a,0x4d,0x8a,0x4d,0x8a,0x4d,0x8a,0x4d,0x8a,0x4d,0x8a,0x4d,0x8a,0x4d,
    0x8a,0x4d,0x8a,0x4d,0x8a,0x4d,0x8a,0x4d,0x8a,0x4d,0x8a,0x4d,0x8a,0x4d,0x8a,0x4d,
    0x8a,0x4d,0x8a,0x4d,0x8a,0x4d,0x8a,0x4d,0x8a,0x4d,0x8a,0x4d,0x8a,0x4d,0x8a,0x4d,
    0x8a,0x4d,0x8a,0x4d,0x8a,0x4d,0x8a,0x4d,0x8a,0x4d,0x8a,0x4d,0x8a,0x4d,0x8a,0x4d,
    0x8a,0x4d,0x8a,0x4d,0x8a,0x4d,0x8a,0x4d,0x8a,0x4d,0x8a,0x4d,0x8a,0x4d,0x8a,0x4d,
    0x8a,0x4d,0x8a,0x4d,0x8a,0x4d,0x8a,0x4d,0x8a,0x4d,0x8a,0x4d,0x8a,0x4d,0x8a,0x4d,
    0x8a,0x4d,0x8a,0x4d,0x8a,0x4d,0x8a,0x4d,0x8a,0x4d,0x8a,0x4d,0x8a,0x4d,0x8a,0x4d,
    0x8a,0x4d,0x8a,0x4d,0x8a,0x4d,0x8a,0x4d,0x8a,0x4d,0x8a,0x4d,0x8a,0x4d,0x8a,0x4d,
    0x8a,0x4d,0x8a,0x4d,0x8a,0x4d,0xaa,0x55,0x6a,0x4d,0x00,0x00,0x00,0x00,0x8a,0x4d,
    0xcb,0x55,0x6a,0x4d,0x8a,0x4d,0x8a,0x4d,0x8a,0x4d,0x8a,0x4d,0x8a,0x4d,0x8a,0x4d,
    0x8a,0x4d,0x8a,0x4d,0x8a,0x4d,0x8a,0x4d,0x8a,0x4d,0x8a,0x4d,0x8a,0x4d,0x8a,0x4d,
    0x8a,0x4d,0x8a,0x4d,0x8a,0x4d,0x8a,0x4d,0x8a,0x4d,0x8a,0x4d,0x8a,0x4d,0x8a,0x4d,
    0x8a,0x4d,0x8a,0x4d,0x8a,0x4d,0x8a,0x4d,0x8a,0x4d,0x8a,0x4d,0x8a,0x4d,0x8a,0x4d,
    0x8a,0x4d,0x8a,0x4d,0x8a,0x4d,0x8a,0x4d,0x8a,0x4d,0x8a,0x4d,0x8a,0x4d,0x8a,0x4d,
    0x8a,0x4d,0x8a,0x4d,0x8a,0x4d,0x8a,0x4d,0x8a,0x4d,0x8a,0x4d,0x8a,0x55,0x48,0x45,
    0x0e,0x76,0xbd,0xef,0xff,0xff,0xff,0xff,0xff,0xff,0xff,0xff,0xff,0xff,0xff,0xff,
    0xff,0xff,0xff,0xff,0xff,0xff,0xff,0xff,0xff,0xff,0xff,0xff,0xd5,0xae,0x49,0x45,
    0xee,0x75,0xbd,0xef,0xff,0xff,0xff,0xff,0xff,0xff,0xff,0xff,0xff,0xff,0xff,0xff,
    0xff,0xff,0xff,0xff,0xff,0xff,0xff,0xff,0xff,0xff,0xff,0xff,0xd6,0xae,0x69,0x4d,
    0x6a,0x4d,0x8a,0x55,0x8a,0x4d,0x8a,0x4d,0x8a,0x4d,0x8a,0x4d,0x8a,0x4d,0x8a,0x4d,
    0x8a,0x4d,0x8a,0x4d,0x8a,0x4d,0x8a,0x4d,0x8a,0x4d,0x8a,0x4d,0x8a,0x4d,0x8a,0x4d,
    0x8a,0x4d,0x8a,0x4d,0x8a,0x4d,0x8a,0x4d,0x8a,0x4d,0x8a,0x4d,0x8a,0x4d,0x8a,0x4d,
    0x8a,0x4d,0x8a,0x4d,0x8a,0x4d,0x8a,0x4d,0x8a,0x4d,0x8a,0x4d,0x8a,0x4d,0x8a,0x4d,
    0x8a,0x4d,0x8a,0x4d,0x8a,0x4d,0x8a,0x4d,0x8a,0x4d,0x8a,0x4d,0x8a,0x4d,0x8a,0x4d,
    0x8a,0x4d,0x8a,0x4d,0x8a,0x4d,0x8a,0x4d,0x8a,0x4d,0x8a,0x4d,0x8a,0x4d,0x8a,0x4d,
    0x8a,0x4d,0x8a,0x4d,0x8a,0x4d,0x8a,0x4d,0x8a,0x4d,0x8a,0x4d,0x8a,0x4d,0x8a,0x4d,
    0x8a,0x4d,0x8a,0x4d,0x8a,0x4d,0x8a,0x4d,0x8a,0x4d,0x8a,0x4d,0x8a,0x4d,0x8a,0x4d,
    0x8a,0x4d,0x8a,0x4d,0x8a,0x4d,0x8a,0x4d,0x6a,0x4d,0xcb,0x55,0x8a,0x4d,0x00,0x00,
    0x00,0x00,0x8a,0x55,0xcb,0x55,0x6a,0x4d,0x8a,0x4d,0x8a,0x4d,0x8a,0x4d,0x8a,0x4d,
    0x8a,0x4d,0x8a,0x4d,0x8a,0x4d,0x8a,0x4d,0x8a,0x4d,0x8a,0x4d,0x8a,0x4d,0x8a,0x4d,
    0x8a,0x4d,0x8a,0x4d,0x8a,0x4d,0x8a,0x4d,0x8a,0x4d,0x8a,0x4d,0x8a,0x4d,0x8a,0x4d,
    0x8a,0x4d,0x8a,0x4d,0x8a,0x4d,0x8a,0x4d,0x8a,0x4d,0x8a,0x4d,0x8a,0x4d,0x8a,0x4d,
    0x8a,0x4d,0x8a,0x4d,0x8a,0x4d,0x8a,0x4d,0x8a,0x4d,0x8a,0x4d,0x8a,0x4d,0x8a,0x4d,
    0x8a,0x4d,0x8a,0x4d,0x8a,0x4d,0x8a,0x4d,0x8a,0x4d,0x8a,0x4d,0x8a,0x4d,0x8a,0x4d,
    0x8a,0x4d,0x8a,0x55,0x69,0x45,0xac,0x5d,0x7b,0xdf,0xff,0xff,0xff,0xff,0xff,0xff,
    0xff,0xff,0xff,0xff,0xff,0xff,0xff,0xff,0xff,0xff,0xff,0xff,0xff,0xff,0xff,0xff,
    0xff,0xff,0x5a,0xd7,0xde,0xf7,0xff,0xff,0xff,0xff,0xff,0xff,0xff,0xff,0xff,0xff,
    0xff,0xff,0xff,0xff,0xff,0xff,0xff,0xff,0xff,0xff,0xff,0xff,0xff,0xff,0x72,0x96,
    0x48,0x45,0x8a,0x4d,0x8a,0x55,0x8a,0x4d,0x8a,0x4d,0x8a,0x4d,0x8a,0x4d,0x8a,0x4d,
    0x8a,0x4d,0x8a,0x4d,0x8a,0x4d,0x8a,0x4d,0x8a,0x4d,0x8a,0x4d,0x8a,0x4d,0x8a,0x4d,
    0x8a,0x4d,0x8a,0x4d,0x8a,0x4d,0x8a,0x4d,0x8a,0x4d,0x8a,0x4d,0x8a,0x4d,0x8a,0x4d,
    0x8a,0x4d,0x8a,0x4d,0x8a,0x4d,0x8a,0x4d,0x8a,0x4d,0x8a,0x4d,0x8a,0x4d,0x8a,0x4d,
    0x8a,0x4d,0x8a,0x4d,0x8a,0x4d,0x8a,0x4d,0x8a,0x4d,0x8a,0x4d,0x8a,0x4d,0x8a,0x4d,
    0x8a,0x4d,0x8a,0x4d,0x8a,0x4d,0x8a,0x4d,0x8a,0x4d,0x8a,0x4d,0x8a,0x4d,0x8a,0x4d,
    0x8a,0x4d,0x8a,0x4d,0x8a,0x4d,0x8a,0x4d,0x8a,0x4d,0x8a,0x4d,0x8a,0x4d,0x8a,0x4d,
    0x8a,0x4d,0x8a,0x4d,0x8a,0x4d,0x8a,0x4d,0x8a,0x4d,0x8a,0x4d,0x8a,0x4d,0x8a,0x4d,
    0x8a,0x4d,0x8a,0x4d,0x8a,0x4d,0x8a,0x4d,0x8a,0x4d,0x8a,0x4d,0x8a,0x4d,0xcb,0x55,
    0x8a,0x4d,0x00,0x00,0x00,0x00,0xaa,0x4d,0x8a,0x4d,0x8a,0x4d,0x6a,0x4d,0x8a,0x4d,
    0x8a,0x4d,0x8a,0x4d,0x8a,0x4d,0x8a,0x4d,0x8a,0x4d,0x8a,0x4d,0x8a,0x4d,0x8a,0x4d,
    0x8a,0x4d,0x8a,0x4d,0x8a,0x4d,0x8a,0x4d,0x8a,0x4d,0x8a,0x4d,0x8a,0x4d,0x8a,0x4d,
    0x8a,0x4d,0x8a,0x4d,0x8a,0x4d,0x8a,0x4d,0x8a,0x4d,0x8a,0x4d,0x8a,0x4d,0x8a,0x4d,
    0x8a,0x4d,0x8a,0x4d,0x8a,0x4d,0x8a,0x4d,0x8a,0x4d,0x8a,0x4d,0x8a,0x4d,0x8a,0x4d,
    0x8a,0x4d,0x8a,0x4d,0x8a,0x4d,0x8a,0x4d,0x8a,0x4d,0x8a,0x4d,0x8a,0x4d,0x8a,0x4d,
    0x8a,0x4d,0x8a,0x4d,0x8a,0x4d,0x8a,0x4d,0x8a,0x55,0x69,0x4d,0x8a,0x4d,0x18,0xbf,
    0xff,0xff,0xff,0xff,0xff,0xff,0xff,0xff,0xff,0xff,0xff,0xff,0xff,0xff,0xff,0xff,
    0xff,0xff,0xff,0xff,0xff,0xff,0xff,0xff,0xff,0xff,0xff,0xff,0xff,0xff,0xff,0xff,
    0xff,0xff,0xff,0xff,0xff,0xff,0xff,0xff,0xff,0xff,0xff,0xff,0xff,0xff,0xdd,0xef,
    0x0f,0x76,0x48,0x45,0x8a,0x55,0x8a,0x4d,0x8a,0x4d,0x8a,0x4d,0x8a,0x4d,0x8a,0x4d,
    0x8a,0x4d,0x8a,0x4d,0x8a,0x4d,0x8a,0x4d,0x8a,0x4d,0x8a,0x4d,0x8a,0x4d,0x8a,0x4d,
    0x8a,0x4d,0x8a,0x4d,0x8a,0x4d,0x8a,0x4d,0x8a,0x4d,0x8a,0x4d,0x8a,0x4d,0x8a,0x4d,
    0x8a,0x4d,0x8a,0x4d,0x8a,0x4d,0x8a,0x4d,0x8a,0x4d,0x8a,0x4d,0x8a,0x4d,0x8a,0x4d,
    0x8a,0x4d,0x8a,0x4d,0x8a,0x4d,0x8a,0x4d,0x8a,0x4d,0x8a,0x4d,0x8a,0x4d,0x8a,0x4d,
    0x8a,0x4d,0x8a,0x4d,0x8a,0x4d,0x8a,0x4d,0x8a,0x4d,0x8a,0x4d,0x8a,0x4d,0x8a,0x4d,
    0x8a,0x4d,0x8a,0x4d,0x8a,0x4d,0x8a,0x4d,0x8a,0x4d,0x8a,0x4d,0x8a,0x4d,0x8a,0x4d,
    0x8a,0x4d,0x8a,0x4d,0x8a,0x4d,0x8a,0x4d,0x8a,0x4d,0x8a,0x4d,0x8a,0x4d,0x8a,0x4d,
    0x8a,0x4d,0x8a,0x4d,0x8a,0x4d,0x8a,0x4d,0x8a,0x4d,0x8a,0x4d,0x8a,0x4d,0x6a,0x4d,
    0x8a,0x4d,0x8a,0x55,0xaa,0x4d,0x00,0x00,0x00,0x00,0x00,0x00,0x8a,0x4d,0xaa,0x55,
    0x8a,0x4d,0x8a,0x4d,0x8a,0x4d,0x8a,0x4d,0x8a,0x4d,0x8a,0x4d,0x8a,0x4d,0x8a,0x4d,
    0x8a,0x4d,0x8a,0x4d,0x8a,0x4d,0x8a,0x4d,0x8a,0x4d,0x8a,0x4d,0x8a,0x4d,0x8a,0x4d,
    0x8a,0x4d,0x8a,0x4d,0x8a,0x4d,0x8a,0x4d,0x8a,0x4d,0x8a,0x4d,0x8a,0x4d,0x8a,0x4d,
    0x8a,0x4d,0x8a,0x4d,0x8a,0x4d,0x8a,0x4d,0x8a,0x4d,0x8a,0x4d,0x8a,0x4d,0x8a,0x4d,
    0x8a,0x4d,0x8a,0x4d,0x8a,0x4d,0x8a,0x4d,0x8a,0x4d,0x8a,0x4d,0x8a,0x4d,0x8a,0x4d,
    0x8a,0x4d,0x8a,0x4d,0x8a,0x4d,0x8a,0x4d,0x8a,0x4d,0x8a,0x4d,0x8a,0x4d,0x8a,0x55,
    0x6a,0x4d,0x69,0x45,0xb4,0xa6,0xff,0xff,0xff,0xff,0xff,0xff,0xff,0xff,0xff,0xff,
    0xff,0xff,0xff,0xff,0xff,0xff,0xff,0xff,0xff,0xff,0xff,0xff,0xff,0xff,0xff,0xff,
    0xff,0xff,0xff,0xff,0xff,0xff,0xff,0xff,0xff,0xff,0xff,0xff,0xff,0xff,0xff,0xff,
    0x7b,0xdf,0xcc,0x65,0x49,0x45,0x8a,0x55,0x8a,0x4d,0x8a,0x4d,0x8a,0x4d,0x8a,0x4d,
    0x8a,0x4d,0x8a,0x4d,0x8a,0x4d,0x8a,0x4d,0x8a,0x4d,0x8a,0x4d,0x8a,0x4d,0x8a,0x4d,
    0x8a,0x4d,0x8a,0x4d,0x8a,0x4d,0x8a,0x4d,0x8a,0x4d,0x8a,0x4d,0x8a,0x4d,0x8a,0x4d,
    0x8a,0x4d,0x8a,0x4d,0x8a,0x4d,0x8a,0x4d,0x8a,0x4d,0x8a,0x4d,0x8a,0x4d,0x8a,0x4d,
    0x8a,0x4d,0x8a,0x4d,0x8a,0x4d,0x8a,0x4d,0x8a,0x4d,0x8a,0x4d,0x8a,0x4d,0x8a,0x4d,
    0x8a,0x4d,0x8a,0x4d,0x8a,0x4d,0x8a,0x4d,0x8a,0x4d,0x8a,0x4d,0x8a,0x4d,0x8a,0x4d,
    0x8a,0x4d,0x8a,0x4d,0x8a,0x4d,0x8a,0x4d,0x8a,0x4d,0x8a,0x4d,0x8a,0x4d,0x8a,0x4d,
    0x8a,0x4d,0x8a,0x4d,0x8a,0x4d,0x8a,0x4d,0x8a,0x4d,0x8a,0x4d,0x8a,0x4d,0x8a,0x4d,
    0x8a,0x4d,0x8a,0x4d,0x8a,0x4d,0x8a,0x4d,0x8a,0x4d,0x8a,0x4d,0x8a,0x4d,0x8a,0x4d,
    0x8a,0x4d,0x8a,0x4d,0xaa,0x55,0x8a,0x55,0x00,0x00,0x00,0x00,0x08,0x46,0x00,0x00,
    0x8a,0x4d,0xeb,0x55,0x6a,0x4d,0x8a,0x4d,0x8a,0x4d,0x8a,0x4d,0x8a,0x4d,0x8a,0x4d,
    0x8a,0x4d,0x8a,0x4d,0x8a,0x4d,0x8a,0x4d,0x8a,0x4d,0x8a,0x4d,0x8a,0x4d,0x8a,0x4d,
    0x8a,0x4d,0x8a,0x4d,0x8a,0x4d,0x8a,0x4d,0x8a,0x4d,0x8a,0x4d,0x8a,0x4d,0x8a,0x4d,
    0x8a,0x4d,0x8a,0x4d,0x8a,0x4d,0x8a,0x4d,0x8a,0x4d,0x8a,0x4d,0x8a,0x4d,0x8a,0x4d,
    0x8a,0x4d,0x8a,0x4d,0x8a,0x4d,0x8a,0x4d,0x8a,0x4d,0x8a,0x4d,0x8a,0x4d,0x8a,0x4d,
    0x8a,0x4d,0x8a,0x4d,0x8a,0x4d,0x8a,0x4d,0x8a,0x4d,0x8a,0x4d,0x8a,0x4d,0x8a,0x4d,
    0x8a,0x4d,0x8a,0x4d,0x8a,0x55,0x8a,0x55,0x48,0x45,0x51,0x86,0xff,0xff,0xff,0xff,
    0xff,0xff,0xff,0xff,0xff,0xff,0xff,0xff,0xff,0xff,0xff,0xff,0xff,0xff,0xff,0xff,
    0xff,0xff,0xff,0xff,0xff,0xff,0xff,0xff,0xff,0xff,0xff,0xff,0xff,0xff,0xff,0xff,
    0xff,0xff,0x38,0xc7,0x8a,0x55,0x69,0x4d,0x8a,0x55,0x8a,0x4d,0x8a,0x4d,0x8a,0x4d,
    0x8a,0x4d,0x8a,0x4d,0x8a,0x4d,0x8a,0x4d,0x8a,0x4d,0x8a,0x4d,0x8a,0x4d,0x8a,0x4d,
    0x8a,0x4d,0x8a,0x4d,0x8a,0x4d,0x8a,0x4d,0x8a,0x4d,0x8a,0x4d,0x8a,0x4d,0x8a,0x4d,
    0x8a,0x4d,0x8a,0x4d,0x8a,0x4d,0x8a,0x4d,0x8a,0x4d,0x8a,0x4d,0x8a,0x4d,0x8a,0x4d,
    0x8a,0x4d,0x8a,0x4d,0x8a,0x4d,0x8a,0x4d,0x8a,0x4d,0x8a,0x4d,0x8a,0x4d,0x8a,0x4d,
    0x8a,0x4d,0x8a,0x4d,0x8a,0x4d,0x8a,0x4d,0x8a,0x4d,0x8a,0x4d,0x8a,0x4d,0x8a,0x4d,
    0x8a,0x4d,0x8a,0x4d,0x8a,0x4d,0x8a,0x4d,0x8a,0x4d,0x8a,0x4d,0x8a,0x4d,0x8a,0x4d,
    0x8a,0x4d,0x8a,0x4d,0x8a,0x4d,0x8a,0x4d,0x8a,0x4d,0x8a,0x4d,0x8a,0x4d,0x8a,0x4d,
    0x8a,0x4d,0x8a,0x4d,0x8a,0x4d,0x8a,0x4d,0x8a,0x4d,0x8a,0x4d,0x8a,0x4d,0x8a,0x4d,
    0x8a,0x4d,0x8a,0x4d,0x8a,0x4d,0x6a,0x4d,0xeb,0x55,0x8a,0x55,0x00,0x00,0x08,0x46,
    0xf0,0x87,0x00,0x00,0x8a,0x4d,0x8a,0x55,0x6a,0x4d,0x8a,0x4d,0x8a,0x4d,0x8a,0x4d,
    0x8a,0x4d,0x8a,0x4d,0x8a,0x4d,0x8a,0x4d,0x8a,0x4d,0x8a,0x4d,0x8a,0x4d,0x8a,0x4d,
    0x8a,0x4d,0x8a,0x4d,0x8a,0x4d,0x8a,0x4d,0x8a,0x4d,0x8a,0x4d,0x8a,0x4d,0x8a,0x4d,
    0x8a,0x4d,0x8a,0x4d,0x8a,0x4d,0x8a,0x4d,0x8a,0x4d,0x8a,0x4d,0x8a,0x4d,0x8a,0x4d,
    0x8a,0x4d,0x8a,0x4d,0x8a,0x4d,0x8a,0x4d,0x8a,0x4d,0x8a,0x4d,0x8a,0x4d,0x8a,0x4d,
    0x8a,0x4d,0x8a,0x4d,0x8a,0x4d,0x8a,0x4d,0x8a,0x4d,0x8a,0x4d,0x8a,0x4d,0x8a,0x4d,
    0x8a,0x4d,0x8a,0x4d,0x8a,0x4d,0x8a,0x4d,0x8a,0x4d,0x8a,0x4d,0x8a,0x55,0x49,0x45,
    0xee,0x6d,0xbd,0xe7,0xff,0xff,0xff,0xff,0xff,0xff,0xff,0xff,0xff,0xff,0xff,0xff,
    0xff,0xff,0xff,0xff,0xff,0xff,0xff,0xff,0xff,0xff,0xff,0xff,0xff,0xff,0xff,0xff,
    0xff,0xff,0xff,0xff,0xb5,0xa6,0x69,0x45,0x6a,0x4d,0x8a,0x55,0x8a,0x4d,0x8a,0x4d,
    0x8a,0x4d,0x8a,0x4d,0x8a,0x4d,0x8a,0x4d,0x8a,0x4d,0x8a,0x4d,0x8a,0x4d,0x8a,0x4d,
    0x8a,0x4d,0x8a,0x4d,0x8a,0x4d,0x8a,0x4d,0x8a,0x4d,0x8a,0x4d,0x8a,0x4d,0x8a,0x4d,
    0x8a,0x4d,0x8a,0x4d,0x8a,0x4d,0x8a,0x4d,0x8a,0x4d,0x8a,0x4d,0x8a,0x4d,0x8a,0x4d,
    0x8a,0x4d,0x8a,0x4d,0x8a,0x4d,0x8a,0x4d,0x8a,0x4d,0x8a,0x4d,0x8a,0x4d,0x8a,0x4d,
    0x8a,0x4d,0x8a,0x4d,0x8a,0x4d,0x8a,0x4d,0x8a,0x4d,0x8a,0x4d,0x8a,0x4d,0x8a,0x4d,
    0x8a,0x4d,0x8a,0x4d,0x8a,0x4d,0x8a,0x4d,0x8a,0x4d,0x8a,0x4d,0x8a,0x4d,0x8a,0x4d,
    0x8a,0x4d,0x8a,0x4d,0x8a,0x4d,0x8a,0x4d,0x8a,0x4d,0x8a,0x4d,0x8a,0x4d,0x8a,0x4d,
    0x8a,0x4d,0x8a,0x4d,0x8a,0x4d,0x8a,0x4d,0x8a,0x4d,0x8a,0x4d,0x8a,0x4d,0x8a,0x4d,
    0x8a,0x4d,0x8a,0x4d,0x8a,0x4d,0x8a,0x4d,0x8a,0x4d,0x6a,0x4d,0x8a,0x55,0x8a,0x4d,
    0x00,0x00,0xf0,0x87,0x00,0x00,0x00,0x00,0xe0,0x07,0x8a,0x55,0xaa,0x55,0x6a,0x4d,
    0x8a,0x4d,0x8a,0x4d,0x8a,0x4d,0x8a,0x4d,0x8a,0x4d,0x8a,0x4d,0x8a,0x4d,0x8a,0x4d,
    0x8a,0x4d,0x8a,0x4d,0x8a,0x4d,0x8a,0x4d,0x8a,0x4d,0x8a,0x4d,0x8a,0x4d,0x8a,0x4d,
    0x8a,0x4d,0x8a,0x4d,0x8a,0x4d,0x8a,0x4d,0x8a,0x4d,0x8a,0x4d,0x8a,0x4d,0x8a,0x4d,
    0x8a,0x4d,0x8a,0x4d,0x8a,0x4d,0x8a,0x4d,0x8a,0x4d,0x8a,0x4d,0x8a,0x4d,0x8a,0x4d,
    0x8a,0x4d,0x8a,0x4d,0x8a,0x4d,0x8a,0x4d,0x8a,0x4d,0x8a,0x4d,0x8a,0x4d,0x8a,0x4d,
    0x8a,0x4d,0x8a,0x4d,0x8a,0x4d,0x8a,0x4d,0x8a,0x4d,0x8a,0x4d,0x8a,0x4d,0x8a,0x4d,
    0x8a,0x4d,0x8a,0x55,0x69,0x45,0xab,0x5d,0x5a,0xd7,0xff,0xff,0xff,0xff,0xff,0xff,
    0xff,0xff,0xff,0xff,0xff,0xff,0xff,0xff,0xff,0xff,0xff,0xff,0xff,0xff,0xff,0xff,
    0xff,0xff,0xff,0xff,0xff,0xff,0x51,0x8e,0x48,0x45,0x8a,0x55,0x8a,0x55,0x8a,0x4d,
    0x8a,0x4d,0x8a,0x4d,0x8a,0x4d,0x8a,0x4d,0x8a,0x4d,0x8a,0x4d,0x8a,0x4d,0x8a,0x4d,
    0x8a,0x4d,0x8a,0x4d,0x8a,0x4d,0x8a,0x4d,0x8a,0x4d,0x8a,0x4d,0x8a,0x4d,0x8a,0x4d,
    0x8a,0x4d,0x8a,0x4d,0x8a,0x4d,0x8a,0x4d,0x8a,0x4d,0x8a,0x4d,0x8a,0x4d,0x8a,0x4d,
    0x8a,0x4d,0x8a,0x4d,0x8a,0x4d,0x8a,0x4d,0x8a,0x4d,0x8a,0x4d,0x8a,0x4d,0x8a,0x4d,
    0x8a,0x4d,0x8a,0x4d,0x8a,0x4d,0x8a,0x4d,0x8a,0x4d,0x8a,0x4d,0x8a,0x4d,0x8a,0x4d,
    0x8a,0x4d,0x8a,0x4d,0x8a,0x4d,0x8a,0x4d,0x8a,0x4d,0x8a,0x4d,0x8a,0x4d,0x8a,0x4d,
    0x8a,0x4d,0x8a,0x4d,0x8a,0x4d,0x8a,0x4d,0x8a,0x4d,0x8a,0x4d,0x8a,0x4d,0x8a,0x4d,
    0x8a,0x4d,0x8a,0x4d,0x8a,0x4d,0x8a,0x4d,0x8a,0x4d,0x8a,0x4d,0x8a,0x4d,0x8a,0x4d,
    0x8a,0x4d,0x8a,0x4d,0x8a,0x4d,0x8a,0x4d,0x8a,0x4d,0x8a,0x4d,0x6a,0x4d,0xaa,0x55,
    0x8a,0x4d,0x00,0x00,0x00,0x00,0x00,0x00,0x00,0x00,0x08,0x44,0x00,0x00,0x8a,0x55,
    0xeb,0x55,0x6a,0x4d,0x8a,0x4d,0x8a,0x4d,0x8a,0x4d,0x8a,0x4d,0x8a,0x4d,0x8a,0x4d,
    0x8a,0x4d,0x8a,0x4d,0x8a,0x4d,0x8a,0x4d,0x8a,0x4d,0x8a,0x4d,0x8a,0x4d,0x8a,0x4d,
    0x8a,0x4d,0x8a,0x4d,0x8a,0x4d,0x8a,0x4d,0x8a,0x4d,0x8a,0x4d,0x8a,0x4d,0x8a,0x4d,
    0x8a,0x4d,0x8a,0x4d,0x8a,0x4d,0x8a,0x4d,0x8a,0x4d,0x8a,0x4d,0x8a,0x4d,0x8a,0x4d,
    0x8a,0x4d,0x8a,0x4d,0x8a,0x4d,0x8a,0x4d,0x8a,0x4d,0x8a,0x4d,0x8a,0x4d,0x8a,0x4d,
    0x8a,0x4d,0x8a,0x4d,0x8a,0x4d,0x8a,0x4d,0x8a,0x4d,0x8a,0x4d,0x8a,0x4d,0x8a,0x4d,
    0x8a,0x4d,0x8a,0x4d,0x8a,0x4d,0x8a,0x4d,0x8a,0x55,0x69,0x4d,0x6a,0x4d,0xf7,0xb6,
    0xff,0xff,0xff,0xff,0xff,0xff,0xff,0xff,0xff,0xff,0xff,0xff,0xff,0xff,0xff,0xff,
    0xff,0xff,0xff,0xff,0xff,0xff,0xbd,0xef,0xee,0x75,0x48,0x45,0x8a,0x55,0x8a,0x4d,
    0x8a,0x4d,0x8a,0x4d,0x8a,0x4d,0x8a,0x4d,0x8a,0x4d,0x8a,0x4d,0x8a,0x4d,0x8a,0x4d,
    0x8a,0x4d,0x8a,0x4d,0x8a,0x4d,0x8a,0x4d,0x8a,0x4d,0x8a,0x4d,0x8a,0x4d,0x8a,0x4d,
    0x8a,0x4d,0x8a,0x4d,0x8a,0x4d,0x8a,0x4d,0x8a,0x4d,0x8a,0x4d,0x8a,0x4d,0x8a,0x4d,
    0x8a,0x4d,0x8a,0x4d,0x8a,0x4d,0x8a,0x4d,0x8a,0x4d,0x8a,0x4d,0x8a,0x4d,0x8a,0x4d,
    0x8a,0x4d,0x8a,0x4d,0x8a,0x4d,0x8a,0x4d,0x8a,0x4d,0x8a,0x4d,0x8a,0x4d,0x8a,0x4d,
    0x8a,0x4d,0x8a,0x4d,0x8a,0x4d,0x8a,0x4d,0x8a,0x4d,0x8a,0x4d,0x8a,0x4d,0x8a,0x4d,
    0x8a,0x4d,0x8a,0x4d,0x8a,0x4d,0x8a,0x4d,0x8a,0x4d,0x8a,0x4d,0x8a,0x4d,0x8a,0x4d,
    0x8a,0x4d,0x8a,0x4d,0x8a,0x4d,0x8a,0x4d,0x8a,0x4d,0x8a,0x4d,0x8a,0x4d,0x8a,0x4d,
    0x8a,0x4d,0x8a,0x4d,0x8a,0x4d,0x8a,0x4d,0x8a,0x4d,0x8a,0x4d,0x8a,0x4d,0x8a,0x4d,
    0x6a,0x4d,0xeb,0x55,0x8a,0x55,0x00,0x00,0x08,0x44,0x00,0x00,0x00,0x00,0x10,0x04,
    0x00,0x00,0x69,0x4d,0x8a,0x55,0x8a,0x4d,0x6a,0x4d,0x8a,0x4d,0x8a,0x4d,0x8a,0x4d,
    0x8a,0x4d,0x8a,0x4d,0x8a,0x4d,0x8a,0x4d,0x8a,0x4d,0x8a,0x4d,0x8a,0x4d,0x8a,0x4d,
    0x8a,0x4d,0x8a,0x4d,0x8a,0x4d,0x8a,0x4d,0x8a,0x4d,0x8a,0x4d,0x8a,0x4d,0x8a,0x4d,
    0x8a,0x4d,0x8a,0x4d,0x8a,0x4d,0x8a,0x4d,0x8a,0x4d,0x8a,0x4d,0x8a,0x4d,0x8a,0x4d,
    0x8a,0x4d,0x8a,0x4d,0x8a,0x4d,0x8a,0x4d,0x8a,0x4d,0x8a,0x4d,0x8a,0x4d,0x8a,0x4d,
    0x8a,0x4d,0x8a,0x4d,0x8a,0x4d,0x8a,0x4d,0x8a,0x4d,0x8a,0x4d,0x8a,0x4d,0x8a,0x4d,
    0x8a,0x4d,0x8a,0x4d,0x8a,0x4d,0x8a,0x4d,0x8a,0x4d,0x8a,0x4d,0x8a,0x4d,0x8a,0x55,
    0x6a,0x4d,0x49,0x45,0x93,0x9e,0xff,0xff,0xff,0xff,0xff,0xff,0xff,0xff,0xff,0xff,
    0xff,0xff,0xff,0xff,0xff,0xff,0xff,0xff,0x7a,0xd7,0xab,0x5d,0x69,0x45,0x8a,0x55,
    0x8a,0x4d,0x8a,0x4d,0x8a,0x4d,0x8a,0x4d,0x8a,0x4d,0x8a,0x4d,0x8a,0x4d,0x8a,0x4d,
    0x8a,0x4d,0x8a,0x4d,0x8a,0x4d,0x8a,0x4d,0x8a,0x4d,0x8a,0x4d,0x8a,0x4d,0x8a,0x4d,
    0x8a,0x4d,0x8a,0x4d,0x8a,0x4d,0x8a,0x4d,0x8a,0x4d,0x8a,0x4d,0x8a,0x4d,0x8a,0x4d,
    0x8a,0x4d,0x8a,0x4d,0x8a,0x4d,0x8a,0x4d,0x8a,0x4d,0x8a,0x4d,0x8a,0x4d,0x8a,0x4d,
    0x8a,0x4d,0x8a,0x4d,0x8a,0x4d,0x8a,0x4d,0x8a,0x4d,0x8a,0x4d,0x8a,0x4d,0x8a,0x4d,
    0x8a,0x4d,0x8a,0x4d,0x8a,0x4d,0x8a,0x4d,0x8a,0x4d,0x8a,0x4d,0x8a,0x4d,0x8a,0x4d,
    0x8a,0x4d,0x8a,0x4d,0x8a,0x4d,0x8a,0x4d,0x8a,0x4d,0x8a,0x4d,0x8a,0x4d,0x8a,0x4d,
    0x8a,0x4d,0x8a,0x4d,0x8a,0x4d,0x8a,0x4d,0x8a,0x4d,0x8a,0x4d,0x8a,0x4d,0x8a,0x4d,
    0x8a,0x4d,0x8a,0x4d,0x8a,0x4d,0x8a,0x4d,0x8a,0x4d,0x8a,0x4d,0x8a,0x4d,0x8a,0x4d,
    0x8a,0x4d,0x6a,0x4d,0x8a,0x4d,0x8a,0x55,0x8a,0x55,0x00,0x00,0x10,0x04,0x00,0x00,
    0x00,0x00,0x00,0x00,0xf0,0x87,0x00,0x00,0x8a,0x4d,0xcb,0x55,0x8a,0x4d,0x8a,0x4d,
    0x8a,0x4d,0x8a,0x4d,0x8a,0x4d,0x8a,0x4d,0x8a,0x4d,0x8a,0x4d,0x8a,0x4d,0x8a,0x4d,
    0x8a,0x4d,0x8a,0x4d,0x8a,0x4d,0x8a,0x4d,0x8a,0x4d,0x8a,0x4d,0x8a,0x4d,0x8a,0x4d,
    0x8a,0x4d,0x8a,0x4d,0x8a,0x4d,0x8a,0x4d,0x8a,0x4d,0x8a,0x4d,0x8a,0x4d,0x8a,0x4d,
    0x8a,0x4d,0x8a,0x4d,0x8a,0x4d,0x8a,0x4d,0x8a,0x4d,0x8a,0x4d,0x8a,0x4d,0x8a,0x4d,
    0x8a,0x4d,0x8a,0x4d,0x8a,0x4d,0x8a,0x4d,0x8a,0x4d,0x8a,0x4d,0x8a,0x4d,0x8a,0x4d,
    0x8a,0x4d,0x8a,0x4d,0x8a,0x4d,0x8a,0x4d,0x8a,0x4d,0x8a,0x4d,0x8a,0x4d,0x8a,0x4d,
    0x8a,0x4d,0x8a,0x4d,0x8a,0x55,0x8a,0x55,0x48,0x45,0x30,0x7e,0xde,0xf7,0xff,0xff,
    0xff,0xff,0xff,0xff,0xff,0xff,0xff,0xff,0xff,0xff,0x17,0xbf,0x6a,0x4d,0x69,0x4d,
    0x8a,0x55,0x8a,0x4d,0x8a,0x4d,0x8a,0x4d,0x8a,0x4d,0x8a,0x4d,0x8a,0x4d,0x8a,0x4d,
    0x8a,0x4d,0x8a,0x4d,0x8a,0x4d,0x8a,0x4d,0x8a,0x4d,0x8a,0x4d,0x8a,0x4d,0x8a,0x4d,
    0x8a,0x4d,0x8a,0x4d,0x8a,0x4d,0x8a,0x4d,0x8a,0x4d,0x8a,0x4d,0x8a,0x4d,0x8a,0x4d,
    0x8a,0x4d,0x8a,0x4d,0x8a,0x4d,0x8a,0x4d,0x8a,0x4d,0x8a,0x4d,0x8a,0x4d,0x8a,0x4d,
    0x8a,0x4d,0x8a,0x4d,0x8a,0x4d,0x8a,0x4d,0x8a,0x4d,0x8a,0x4d,0x8a,0x4d,0x8a,0x4d,
    0x8a,0x4d,0x8a,0x4d,0x8a,0x4d,0x8a,0x4d,0x8a,0x4d,0x8a,0x4d,0x8a,0x4d,0x8a,0x4d,
    0x8a,0x4d,0x8a,0x4d,0x8a,0x4d,0x8a,0x4d,0x8a,0x4d,0x8a,0x4d,0x8a,0x4d,0x8a,0x4d,
    0x8a,0x4d,0x8a,0x4d,0x8a,0x4d,0x8a,0x4d,0x8a,0x4d,0x8a,0x4d,0x8a,0x4d,0x8a,0x4d,
    0x8a,0x4d,0x8a,0x4d,0x8a,0x4d,0x8a,0x4d,0x8a,0x4d,0x8a,0x4d,0x8a,0x4d,0x8a,0x4d,
    0x8a,0x4d,0x8a,0x4d,0x8a,0x4d,0x8a,0x4d,0xcb,0x55,0x8a,0x4d,0x00,0x00,0x6b,0x5d,
    0x00,0x00,0x00,0x00,0x00,0x00,0x00,0x00,0x6b,0x5d,0x00,0x00,0x8a,0x55,0xaa,0x55,
    0x6a,0x4d,0x8a,0x4d,0x8a,0x4d,0x8a,0x4d,0x8a,0x4d,0x8a,0x4d,0x8a,0x4d,0x8a,0x4d,
    0x8a,0x4d,0x8a,0x4d,0x8a,0x4d,0x8a,0x4d,0x8a,0x4d,0x8a,0x4d,0x8a,0x4d,0x8a,0x4d,
    0x8a,0x4d,0x8a,0x4d,0x8a,0x4d,0x8a,0x4d,0x8a,0x4d,0x8a,0x4d,0x8a,0x4d,0x8a,0x4d,
    0x8a,0x4d,0x8a,0x4d,0x8a,0x4d,0x8a,0x4d,0x8a,0x4d,0x8a,0x4d,0x8a,0x4d,0x8a,0x4d,
    0x8a,0x4d,0x8a,0x4d,0x8a,0x4d,0x8a,0x4d,0x8a,0x4d,0x8a,0x4d,0x8a,0x4d,0x8a,0x4d,
    0x8a,0x4d,0x8a,0x4d,0x8a,0x4d,0x8a,0x4d,0x8a,0x4d,0x8a,0x4d,0x8a,0x4d,0x8a,0x4d,
    0x8a,0x4d,0x8a,0x4d,0x8a,0x4d,0x8a,0x4d,0x8a,0x4d,0x8a,0x4d,0x8a,0x55,0x49,0x45,
    0xcc,0x65,0x17,0xbf,0xbd,0xef,0xff,0xf7,0xde,0xf7,0x7b,0xdf,0x51,0x8e,0x69,0x45,
    0x6a,0x4d,0x8a,0x55,0x8a,0x4d,0x8a,0x4d,0x8a,0x4d,0x8a,0x4d,0x8a,0x4d,0x8a,0x4d,
    0x8a,0x4d,0x8a,0x4d,0x8a,0x4d,0x8a,0x4d,0x8a,0x4d,0x8a,0x4d,0x8a,0x4d,0x8a,0x4d,
    0x8a,0x4d,0x8a,0x4d,0x8a,0x4d,0x8a,0x4d,0x8a,0x4d,0x8a,0x4d,0x8a,0x4d,0x8a,0x4d,
    0x8a,0x4d,0x8a,0x4d,0x8a,0x4d,0x8a,0x4d,0x8a,0x4d,0x8a,0x4d,0x8a,0x4d,0x8a,0x4d,
    0x8a,0x4d,0x8a,0x4d,0x8a,0x4d,0x8a,0x4d,0x8a,0x4d,0x8a,0x4d,0x8a,0x4d,0x8a,0x4d,
    0x8a,0x4d,0x8a,0x4d,0x8a,0x4d,0x8a,0x4d,0x8a,0x4d,0x8a,0x4d,0x8a,0x4d,0x8a,0x4d,
    0x8a,0x4d,0x8a,0x4d,0x8a,0x4d,0x8a,0x4d,0x8a,0x4d,0x8a,0x4d,0x8a,0x4d,0x8a,0x4d,
    0x8a,0x4d,0x8a,0x4d,0x8a,0x4d,0x8a,0x4d,0x8a,0x4d,0x8a,0x4d,0x8a,0x4d,0x8a,0x4d,
    0x8a,0x4d,0x8a,0x4d,0x8a,0x4d,0x8a,0x4d,0x8a,0x4d,0x8a,0x4d,0x8a,0x4d,0x8a,0x4d,
    0x8a,0x4d,0x8a,0x4d,0x8a,0x4d,0x8a,0x4d,0x8a,0x4d,0x6a,0x4d,0xaa,0x55,0x8a,0x55,
    0x00,0x00,0x6b,0x5d,0x00,0x00,0x00,0x00,0x00,0x00,0x00,0x00,0x00,0x00,0xe0,0x07,
    0x00,0x00,0x8a,0x55,0xca,0x55,0x8a,0x4d,0x8a,0x4d,0x8a,0x4d,0x8a,0x4d,0x8a,0x4d,
    0x8a,0x4d,0x8a,0x4d,0x8a,0x4d,0x8a,0x4d,0x8a,0x4d,0x8a,0x4d,0x8a,0x4d,0x8a,0x4d,
    0x8a,0x4d,0x8a,0x4d,0x8a,0x4d,0x8a,0x4d,0x8a,0x4d,0x8a,0x4d,0x8a,0x4d,0x8a,0x4d,
    0x8a,0x4d,0x8a,0x4d,0x8a,0x4d,0x8a,0x4d,0x8a,0x4d,0x8a,0x4d,0x8a,0x4d,0x8a,0x4d,
    0x8a,0x4d,0x8a,0x4d,0x8a,0x4d,0x8a,0x4d,0x8a,0x4d,0x8a,0x4d,0x8a,0x4d,0x8a,0x4d,
    0x8a,0x4d,0x8a,0x4d,0x8a,0x4d,0x8a,0x4d,0x8a,0x4d,0x8a,0x4d,0x8a,0x4d,0x8a,0x4d,
    0x8a,0x4d,0x8a,0x4d,0x8a,0x4d,0x8a,0x4d,0x8a,0x4d,0x8a,0x4d,0x8a,0x4d,0x8a,0x4d,
    0x8a,0x4d,0x8a,0x55,0x69,0x4d,0x49,0x45,0x8b,0x55,0xed,0x6d,0xcc,0x65,0x69,0x4d,
    0x69,0x45,0x8a,0x55,0x8a,0x55,0x8a,0x4d,0x8a,0x4d,0x8a,0x4d,0x8a,0x4d,0x8a,0x4d,
    0x8a,0x4d,0x8a,0x4d,0x8a,0x4d,0x8a,0x4d,0x8a,0x4d,0x8a,0x4d,0x8a,0x4d,0x8a,0x4d,
    0x8a,0x4d,0x8a,0x4d,0x8a,0x4d,0x8a,0x4d,0x8a,0x4d,0x8a,0x4d,0x8a,0x4d,0x8a,0x4d,
    0x8a,0x4d,0x8a,0x4d,0x8a,0x4d,0x8a,0x4d,0x8a,0x4d,0x8a,0x4d,0x8a,0x4d,0x8a,0x4d,
    0x8a,0x4d,0x8a,0x4d,0x8a,0x4d,0x8a,0x4d,0x8a,0x4d,0x8a,0x4d,0x8a,0x4d,0x8a,0x4d,
    0x8a,0x4d,0x8a,0x4d,0x8a,0x4d,0x8a,0x4d,0x8a,0x4d,0x8a,0x4d,0x8a,0x4d,0x8a,0x4d,
    0x8a,0x4d,0x8a,0x4d,0x8a,0x4d,0x8a,0x4d,0x8a,0x4d,0x8a,0x4d,0x8a,0x4d,0x8a,0x4d,
    0x8a,0x4d,0x8a,0x4d,0x8a,0x4d,0x8a,0x4d,0x8a,0x4d,0x8a,0x4d,0x8a,0x4d,0x8a,0x4d,
    0x8a,0x4d,0x8a,0x4d,0x8a,0x4d,0x8a,0x4d,0x8a,0x4d,0x8a,0x4d,0x8a,0x4d,0x8a,0x4d,
    0x8a,0x4d,0x8a,0x4d,0x8a,0x4d,0x8a,0x4d,0x8a,0x4d,0x8a,0x4d,0x8a,0x4d,0xca,0x55,
    0x8a,0x4d,0x00,0x00,0xe0,0x07,0x00,0x00,0x00,0x00,0x00,0x00,0x00,0x00,0x00,0x00,
    0x00,0x00,0x6b,0x5d,0x00,0x00,0x8a,0x4d,0xca,0x55,0x6a,0x4d,0x8a,0x4d,0x8a,0x4d,
    0x8a,0x4d,0x8a,0x4d,0x8a,0x4d,0x8a,0x4d,0x8a,0x4d,0x8a,0x4d,0x8a,0x4d,0x8a,0x4d,
    0x8a,0x4d,0x8a,0x4d,0x8a,0x4d,0x8a,0x4d,0x8a,0x4d,0x8a,0x4d,0x8a,0x4d,0x8a,0x4d,
    0x8a,0x4d,0x8a,0x4d,0x8a,0x4d,0x8a,0x4d,0x8a,0x4d,0x8a,0x4d,0x8a,0x4d,0x8a,0x4d,
    0x8a,0x4d,0x8a,0x4d,0x8a,0x4d,0x8a,0x4d,0x8a,0x4d,0x8a,0x4d,0x8a,0x4d,0x8a,0x4d,
    0x8a,0x4d,0x8a,0x4d,0x8a,0x4d,0x8a,0x4d,0x8a,0x4d,0x8a,0x4d,0x8a,0x4d,0x8a,0x4d,
    0x8a,0x4d,0x8a,0x4d,0x8a,0x4d,0x8a,0x4d,0x8a,0x4d,0x8a,0x4d,0x8a,0x4d,0x8a,0x4d,
    0x8a,0x4d,0x8a,0x4d,0x8a,0x4d,0x8a,0x4d,0x8a,0x55,0x8a,0x55,0x6a,0x4d,0x69,0x4d,
    0x69,0x4d,0x8a,0x55,0x8a,0x55,0x8a,0x4d,0x8a,0x4d,0x8a,0x4d,0x8a,0x4d,0x8a,0x4d,
    0x8a,0x4d,0x8a,0x4d,0x8a,0x4d,0x8a,0x4d,0x8a,0x4d,0x8a,0x4d,0x8a,0x4d,0x8a,0x4d,
    0x8a,0x4d,0x8a,0x4d,0x8a,0x4d,0x8a,0x4d,0x8a,0x4d,0x8a,0x4d,0x8a,0x4d,0x8a,0x4d,
    0x8a,0x4d,0x8a,0x4d,0x8a,0x4d,0x8a,0x4d,0x8a,0x4d,0x8a,0x4d,0x8a,0x4d,0x8a,0x4d,
    0x8a,0x4d,0x8a,0x4d,0x8a,0x4d,0x8a,0x4d,0x8a,0x4d,0x8a,0x4d,0x8a,0x4d,0x8a,0x4d,
    0x8a,0x4d,0x8a,0x4d,0x8a,0x4d,0x8a,0x4d,0x8a,0x4d,0x8a,0x4d,0x8a,0x4d,0x8a,0x4d,
    0x8a,0x4d,0x8a,0x4d,0x8a,0x4d,0x8a,0x4d,0x8a,0x4d,0x8a,0x4d,0x8a,0x4d,0x8a,0x4d,
    0x8a,0x4d,0x8a,0x4d,0x8a,0x4d,0x8a,0x4d,0x8a,0x4d,0x8a,0x4d,0x8a,0x4d,0x8a,0x4d,
    0x8a,0x4d,0x8a,0x4d,0x8a,0x4d,0x8a,0x4d,0x8a,0x4d,0x8a,0x4d,0x8a,0x4d,0x8a,0x4d,
    0x8a,0x4d,0x8a,0x4d,0x8a,0x4d,0x8a,0x4d,0x8a,0x4d,0x8a,0x4d,0x8a,0x4d,0x8a,0x4d,
    0x6a,0x4d,0xaa,0x55,0xaa,0x55,0x00,0x00,0x6b,0x5d,0x00,0x00,0x00,0x00,0x00,0x00,
    0x00,0x00,0x00,0x00,0x00,0x00,0x00,0x00,0xe0,0x07,0x00,0x00,0x8a,0x55,0xca,0x55,
    0x8a,0x4d,0x8a,0x4d,0x8a,0x4d,0x8a,0x4d,0x8a,0x4d,0x8a,0x4d,0x8a,0x4d,0x8a,0x4d,
    0x8a,0x4d,0x8a,0x4d,0x8a,0x4d,0x8a,0x4d,0x8a,0x4d,0x8a,0x4d,0x8a,0x4d,0x8a,0x4d,
    0x8a,0x4d,0x8a,0x4d,0x8a,0x4d,0x8a,0x4d,0x8a,0x4d,0x8a,0x4d,0x8a,0x4d,0x8a,0x4d,
    0x8a,0x4d,0x8a,0x4d,0x8a,0x4d,0x8a,0x4d,0x8a,0x4d,0x8a,0x4d,0x8a,0x4d,0x8a,0x4d,
    0x8a,0x4d,0x8a,0x4d,0x8a,0x4d,0x8a,0x4d,0x8a,0x4d,0x8a,0x4d,0x8a,0x4d,0x8a,0x4d,
    0x8a,0x4d,0x8a,0x4d,0x8a,0x4d,0x8a,0x4d,0x8a,0x4d,0x8a,0x4d,0x8a,0x4d,0x8a,0x4d,
    0x8a,0x4d,0x8a,0x4d,0x8a,0x4d,0x8a,0x4d,0x8a,0x4d,0x8a,0x4d,0x8a,0x4d,0x8a,0x4d,
    0x8a,0x55,0x8a,0x55,0x8a,0x55,0x8a,0x4d,0x8a,0x4d,0x8a,0x4d,0x8a,0x4d,0x8a,0x4d,
    0x8a,0x4d,0x8a,0x4d,0x8a,0x4d,0x8a,0x4d,0x8a,0x4d,0x8a,0x4d,0x8a,0x4d,0x8a,0x4d,
    0x8a,0x4d,0x8a,0x4d,0x8a,0x4d,0x8a,0x4d,0x8a,0x4d,0x8a,0x4d,0x8a,0x4d,0x8a,0x4d,
    0x8a,0x4d,0x8a,0x4d,0x8a,0x4d,0x8a,0x4d,0x8a,0x4d,0x8a,0x4d,0x8a,0x4d,0x8a,0x4d,
    0x8a,0x4d,0x8a,0x4d,0x8a,0x4d,0x8a,0x4d,0x8a,0x4d,0x8a,0x4d,0x8a,0x4d,0x8a,0x4d,
    0x8a,0x4d,0x8a,0x4d,0x8a,0x4d,0x8a,0x4d,0x8a,0x4d,0x8a,0x4d,0x8a,0x4d,0x8a,0x4d,
    0x8a,0x4d,0x8a,0x4d,0x8a,0x4d,0x8a,0x4d,0x8a,0x4d,0x8a,0x4d,0x8a,0x4d,0x8a,0x4d,
    0x8a,0x4d,0x8a,0x4d,0x8a,0x4d,0x8a,0x4d,0x8a,0x4d,0x8a,0x4d,0x8a,0x4d,0x8a,0x4d,
    0x8a,0x4d,0x8a,0x4d,0x8a,0x4d,0x8a,0x4d,0x8a,0x4d,0x8a,0x4d,0x8a,0x4d,0x8a,0x4d,
    0x8a,0x4d,0x8a,0x4d,0x8a,0x4d,0x8a,0x4d,0x8a,0x4d,0x8a,0x4d,0x8a,0x4d,0x8a,0x4d,
    0x8a,0x4d,0x8a,0x4d,0xca,0x55,0xaa,0x55,0x00,0x00,0xe0,0x07,0x00,0x00,0x00,0x00,
    0x00,0x00,0x00,0x00,0x00,0x00,0x00,0x00,0x00,0x00,0x00,0x00,0x6b,0x5d,0x00,0x00,
    0x8a,0x4d,0xaa,0x55,0x6a,0x4d,0x8a,0x4d,0x8a,0x4d,0x8a,0x4d,0x8a,0x4d,0x8a,0x4d,
    0x8a,0x4d,0x8a,0x4d,0x8a,0x4d,0x8a,0x4d,0x8a,0x4d,0x8a,0x4d,0x8a,0x4d,0x8a,0x4d,
    0x8a,0x4d,0x8a,0x4d,0x8a,0x4d,0x8a,0x4d,0x8a,0x4d,0x8a,0x4d,0x8a,0x4d,0x8a,0x4d,
    0x8a,0x4d,0x8a,0x4d,0x8a,0x4d,0x8a,0x4d,0x8a,0x4d,0x8a,0x4d,0x8a,0x4d,0x8a,0x4d,
    0x8a,0x4d,0x8a,0x4d,0x8a,0x4d,0x8a,0x4d,0x8a,0x4d,0x8a,0x4d,0x8a,0x4d,0x8a,0x4d,
    0x8a,0x4d,0x8a,0x4d,0x8a,0x4d,0x8a,0x4d,0x8a,0x4d,0x8a,0x4d,0x8a,0x4d,0x8a,0x4d,
    0x8a,0x4d,0x8a,0x4d,0x8a,0x4d,0x8a,0x4d,0x8a,0x4d,0x8a,0x4d,0x8a,0x4d,0x8a,0x4d,
    0x8a,0x4d,0x8a,0x4d,0x8a,0x4d,0x8a,0x4d,0x8a,0x4d,0x8a,0x4d,0x8a,0x4d,0x8a,0x4d,
    0x8a,0x4d,0x8a,0x4d,0x8a,0x4d,0x8a,0x4d,0x8a,0x4d,0x8a,0x4d,0x8a,0x4d,0x8a,0x4d,
    0x8a,0x4d,0x8a,0x4d,0x8a,0x4d,0x8a,0x4d,0x8a,0x4d,0x8a,0x4d,0x8a,0x4d,0x8a,0x4d,
    0x8a,0x4d,0x8a,0x4d,0x8a,0x4d,0x8a,0x4d,0x8a,0x4d,0x8a,0x4d,0x8a,0x4d,0x8a,0x4d,
    0x8a,0x4d,0x8a,0x4d,0x8a,0x4d,0x8a,0x4d,0x8a,0x4d,0x8a,0x4d,0x8a,0x4d,0x8a,0x4d,
    0x8a,0x4d,0x8a,0x4d,0x8a,0x4d,0x8a,0x4d,0x8a,0x4d,0x8a,0x4d,0x8a,0x4d,0x8a,0x4d,
    0x8a,0x4d,0x8a,0x4d,0x8a,0x4d,0x8a,0x4d,0x8a,0x4d,0x8a,0x4d,0x8a,0x4d,0x8a,0x4d,
    0x8a,0x4d,0x8a,0x4d,0x8a,0x4d,0x8a,0x4d,0x8a,0x4d,0x8a,0x4d,0x8a,0x4d,0x8a,0x4d,
    0x8a,0x4d,0x8a,0x4d,0x8a,0x4d,0x8a,0x4d,0x8a,0x4d,0x8a,0x4d,0x8a,0x4d,0x8a,0x4d,
    0x8a,0x4d,0x8a,0x4d,0x8a,0x4d,0x8a,0x4d,0x8a,0x4d,0x8a,0x4d,0x8a,0x4d,0x8a,0x4d,
    0x8a,0x4d,0x8a,0x4d,0x8a,0x4d,0x8a,0x4d,0xaa,0x55,0x8a,0x4d,0x00,0x00,0x6b,0x5d,
    0x00,0x00,0x00,0x00,0x00,0x00,0x00,0x00,0x00,0x00,0x00,0x00,0x00,0x00,0x00,0x00,
    0x00,0x00,0xf0,0x87,0x00,0x00,0x8a,0x55,0xcb,0x55,0x6a,0x4d,0x8a,0x4d,0x8a,0x4d,
    0x8a,0x4d,0x8a,0x4d,0x8a,0x4d,0x8a,0x4d,0x8a,0x4d,0x8a,0x4d,0x8a,0x4d,0x8a,0x4d,
    0x8a,0x4d,0x8a,0x4d,0x8a,0x4d,0x8a,0x4d,0x8a,0x4d,0x8a,0x4d,0x8a,0x4d,0x8a,0x4d,
    0x8a,0x4d,0x8a,0x4d,0x8a,0x4d,0x8a,0x4d,0x8a,0x4d,0x8a,0x4d,0x8a,0x4d,0x8a,0x4d,
    0x8a,0x4d,0x8a,0x4d,0x8a,0x4d,0x8a,0x4d,0x8a,0x4d,0x8a,0x4d,0x8a,0x4d,0x8a,0x4d,
    0x8a,0x4d,0x8a,0x4d,0x8a,0x4d,0x8a,0x4d,0x8a,0x4d,0x8a,0x4d,0x8a,0x4d,0x8a,0x4d,
    0x8a,0x4d,0x8a,0x4d,0x8a,0x4d,0x8a,0x4d,0x8a,0x4d,0x8a,0x4d,0x8a,0x4d,0x8a,0x4d,
    0x8a,0x4d,0x8a,0x4d,0x8a,0x4d,0x8a,0x4d,0x8a,0x4d,0x8a,0x4d,0x8a,0x4d,0x8a,0x4d,
    0x8a,0x4d,0x8a,0x4d,0x8a,0x4d,0x8a,0x4d,0x8a,0x4d,0x8a,0x4d,0x8a,0x4d,0x8a,0x4d,
    0x8a,0x4d,0x8a,0x4d,0x8a,0x4d,0x8a,0x4d,0x8a,0x4d,0x8a,0x4d,0x8a,0x4d,0x8a,0x4d,
    0x8a,0x4d,0x8a,0x4d,0x8a,0x4d,0x8a,0x4d,0x8a,0x4d,0x8a,0x4d,0x8a,0x4d,0x8a,0x4d,
    0x8a,0x4d,0x8a,0x4d,0x8a,0x4d,0x8a,0x4d,0x8a,0x4d,0x8a,0x4d,0x8a,0x4d,0x8a,0x4d,
    0x8a,0x4d,0x8a,0x4d,0x8a,0x4d,0x8a,0x4d,0x8a,0x4d,0x8a,0x4d,0x8a,0x4d,0x8a,0x4d,
    0x8a,0x4d,0x8a,0x4d,0x8a,0x4d,0x8a,0x4d,0x8a,0x4d,0x8a,0x4d,0x8a,0x4d,0x8a,0x4d,
    0x8a,0x4d,0x8a,0x4d,0x8a,0x4d,0x8a,0x4d,0x8a,0x4d,0x8a,0x4d,0x8a,0x4d,0x8a,0x4d,
    0x8a,0x4d,0x8a,0x4d,0x8a,0x4d,0x8a,0x4d,0x8a,0x4d,0x8a,0x4d,0x8a,0x4d,0x8a,0x4d,
    0x8a,0x4d,0x8a,0x4d,0x8a,0x4d,0x8a,0x4d,0x8a,0x4d,0x8a,0x4d,0x8a,0x4d,0x8a,0x4d,
    0x8a,0x4d,0x8a,0x4d,0x8a,0x4d,0x8a,0x4d,0x6a,0x4d,0xcb,0x55,0x8a,0x55,0x00,0x00,
    0x10,0x84,0x00,0x00,0x00,0x00,0x00,0x00,0x00,0x00,0x00,0x00,0x00,0x00,0x00,0x00,
    0x00,0x00,0x00,0x00,0x00,0x00,0x10,0x84,0x00,0x00,0x6a,0x4d,0x8a,0x55,0x8a,0x4d,
    0x6a,0x4d,0x8a,0x4d,0x8a,0x4d,0x8a,0x4d,0x8a,0x4d,0x8a,0x4d,0x8a,0x4d,0x8a,0x4d,
    0x8a,0x4d,0x8a,0x4d,0x8a,0x4d,0x8a,0x4d,0x8a,0x4d,0x8a,0x4d,0x8a,0x4d,0x8a,0x4d,
    0x8a,0x4d,0x8a,0x4d,0x8a,0x4d,0x8a,0x4d,0x8a,0x4d,0x8a,0x4d,0x8a,0x4d,0x8a,0x4d,
    0x8a,0x4d,0x8a,0x4d,0x8a,0x4d,0x8a,0x4d,0x8a,0x4d,0x8a,0x4d,0x8a,0x4d,0x8a,0x4d,
    0x8a,0x4d,0x8a,0x4d,0x8a,0x4d,0x8a,0x4d,0x8a,0x4d,0x8a,0x4d,0x8a,0x4d,0x8a,0x4d,
    0x8a,0x4d,0x8a,0x4d,0x8a,0x4d,0x8a,0x4d,0x8a,0x4d,0x8a,0x4d,0x8a,0x4d,0x8a,0x4d,
    0x8a,0x4d,0x8a,0x4d,0x8a,0x4d,0x8a,0x4d,0x8a,0x4d,0x8a,0x4d,0x8a,0x4d,0x8a,0x4d,
    0x8a,0x4d,0x8a,0x4d,0x8a,0x4d,0x8a,0x4d,0x8a,0x4d,0x8a,0x4d,0x8a,0x4d,0x8a,0x4d,
    0x8a,0x4d,0x8a,0x4d,0x8a,0x4d,0x8a,0x4d,0x8a,0x4d,0x8a,0x4d,0x8a,0x4d,0x8a,0x4d,
    0x8a,0x4d,0x8a,0x4d,0x8a,0x4d,0x8a,0x4d,0x8a,0x4d,0x8a,0x4d,0x8a,0x4d,0x8a,0x4d,
    0x8a,0x4d,0x8a,0x4d,0x8a,0x4d,0x8a,0x4d,0x8a,0x4d,0x8a,0x4d,0x8a,0x4d,0x8a,0x4d,
    0x8a,0x4d,0x8a,0x4d,0x8a,0x4d,0x8a,0x4d,0x8a,0x4d,0x8a,0x4d,0x8a,0x4d,0x8a,0x4d,
    0x8a,0x4d,0x8a,0x4d,0x8a,0x4d,0x8a,0x4d,0x8a,0x4d,0x8a,0x4d,0x8a,0x4d,0x8a,0x4d,
    0x8a,0x4d,0x8a,0x4d,0x8a,0x4d,0x8a,0x4d,0x8a,0x4d,0x8a,0x4d,0x8a,0x4d,0x8a,0x4d,
    0x8a,0x4d,0x8a,0x4d,0x8a,0x4d,0x8a,0x4d,0x8a,0x4d,0x8a,0x4d,0x8a,0x4d,0x8a,0x4d,
    0x8a,0x4d,0x8a,0x4d,0x8a,0x4d,0x8a,0x4d,0x8a,0x4d,0x8a,0x4d,0x8a,0x4d,0x8a,0x4d,
    0x8a,0x4d,0x8a,0x4d,0x8a,0x4d,0x8a,0x4d,0x8a,0x4d,0x6a,0x4d,0x8a,0x55,0x8a,0x55,
    0x8a,0x4d,0x00,0x00,0x10,0x84,0x00,0x00,0x00,0x00,0x00,0x00,0x00,0x00,0x00,0x00,
    0x00,0x00,0x00,0x00,0x00,0x00,0x00,0x00,0x00,0x00,0x00,0x00,0x6b,0x5d,0x00,0x00,
    0x8a,0x55,0xeb,0x55,0x6a,0x4d,0x8a,0x4d,0x8a,0x4d,0x8a,0x4d,0x8a,0x4d,0x8a,0x4d,
    0x8a,0x4d,0x8a,0x4d,0x8a,0x4d,0x8a,0x4d,0x8a,0x4d,0x8a,0x4d,0x8a,0x4d,0x8a,0x4d,
    0x8a,0x4d,0x8a,0x4d,0x8a,0x4d,0x8a,0x4d,0x8a,0x4d,0x8a,0x4d,0x8a,0x4d,0x8a,0x4d,
    0x8a,0x4d,0x8a,0x4d,0x8a,0x4d,0x8a,0x4d,0x8a,0x4d,0x8a,0x4d,0x8a,0x4d,0x8a,0x4d,
    0x8a,0x4d,0x8a,0x4d,0x8a,0x4d,0x8a,0x4d,0x8a,0x4d,0x8a,0x4d,0x8a,0x4d,0x8a,0x4d,
    0x8a,0x4d,0x8a,0x4d,0x8a,0x4d,0x8a,0x4d,0x8a,0x4d,0x8a,0x4d,0x8a,0x4d,0x8a,0x4d,
    0x8a,0x4d,0x8a,0x4d,0x8a,0x4d,0x8a,0x4d,0x8a,0x4d,0x8a,0x4d,0x8a,0x4d,0x8a,0x4d,
    0x8a,0x4d,0x8a,0x4d,0x8a,0x4d,0x8a,0x4d,0x8a,0x4d,0x8a,0x4d,0x8a,0x4d,0x8a,0x4d,
    0x8a,0x4d,0x8a,0x4d,0x8a,0x4d,0x8a,0x4d,0x8a,0x4d,0x8a,0x4d,0x8a,0x4d,0x8a,0x4d,
    0x8a,0x4d,0x8a,0x4d,0x8a,0x4d,0x8a,0x4d,0x8a,0x4d,0x8a,0x4d,0x8a,0x4d,0x8a,0x4d,
    0x8a,0x4d,0x8a,0x4d,0x8a,0x4d,0x8a,0x4d,0x8a,0x4d,0x8a,0x4d,0x8a,0x4d,0x8a,0x4d,
    0x8a,0x4d,0x8a,0x4d,0x8a,0x4d,0x8a,0x4d,0x8a,0x4d,0x8a,0x4d,0x8a,0x4d,0x8a,0x4d,
    0x8a,0x4d,0x8a,0x4d,0x8a,0x4d,0x8a,0x4d,0x8a,0x4d,0x8a,0x4d,0x8a,0x4d,0x8a,0x4d,
    0x8a,0x4d,0x8a,0x4d,0x8a,0x4d,0x8a,0x4d,0x8a,0x4d,0x8a,0x4d,0x8a,0x4d,0x8a,0x4d,
    0x8a,0x4d,0x8a,0x4d,0x8a,0x4d,0x8a,0x4d,0x8a,0x4d,0x8a,0x4d,0x8a,0x4d,0x8a,0x4d,
    0x8a,0x4d,0x8a,0x4d,0x8a,0x4d,0x8a,0x4d,0x8a,0x4d,0x8a,0x4d,0x8a,0x4d,0x8a,0x4d,
    0x8a,0x4d,0x8a,0x4d,0x8a,0x4d,0x8a,0x4d,0x8a,0x4d,0x8a,0x4d,0x8a,0x4d,0x6a,0x4d,
    0xeb,0x55,0x8a,0x4d,0x00,0x00,0x6b,0x5d,0x00,0x00,0x00,0x00,0x00,0x00,0x00,0x00,
    0x00,0x00,0x00,0x00,0x00,0x00,0x00,0x00,0x00,0x00,0x00,0x00,0x00,0x00,0x00,0x00,
    0x00,0x00,0x00,0x00,0x6b,0x3c,0xaa,0x55,0xca,0x55,0x8a,0x4d,0x8a,0x4d,0x8a,0x4d,
    0x8a,0x4d,0x8a,0x4d,0x8a,0x4d,0x8a,0x4d,0x8a,0x4d,0x8a,0x4d,0x8a,0x4d,0x8a,0x4d,
    0x8a,0x4d,0x8a,0x4d,0x8a,0x4d,0x8a,0x4d,0x8a,0x4d,0x8a,0x4d,0x8a,0x4d,0x8a,0x4d,
    0x8a,0x4d,0x8a,0x4d,0x8a,0x4d,0x8a,0x4d,0x8a,0x4d,0x8a,0x4d,0x8a,0x4d,0x8a,0x4d,
    0x8a,0x4d,0x8a,0x4d,0x8a,0x4d,0x8a,0x4d,0x8a,0x4d,0x8a,0x4d,0x8a,0x4d,0x8a,0x4d,
    0x8a,0x4d,0x8a,0x4d,0x8a,0x4d,0x8a,0x4d,0x8a,0x4d,0x8a,0x4d,0x8a,0x4d,0x8a,0x4d,
    0x8a,0x4d,0x8a,0x4d,0x8a,0x4d,0x8a,0x4d,0x8a,0x4d,0x8a,0x4d,0x8a,0x4d,0x8a,0x4d,
    0x8a,0x4d,0x8a,0x4d,0x8a,0x4d,0x8a,0x4d,0x8a,0x4d,0x8a,0x4d,0x8a,0x4d,0x8a,0x4d,
    0x8a,0x4d,0x8a,0x4d,0x8a,0x4d,0x8a,0x4d,0x8a,0x4d,0x8a,0x4d,0x8a,0x4d,0x8a,0x4d,
    0x8a,0x4d,0x8a,0x4d,0x8a,0x4d,0x8a,0x4d,0x8a,0x4d,0x8a,0x4d,0x8a,0x4d,0x8a,0x4d,
    0x8a,0x4d,0x8a,0x4d,0x8a,0x4d,0x8a,0x4d,0x8a,0x4d,0x8a,0x4d,0x8a,0x4d,0x8a,0x4d,
    0x8a,0x4d,0x8a,0x4d,0x8a,0x4d,0x8a,0x4d,0x8a,0x4d,0x8a,0x4d,0x8a,0x4d,0x8a,0x4d,
    0x8a,0x4d,0x8a,0x4d,0x8a,0x4d,0x8a,0x4d,0x8a,0x4d,0x8a,0x4d,0x8a,0x4d,0x8a,0x4d,
    0x8a,0x4d,0x8a,0x4d,0x8a,0x4d,0x8a,0x4d,0x8a,0x4d,0x8a,0x4d,0x8a,0x4d,0x8a,0x4d,
    0x8a,0x4d,0x8a,0x4d,0x8a,0x4d,0x8a,0x4d,0x8a,0x4d,0x8a,0x4d,0x8a,0x4d,0x8a,0x4d,
    0x8a,0x4d,0x8a,0x4d,0x8a,0x4d,0x8a,0x4d,0x8a,0x4d,0x8a,0x4d,0x8a,0x4d,0x8a,0x4d,
    0x8a,0x4d,0x8a,0x4d,0x8a,0x4d,0x8a,0x4d,0x8a,0x4d,0x8a,0x4d,0x8a,0x4d,0x8a,0x4d,
    0x8a,0x4d,0xca,0x55,0xaa,0x55,0x08,0x45,0x00,0x00,0x00,0x00,0x00,0x00,0x00,0x00,
    0x00,0x00,0x00,0x00,0x00,0x00,0x00,0x00,0x00,0x00,0x00,0x00,0x00,0x00,0x00,0x00,
    0x00,0x00,0x00,0x00,0x00,0x00,0xf0,0x87,0x00,0x00,0x6a,0x4d,0xaa,0x55,0x8a,0x4d,
    0x6a,0x4d,0x8a,0x4d,0x8a,0x4d,0x8a,0x4d,0x8a,0x4d,0x8a,0x4d,0x8a,0x4d,0x8a,0x4d,
    0x8a,0x4d,0x8a,0x4d,0x8a,0x4d,0x8a,0x4d,0x8a,0x4d,0x8a,0x4d,0x8a,0x4d,0x8a,0x4d,
    0x8a,0x4d,0x8a,0x4d,0x8a,0x4d,0x8a,0x4d,0x8a,0x4d,0x8a,0x4d,0x8a,0x4d,0x8a,0x4d,
    0x8a,0x4d,0x8a,0x4d,0x8a,0x4d,0x8a,0x4d,0x8a,0x4d,0x8a,0x4d,0x8a,0x4d,0x8a,0x4d,
    0x8a,0x4d,0x8a,0x4d,0x8a,0x4d,0x8a,0x4d,0x8a,0x4d,0x8a,0x4d,0x8a,0x4d,0x8a,0x4d,
    0x8a,0x4d,0x8a,0x4d,0x8a,0x4d,0x8a,0x4d,0x8a,0x4d,0x8a,0x4d,0x8a,0x4d,0x8a,0x4d,
    0x8a,0x4d,0x8a,0x4d,0x8a,0x4d,0x8a,0x4d,0x8a,0x4d,0x8a,0x4d,0x8a,0x4d,0x8a,0x4d,
    0x8a,0x4d,0x8a,0x4d,0x8a,0x4d,0x8a,0x4d,0x8a,0x4d,0x8a,0x4d,0x8a,0x4d,0x8a,0x4d,
    0x8a,0x4d,0x8a,0x4d,0x8a,0x4d,0x8a,0x4d,0x8a,0x4d,0x8a,0x4d,0x8a,0x4d,0x8a,0x4d,
    0x8a,0x4d,0x8a,0x4d,0x8a,0x4d,0x8a,0x4d,0x8a,0x4d,0x8a,0x4d,0x8a,0x4d,0x8a,0x4d,
    0x8a,0x4d,0x8a,0x4d,0x8a,0x4d,0x8a,0x4d,0x8a,0x4d,0x8a,0x4d,0x8a,0x4d,0x8a,0x4d,
    0x8a,0x4d,0x8a,0x4d,0x8a,0x4d,0x8a,0x4d,0x8a,0x4d,0x8a,0x4d,0x8a,0x4d,0x8a,0x4d,
    0x8a,0x4d,0x8a,0x4d,0x8a,0x4d,0x8a,0x4d,0x8a,0x4d,0x8a,0x4d,0x8a,0x4d,0x8a,0x4d,
    0x8a,0x4d,0x8a,0x4d,0x8a,0x4d,0x8a,0x4d,0x8a,0x4d,0x8a,0x4d,0x8a,0x4d,0x8a,0x4d,
    0x8a,0x4d,0x8a,0x4d,0x8a,0x4d,0x8a,0x4d,0x8a,0x4d,0x8a,0x4d,0x8a,0x4d,0x8a,0x4d,
    0x8a,0x4d,0x8a,0x4d,0x8a,0x4d,0x8a,0x4d,0x8a,0x4d,0x8a,0x4d,0x8a,0x4d,0x8a,0x4d,
    0x8a,0x4d,0x6a,0x4d,0x8a,0x4d,0xaa,0x55,0x6a,0x55,0x00,0x00,0xf0,0x87,0x00,0x00,
    0x00,0x00,0x00,0x00,0x00,0x00,0x00,0x00,0x00,0x00,0x00,0x00,0x00,0x00,0x00,0x00,
    0x00,0x00,0x00,0x00,0x00,0x00,0x00,0x00,0x00,0x00,0x00,0x00,0x08,0x44,0x00,0x00,
    0x8a,0x4d,0xeb,0x55,0x6a,0x4d,0x8a,0x4d,0x8a,0x4d,0x8a,0x4d,0x8a,0x4d,0x8a,0x4d,
    0x8a,0x4d,0x8a,0x4d,0x8a,0x4d,0x8a,0x4d,0x8a,0x4d,0x8a,0x4d,0x8a,0x4d,0x8a,0x4d,
    0x8a,0x4d,0x8a,0x4d,0x8a,0x4d,0x8a,0x4d,0x8a,0x4d,0x8a,0x4d,0x8a,0x4d,0x8a,0x4d,
    0x8a,0x4d,0x8a,0x4d,0x8a,0x4d,0x8a,0x4d,0x8a,0x4d,0x8a,0x4d,0x8a,0x4d,0x8a,0x4d,
    0x8a,0x4d,0x8a,0x4d,0x8a,0x4d,0x8a,0x4d,0x8a,0x4d,0x8a,0x4d,0x8a,0x4d,0x8a,0x4d,
    0x8a,0x4d,0x8a,0x4d,0x8a,0x4d,0x8a,0x4d,0x8a,0x4d,0x8a,0x4d,0x8a,0x4d,0x8a,0x4d,
    0x8a,0x4d,0x8a,0x4d,0x8a,0x4d,0x8a,0x4d,0x8a,0x4d,0x8a,0x4d,0x8a,0x4d,0x8a,0x4d,
    0x8a,0x4d,0x8a,0x4d,0x8a,0x4d,0x8a,0x4d,0x8a,0x4d,0x8a,0x4d,0x8a,0x4d,0x8a,0x4d,
    0x8a,0x4d,0x8a,0x4d,0x8a,0x4d,0x8a,0x4d,0x8a,0x4d,0x8a,0x4d,0x8a,0x4d,0x8a,0x4d,
    0x8a,0x4d,0x8a,0x4d,0x8a,0x4d,0x8a,0x4d,0x8a,0x4d,0x8a,0x4d,0x8a,0x4d,0x8a,0x4d,
    0x8a,0x4d,0x8a,0x4d,0x8a,0x4d,0x8a,0x4d,0x8a,0x4d,0x8a,0x4d,0x8a,0x4d,0x8a,0x4d,
    0x8a,0x4d,0x8a,0x4d,0x8a,0x4d,0x8a,0x4d,0x8a,0x4d,0x8a,0x4d,0x8a,0x4d,0x8a,0x4d,
    0x8a,0x4d,0x8a,0x4d,0x8a,0x4d,0x8a,0x4d,0x8a,0x4d,0x8a,0x4d,0x8a,0x4d,0x8a,0x4d,
    0x8a,0x4d,0x8a,0x4d,0x8a,0x4d,0x8a,0x4d,0x8a,0x4d,0x8a,0x4d,0x8a,0x4d,0x8a,0x4d,
    0x8a,0x4d,0x8a,0x4d,0x8a,0x4d,0x8a,0x4d,0x8a,0x4d,0x8a,0x4d,0x8a,0x4d,0x8a,0x4d,
    0x8a,0x4d,0x8a,0x4d,0x8a,0x4d,0x8a,0x4d,0x8a,0x4d,0x8a,0x4d,0x8a,0x4d,0x8a,0x4d,
    0x8a,0x4d,0x8a,0x4d,0x8a,0x4d,0x6a,0x4d,0xeb,0x55,0x8a,0x4d,0x00,0x00,0x08,0x44,
    0x00,0x00,0x00,0x00,0x00,0x00,0x00,0x00,0x00,0x00,0x00,0x00,0x00,0x00,0x00,0x00,
    0x00,0x00,0x00,0x00,0x00,0x00,0x00,0x00,0x00,0x00,0x00,0x00,0x00,0x00,0x00,0x00,
    0x00,0x00,0xe0,0x07,0x00,0x00,0x8a,0x55,0xcb,0x55,0x6a,0x4d,0x8a,0x4d,0x8a,0x4d,
    0x8a,0x4d,0x8a,0x4d,0x8a,0x4d,0x8a,0x4d,0x8a,0x4d,0x8a,0x4d,0x8a,0x4d,0x8a,0x4d,
    0x8a,0x4d,0x8a,0x4d,0x8a,0x4d,0x8a,0x4d,0x8a,0x4d,0x8a,0x4d,0x8a,0x4d,0x8a,0x4d,
    0x8a,0x4d,0x8a,0x4d,0x8a,0x4d,0x8a,0x4d,0x8a,0x4d,0x8a,0x4d,0x8a,0x4d,0x8a,0x4d,
    0x8a,0x4d,0x8a,0x4d,0x8a,0x4d,0x8a,0x4d,0x8a,0x4d,0x8a,0x4d,0x8a,0x4d,0x8a,0x4d,
    0x8a,0x4d,0x8a,0x4d,0x8a,0x4d,0x8a,0x4d,0x8a,0x4d,0x8a,0x4d,0x8a,0x4d,0x8a,0x4d,
    0x8a,0x4d,0x8a,0x4d,0x8a,0x4d,0x8a,0x4d,0x8a,0x4d,0x8a,0x4d,0x8a,0x4d,0x8a,0x4d,
    0x8a,0x4d,0x8a,0x4d,0x8a,0x4d,0x8a,0x4d,0x8a,0x4d,0x8a,0x4d,0x8a,0x4d,0x8a,0x4d,
    0x8a,0x4d,0x8a,0x4d,0x8a,0x4d,0x8a,0x4d,0x8a,0x4d,0x8a,0x4d,0x8a,0x4d,0x8a,0x4d,
    0x8a,0x4d,0x8a,0x4d,0x8a,0x4d,0x8a,0x4d,0x8a,0x4d,0x8a,0x4d,0x8a,0x4d,0x8a,0x4d,
    0x8a,0x4d,0x8a,0x4d,0x8a,0x4d,0x8a,0x4d,0x8a,0x4d,0x8a,0x4d,0x8a,0x4d,0x8a,0x4d,
    0x8a,0x4d,0x8a,0x4d,0x8a,0x4d,0x8a,0x4d,0x8a,0x4d,0x8a,0x4d,0x8a,0x4d,0x8a,0x4d,
    0x8a,0x4d,0x8a,0x4d,0x8a,0x4d,0x8a,0x4d,0x8a,0x4d,0x8a,0x4d,0x8a,0x4d,0x8a,0x4d,
    0x8a,0x4d,0x8a,0x4d,0x8a,0x4d,0x8a,0x4d,0x8a,0x4d,0x8a,0x4d,0x8a,0x4d,0x8a,0x4d,
    0x8a,0x4d,0x8a,0x4d,0x8a,0x4d,0x8a,0x4d,0x8a,0x4d,0x8a,0x4d,0x8a,0x4d,0x8a,0x4d,
    0x8a,0x4d,0x8a,0x4d,0x8a,0x4d,0x8a,0x4d,0x8a,0x4d,0x8a,0x4d,0x8a,0x4d,0x8a,0x4d,
    0x8a,0x4d,0x8a,0x4d,0x8a,0x4d,0x8a,0x4d,0x6a,0x4d,0xcb,0x55,0xaa,0x55,0x00,0x00,
    0xe0,0x07,0x00,0x00,0x00,0x00,0x00,0x00,0x00,0x00,0x00,0x00,0x00,0x00,0x00,0x00,
    0x00,0x00,0x00,0x00,0x00,0x00,0x00,0x00,0x00,0x00,0x00,0x00,0x00,0x00,0x00,0x00,
    0x00,0x00,0x00,0x00,0x00,0x00,0x00,0x04,0x00,0x00,0x29,0x4d,0x8a,0x55,0xaa,0x55,
    0x6a,0x4d,0x8a,0x4d,0x8a,0x4d,0x8a,0x4d,0x8a,0x4d,0x8a,0x4d,0x8a,0x4d,0x8a,0x4d,
    0x8a,0x4d,0x8a,0x4d,0x8a,0x4d,0x8a,0x4d,0x8a,0x4d,0x8a,0x4d,0x8a,0x4d,0x8a,0x4d,
    0x8a,0x4d,0x8a,0x4d,0x8a,0x4d,0x8a,0x4d,0x8a,0x4d,0x8a,0x4d,0x8a,0x4d,0x8a,0x4d,
    0x8a,0x4d,0x8a,0x4d,0x8a,0x4d,0x8a,0x4d,0x8a,0x4d,0x8a,0x4d,0x8a,0x4d,0x8a,0x4d,
    0x8a,0x4d,0x8a,0x4d,0x8a,0x4d,0x8a,0x4d,0x8a,0x4d,0x8a,0x4d,0x8a,0x4d,0x8a,0x4d,
    0x8a,0x4d,0x8a,0x4d,0x8a,0x4d,0x8a,0x4d,0x8a,0x4d,0x8a,0x4d,0x8a,0x4d,0x8a,0x4d,
    0x8a,0x4d,0x8a,0x4d,0x8a,0x4d,0x8a,0x4d,0x8a,0x4d,0x8a,0x4d,0x8a,0x4d,0x8a,0x4d,
    0x8a,0x4d,0x8a,0x4d,0x8a,0x4d,0x8a,0x4d,0x8a,0x4d,0x8a,0x4d,0x8a,0x4d,0x8a,0x4d,
    0x8a,0x4d,0x8a,0x4d,0x8a,0x4d,0x8a,0x4d,0x8a,0x4d,0x8a,0x4d,0x8a,0x4d,0x8a,0x4d,
    0x8a,0x4d,0x8a,0x4d,0x8a,0x4d,0x8a,0x4d,0x8a,0x4d,0x8a,0x4d,0x8a,0x4d,0x8a,0x4d,
    0x8a,0x4d,0x8a,0x4d,0x8a,0x4d,0x8a,0x4d,0x8a,0x4d,0x8a,0x4d,0x8a,0x4d,0x8a,0x4d,
    0x8a,0x4d,0x8a,0x4d,0x8a,0x4d,0x8a,0x4d,0x8a,0x4d,0x8a,0x4d,0x8a,0x4d,0x8a,0x4d,
    0x8a,0x4d,0x8a,0x4d,0x8a,0x4d,0x8a,0x4d,0x8a,0x4d,0x8a,0x4d,0x8a,0x4d,0x8a,0x4d,
    0x8a,0x4d,0x8a,0x4d,0x8a,0x4d,0x8a,0x4d,0x8a,0x4d,0x8a,0x4d,0x8a,0x4d,0x8a,0x4d,
    0x8a,0x4d,0x8a,0x4d,0x8a,0x4d,0x8a,0x4d,0x8a,0x4d,0x8a,0x4d,0x8a,0x4d,0x8a,0x4d,
    0x8a,0x4d,0x8a,0x4d,0x8a,0x4d,0x8a,0x4d,0x8a,0x4d,0x6a,0x4d,0xaa,0x55,0x8a,0x4d,
    0x29,0x4d,0x00,0x00,0x00,0x04,0x00,0x00,0x00,0x00,0x00,0x00,0x00,0x00,0x00,0x00,
    0x00,0x00,0x00,0x00,0x00,0x00,0x00,0x00,0x00,0x00,0x00,0x00,0x00,0x00,0x00,0x00,
    0x00,0x00,0x00,0x00,0x00,0x00,0x00,0x00,0x00,0x00,0x00,0x00,0x6b,0x5d,0x00,0x00,
    0x6a,0x4d,0xaa,0x55,0x8a,0x4d,0x6a,0x4d,0x8a,0x4d,0x8a,0x4d,0x8a,0x4d,0x8a,0x4d,
    0x8a,0x4d,0x8a,0x4d,0x8a,0x4d,0x8a,0x4d,0x8a,0x4d,0x8a,0x4d,0x8a,0x4d,0x8a,0x4d,
    0x8a,0x4d,0x8a,0x4d,0x8a,0x4d,0x8a,0x4d,0x8a,0x4d,0x8a,0x4d,0x8a,0x4d,0x8a,0x4d,
    0x8a,0x4d,0x8a,0x4d,0x8a,0x4d,0x8a,0x4d,0x8a,0x4d,0x8a,0x4d,0x8a,0x4d,0x8a,0x4d,
    0x8a,0x4d,0x8a,0x4d,0x8a,0x4d,0x8a,0x4d,0x8a,0x4d,0x8a,0x4d,0x8a,0x4d,0x8a,0x4d,
    0x8a,0x4d,0x8a,0x4d,0x8a,0x4d,0x8a,0x4d,0x8a,0x4d,0x8a,0x4d,0x8a,0x4d,0x8a,0x4d,
    0x8a,0x4d,0x8a,0x4d,0x8a,0x4d,0x8a,0x4d,0x8a,0x4d,0x8a,0x4d,0x8a,0x4d,0x8a,0x4d,
    0x8a,0x4d,0x8a,0x4d,0x8a,0x4d,0x8a,0x4d,0x8a,0x4d,0x8a,0x4d,0x8a,0x4d,0x8a,0x4d,
    0x8a,0x4d,0x8a,0x4d,0x8a,0x4d,0x8a,0x4d,0x8a,0x4d,0x8a,0x4d,0x8a,0x4d,0x8a,0x4d,
    0x8a,0x4d,0x8a,0x4d,0x8a,0x4d,0x8a,0x4d,0x8a,0x4d,0x8a,0x4d,0x8a,0x4d,0x8a,0x4d,
    0x8a,0x4d,0x8a,0x4d,0x8a,0x4d,0x8a,0x4d,0x8a,0x4d,0x8a,0x4d,0x8a,0x4d,0x8a,0x4d,
    0x8a,0x4d,0x8a,0x4d,0x8a,0x4d,0x8a,0x4d,0x8a,0x4d,0x8a,0x4d,0x8a,0x4d,0x8a,0x4d,
    0x8a,0x4d,0x8a,0x4d,0x8a,0x4d,0x8a,0x4d,0x8a,0x4d,0x8a,0x4d,0x8a,0x4d,0x8a,0x4d,
    0x8a,0x4d,0x8a,0x4d,0x8a,0x4d,0x8a,0x4d,0x8a,0x4d,0x8a,0x4d,0x8a,0x4d,0x8a,0x4d,
    0x8a,0x4d,0x8a,0x4d,0x8a,0x4d,0x8a,0x4d,0x8a,0x4d,0x8a,0x4d,0x8a,0x4d,0x8a,0x4d,
    0x8a,0x4d,0x8a,0x4d,0x8a,0x4d,0x8a,0x4d,0x8a,0x4d,0x8a,0x4d,0x6a,0x4d,0x8a,0x4d,
    0xaa,0x55,0x6a,0x4d,0x00,0x00,0x6b,0x5d,0x00,0x00,0x00,0x00,0x00,0x00,0x00,0x00,
    0x00,0x00,0x00,0x00,0x00,0x00,0x00,0x00,0x00,0x00,0x00,0x00,0x00,0x00,0x00,0x00,
    0x00,0x00,0x00,0x00,0x00,0x00,0x00,0x00,0x00,0x00,0x00,0x00,0x00,0x00,0x00,0x00,
    0x00,0x00,0x08,0x46,0x00,0x00,0x6a,0x4d,0xca,0x55,0x8a,0x4d,0x8a,0x4d,0x8a,0x4d,
    0x8a,0x4d,0x8a,0x4d,0x8a,0x4d,0x8a,0x4d,0x8a,0x4d,0x8a,0x4d,0x8a,0x4d,0x8a,0x4d,
    0x8a,0x4d,0x8a,0x4d,0x8a,0x4d,0x8a,0x4d,0x8a,0x4d,0x8a,0x4d,0x8a,0x4d,0x8a,0x4d,
    0x8a,0x4d,0x8a,0x4d,0x8a,0x4d,0x8a,0x4d,0x8a,0x4d,0x8a,0x4d,0x8a,0x4d,0x8a,0x4d,
    0x8a,0x4d,0x8a,0x4d,0x8a,0x4d,0x8a,0x4d,0x8a,0x4d,0x8a,0x4d,0x8a,0x4d,0x8a,0x4d,
    0x8a,0x4d,0x8a,0x4d,0x8a,0x4d,0x8a,0x4d,0x8a,0x4d,0x8a,0x4d,0x8a,0x4d,0x8a,0x4d,
    0x8a,0x4d,0x8a,0x4d,0x8a,0x4d,0x8a,0x4d,0x8a,0x4d,0x8a,0x4d,0x8a,0x4d,0x8a,0x4d,
    0x8a,0x4d,0x8a,0x4d,0x8a,0x4d,0x8a,0x4d,0x8a,0x4d,0x8a,0x4d,0x8a,0x4d,0x8a,0x4d,
    0x8a,0x4d,0x8a,0x4d,0x8a,0x4d,0x8a,0x4d,0x8a,0x4d,0x8a,0x4d,0x8a,0x4d,0x8a,0x4d,
    0x8a,0x4d,0x8a,0x4d,0x8a,0x4d,0x8a,0x4d,0x8a,0x4d,0x8a,0x4d,0x8a,0x4d,0x8a,0x4d,
    0x8a,0x4d,0x8a,0x4d,0x8a,0x4d,0x8a,0x4d,0x8a,0x4d,0x8a,0x4d,0x8a,0x4d,0x8a,0x4d,
    0x8a,0x4d,0x8a,0x4d,0x8a,0x4d,0x8a,0x4d,0x8a,0x4d,0x8a,0x4d,0x8a,0x4d,0x8a,0x4d,
    0x8a,0x4d,0x8a,0x4d,0x8a,0x4d,0x8a,0x4d,0x8a,0x4d,0x8a,0x4d,0x8a,0x4d,0x8a,0x4d,
    0x8a,0x4d,0x8a,0x4d,0x8a,0x4d,0x8a,0x4d,0x8a,0x4d,0x8a,0x4d,0x8a,0x4d,0x8a,0x4d,
    0x8a,0x4d,0x8a,0x4d,0x8a,0x4d,0x8a,0x4d,0x8a,0x4d,0x8a,0x4d,0x8a,0x4d,0x8a,0x4d,
    0x8a,0x4d,0x8a,0x4d,0x8a,0x4d,0x8a,0x4d,0x8a,0x4d,0x8a,0x4d,0x8a,0x4d,0x8a,0x4d,
    0x8a,0x4d,0xca,0x55,0x6a,0x4d,0x00,0x00,0x08,0x46,0x00,0x00,0x00,0x00,0x00,0x00,
    0x00,0x00,0x00,0x00,0x00,0x00,0x00,0x00,0x00,0x00,0x00,0x00,0x00,0x00,0x00,0x00,
    0x00,0x00,0x00,0x00,0x00,0x00,0x00,0x00,0x00,0x00,0x00,0x00,0x00,0x00,0x00,0x00,
    0x00,0x00,0x00,0x00,0x00,0x00,0x00,0x00,0x6b,0x5d,0x00,0x00,0x8a,0x4d,0xeb,0x55,
    0x6a,0x4d,0x8a,0x4d,0x8a,0x4d,0x8a,0x4d,0x8a,0x4d,0x8a,0x4d,0x8a,0x4d,0x8a,0x4d,
    0x8a,0x4d,0x8a,0x4d,0x8a,0x4d,0x8a,0x4d,0x8a,0x4d,0x8a,0x4d,0x8a,0x4d,0x8a,0x4d,
    0x8a,0x4d,0x8a,0x4d,0x8a,0x4d,0x8a,0x4d,0x8a,0x4d,0x8a,0x4d,0x8a,0x4d,0x8a,0x4d,
    0x8a,0x4d,0x8a,0x4d,0x8a,0x4d,0x8a,0x4d,0x8a,0x4d,0x8a,0x4d,0x8a,0x4d,0x8a,0x4d,
    0x8a,0x4d,0x8a,0x4d,0x8a,0x4d,0x8a,0x4d,0x8a,0x4d,0x8a,0x4d,0x8a,0x4d,0x8a,0x4d,
    0x8a,0x4d,0x8a,0x4d,0x8a,0x4d,0x8a,0x4d,0x8a,0x4d,0x8a,0x4d,0x8a,0x4d,0x8a,0x4d,
    0x8a,0x4d,0x8a,0x4d,0x8a,0x4d,0x8a,0x4d,0x8a,0x4d,0x8a,0x4d,0x8a,0x4d,0x8a,0x4d,
    0x8a,0x4d,0x8a,0x4d,0x8a,0x4d,0x8a,0x4d,0x8a,0x4d,0x8a,0x4d,0x8a,0x4d,0x8a,0x4d,
    0x8a,0x4d,0x8a,0x4d,0x8a,0x4d,0x8a,0x4d,0x8a,0x4d,0x8a,0x4d,0x8a,0x4d,0x8a,0x4d,
    0x8a,0x4d,0x8a,0x4d,0x8a,0x4d,0x8a,0x4d,0x8a,0x4d,0x8a,0x4d,0x8a,0x4d,0x8a,0x4d,
    0x8a,0x4d,0x8a,0x4d,0x8a,0x4d,0x8a,0x4d,0x8a,0x4d,0x8a,0x4d,0x8a,0x4d,0x8a,0x4d,
    0x8a,0x4d,0x8a,0x4d,0x8a,0x4d,0x8a,0x4d,0x8a,0x4d,0x8a,0x4d,0x8a,0x4d,0x8a,0x4d,
    0x8a,0x4d,0x8a,0x4d,0x8a,0x4d,0x8a,0x4d,0x8a,0x4d,0x8a,0x4d,0x8a,0x4d,0x8a,0x4d,
    0x8a,0x4d,0x8a,0x4d,0x8a,0x4d,0x8a,0x4d,0x8a,0x4d,0x8a,0x4d,0x8a,0x4d,0x8a,0x4d,
    0x8a,0x4d,0x8a,0x4d,0x8a,0x4d,0x8a,0x4d,0x8a,0x4d,0x8a,0x4d,0x8a,0x4d,0x8a,0x4d,
    0x8a,0x4d,0x8a,0x4d,0xeb,0x55,0x8a,0x4d,0x00,0x00,0x6b,0x5d,0x00,0x00,0x00,0x00,
    0x00,0x00,0x00,0x00,0x00,0x00,0x00,0x00,0x00,0x00,0x00,0x00,0x00,0x00,0x00,0x00,
    0x00,0x00,0x00,0x00,0x00,0x00,0x00,0x00,0x00,0x00,0x00,0x00,0x00,0x00,0x00,0x00,
    0x00,0x00,0x00,0x00,0x00,0x00,0x00,0x00,0x00,0x00,0x00,0x00,0x00,0x00,0xf0,0x87,
    0x00,0x00,0x8a,0x4d,0xeb,0x55,0x6a,0x4d,0x8a,0x4d,0x8a,0x4d,0x8a,0x4d,0x8a,0x4d,
    0x8a,0x4d,0x8a,0x4d,0x8a,0x4d,0x8a,0x4d,0x8a,0x4d,0x8a,0x4d,0x8a,0x4d,0x8a,0x4d,
    0x8a,0x4d,0x8a,0x4d,0x8a,0x4d,0x8a,0x4d,0x8a,0x4d,0x8a,0x4d,0x8a,0x4d,0x8a,0x4d,
    0x8a,0x4d,0x8a,0x4d,0x8a,0x4d,0x8a,0x4d,0x8a,0x4d,0x8a,0x4d,0x8a,0x4d,0x8a,0x4d,
    0x8a,0x4d,0x8a,0x4d,0x8a,0x4d,0x8a,0x4d,0x8a,0x4d,0x8a,0x4d,0x8a,0x4d,0x8a,0x4d,
    0x8a,0x4d,0x8a,0x4d,0x8a,0x4d,0x8a,0x4d,0x8a,0x4d,0x8a,0x4d,0x8a,0x4d,0x8a,0x4d,
    0x8a,0x4d,0x8a,0x4d,0x8a,0x4d,0x8a,0x4d,0x8a,0x4d,0x8a,0x4d,0x8a,0x4d,0x8a,0x4d,
    0x8a,0x4d,0x8a,0x4d,0x8a,0x4d,0x8a,0x4d,0x8a,0x4d,0x8a,0x4d,0x8a,0x4d,0x8a,0x4d,
    0x8a,0x4d,0x8a,0x4d,0x8a,0x4d,0x8a,0x4d,0x8a,0x4d,0x8a,0x4d,0x8a,0x4d,0x8a,0x4d,
    0x8a,0x4d,0x8a,0x4d,0x8a,0x4d,0x8a,0x4d,0x8a,0x4d,0x8a,0x4d,0x8a,0x4d,0x8a,0x4d,
    0x8a,0x4d,0x8a,0x4d,0x8a,0x4d,0x8a,0x4d,0x8a,0x4d,0x8a,0x4d,0x8a,0x4d,0x8a,0x4d,
    0x8a,0x4d,0x8a,0x4d,0x8a,0x4d,0x8a,0x4d,0x8a,0x4d,0x8a,0x4d,0x8a,0x4d,0x8a,0x4d,
    0x8a,0x4d,0x8a,0x4d,0x8a,0x4d,0x8a,0x4d,0x8a,0x4d,0x8a,0x4d,0x8a,0x4d,0x8a,0x4d,
    0x8a,0x4d,0x8a,0x4d,0x8a,0x4d,0x8a,0x4d,0x8a,0x4d,0x8a,0x4d,0x8a,0x4d,0x8a,0x4d,
    0x8a,0x4d,0x8a,0x4d,0x8a,0x4d,0x8a,0x4d,0x8a,0x4d,0x8a,0x4d,0x8a,0x4d,0x8a,0x4d,
    0x8a,0x4d,0x8a,0x4d,0x6a,0x4d,0xeb,0x55,0x8a,0x4d,0x00,0x00,0xf0,0x87,0x00,0x00,
    0x00,0x00,0x00,0x00,0x00,0x00,0x00,0x00,0x00,0x00,0x00,0x00,0x00,0x00,0x00,0x00,
    0x00,0x00,0x00,0x00,0x00,0x00,0x00,0x00,0x00,0x00,0x00,0x00,0x00,0x00,0x00,0x00,
    0x00,0x00,0x00,0x00,0x00,0x00,0x00,0x00,0x00,0x00,0x00,0x00,0x00,0x00,0x00,0x00,
    0x00,0x00,0xe0,0x07,0xe0,0x07,0x6b,0x5d,0x8a,0x55,0xeb,0x55,0x6a,0x4d,0x8a,0x4d,
    0x8a,0x4d,0x8a,0x4d,0x8a,0x4d,0x8a,0x4d,0x8a,0x4d,0x8a,0x4d,0x8a,0x4d,0x8a,0x4d,
    0x8a,0x4d,0x8a,0x4d,0x8a,0x4d,0x8a,0x4d,0x8a,0x4d,0x8a,0x4d,0x8a,0x4d,0x8a,0x4d,
    0x8a,0x4d,0x8a,0x4d,0x8a,0x4d,0x8a,0x4d,0x8a,0x4d,0x8a,0x4d,0x8a,0x4d,0x8a,0x4d,
    0x8a,0x4d,0x8a,0x4d,0x8a,0x4d,0x8a,0x4d,0x8a,0x4d,0x8a,0x4d,0x8a,0x4d,0x8a,0x4d,
    0x8a,0x4d,0x8a,0x4d,0x8a,0x4d,0x8a,0x4d,0x8a,0x4d,0x8a,0x4d,0x8a,0x4d,0x8a,0x4d,
    0x8a,0x4d,0x8a,0x4d,0x8a,0x4d,0x8a,0x4d,0x8a,0x4d,0x8a,0x4d,0x8a,0x4d,0x8a,0x4d,
    0x8a,0x4d,0x8a,0x4d,0x8a,0x4d,0x8a,0x4d,0x8a,0x4d,0x8a,0x4d,0x8a,0x4d,0x8a,0x4d,
    0x8a,0x4d,0x8a,0x4d,0x8a,0x4d,0x8a,0x4d,0x8a,0x4d,0x8a,0x4d,0x8a,0x4d,0x8a,0x4d,
    0x8a,0x4d,0x8a,0x4d,0x8a,0x4d,0x8a,0x4d,0x8a,0x4d,0x8a,0x4d,0x8a,0x4d,0x8a,0x4d,
    0x8a,0x4d,0x8a,0x4d,0x8a,0x4d,0x8a,0x4d,0x8a,0x4d,0x8a,0x4d,0x8a,0x4d,0x8a,0x4d,
    0x8a,0x4d,0x8a,0x4d,0x8a,0x4d,0x8a,0x4d,0x8a,0x4d,0x8a,0x4d,0x8a,0x4d,0x8a,0x4d,
    0x8a,0x4d,0x8a,0x4d,0x8a,0x4d,0x8a,0x4d,0x8a,0x4d,0x8a,0x4d,0x8a,0x4d,0x8a,0x4d,
    0x8a,0x4d,0x8a,0x4d,0x8a,0x4d,0x8a,0x4d,0x8a,0x4d,0x8a,0x4d,0x8a,0x4d,0x8a,0x4d,
    0x8a,0x4d,0x8a,0x4d,0x8a,0x4d,0x8a,0x4d,0x8a,0x4d,0x8a,0x4d,0x8a,0x4d,0x8a,0x4d,
    0x8a,0x4d,0x8a,0x4d,0x8a,0x4d,0x6a,0x4d,0xeb,0x55,0x8a,0x4d,0x6b,0x5d,0xe0,0x07,
    0xe0,0x07,0x00,0x00,0x00,0x00,0x00,0x00,0x00,0x00,0x00,0x00,0x00,0x00,0x00,0x00,
    0x00,0x00,0x00,0x00,0x00,0x00,0x00,0x00,0x00,0x00,0x00,0x00,0x00,0x00,0x00,0x00,
    0x00,0x00,0x00,0x00,0x00,0x00,0x00,0x00,0x00,0x00,0x00,0x00,0x00,0x00,0x00,0x00,
    0x00,0x00,0x00,0x00,0x00,0x00,0x00,0x00,0xe0,0x07,0x00,0x00,0x89,0x4c,0x8a,0x4d,
    0xeb,0x55,0x8a,0x4d,0x8a,0x4d,0x8a,0x4d,0x8a,0x4d,0x8a,0x4d,0x8a,0x4d,0x8a,0x4d,
    0x8a,0x4d,0x8a,0x4d,0x8a,0x4d,0x8a,0x4d,0x8a,0x4d,0x8a,0x4d,0x8a,0x4d,0x8a,0x4d,
    0x8a,0x4d,0x8a,0x4d,0x8a,0x4d,0x8a,0x4d,0x8a,0x4d,0x8a,0x4d,0x8a,0x4d,0x8a,0x4d,
    0x8a,0x4d,0x8a,0x4d,0x8a,0x4d,0x8a,0x4d,0x8a,0x4d,0x8a,0x4d,0x8a,0x4d,0x8a,0x4d,
    0x8a,0x4d,0x8a,0x4d,0x8a,0x4d,0x8a,0x4d,0x8a,0x4d,0x8a,0x4d,0x8a,0x4d,0x8a,0x4d,
    0x8a,0x4d,0x8a,0x4d,0x8a,0x4d,0x8a,0x4d,0x8a,0x4d,0x8a,0x4d,0x8a,0x4d,0x8a,0x4d,
    0x8a,0x4d,0x8a,0x4d,0x8a,0x4d,0x8a,0x4d,0x8a,0x4d,0x8a,0x4d,0x8a,0x4d,0x8a,0x4d,
    0x8a,0x4d,0x8a,0x4d,0x8a,0x4d,0x8a,0x4d,0x8a,0x4d,0x8a,0x4d,0x8a,0x4d,0x8a,0x4d,
    0x8a,0x4d,0x8a,0x4d,0x8a,0x4d,0x8a,0x4d,0x8a,0x4d,0x8a,0x4d,0x8a,0x4d,0x8a,0x4d,
    0x8a,0x4d,0x8a,0x4d,0x8a,0x4d,0x8a,0x4d,0x8a,0x4d,0x8a,0x4d,0x8a,0x4d,0x8a,0x4d,
    0x8a,0x4d,0x8a,0x4d,0x8a,0x4d,0x8a,0x4d,0x8a,0x4d,0x8a,0x4d,0x8a,0x4d,0x8a,0x4d,
    0x8a,0x4d,0x8a,0x4d,0x8a,0x4d,0x8a,0x4d,0x8a,0x4d,0x8a,0x4d,0x8a,0x4d,0x8a,0x4d,
    0x8a,0x4d,0x8a,0x4d,0x8a,0x4d,0x8a,0x4d,0x8a,0x4d,0x8a,0x4d,0x8a,0x4d,0x8a,0x4d,
    0x8a,0x4d,0x8a,0x4d,0x8a,0x4d,0x8a,0x4d,0x8a,0x4d,0x8a,0x4d,0x8a,0x4d,0x8a,0x4d,
    0x8a,0x4d,0x8a,0x4d,0x8a,0x4d,0x8a,0x4d,0x8a,0x4d,0xeb,0x55,0x8a,0x4d,0x89,0x4c,
    0x00,0x00,0xe0,0x07,0x00,0x00,0x00,0x00,0x00,0x00,0x00,0x00,0x00,0x00,0x00,0x00,
    0x00,0x00,0x00,0x00,0x00,0x00,0x00,0x00,0x00,0x00,0x00,0x00,0x00,0x00,0x00,0x00,
    0x00,0x00,0x00,0x00,0x00,0x00,0x00,0x00,0x00,0x00,0x00,0x00,0x00,0x00,0x00,0x00,
    0x00,0x00,0x00,0x00,0x00,0x00,0x00,0x00,0x00,0x00,0x00,0x00,0x00,0x00,0x00,0x04,
    0x00,0x00,0x08,0x45,0x8a,0x55,0xeb,0x55,0x6a,0x4d,0x8a,0x4d,0x8a,0x4d,0x8a,0x4d,
    0x8a,0x4d,0x8a,0x4d,0x8a,0x4d,0x8a,0x4d,0x8a,0x4d,0x8a,0x4d,0x8a,0x4d,0x8a,0x4d,
    0x8a,0x4d,0x8a,0x4d,0x8a,0x4d,0x8a,0x4d,0x8a,0x4d,0x8a,0x4d,0x8a,0x4d,0x8a,0x4d,
    0x8a,0x4d,0x8a,0x4d,0x8a,0x4d,0x8a,0x4d,0x8a,0x4d,0x8a,0x4d,0x8a,0x4d,0x8a,0x4d,
    0x8a,0x4d,0x8a,0x4d,0x8a,0x4d,0x8a,0x4d,0x8a,0x4d,0x8a,0x4d,0x8a,0x4d,0x8a,0x4d,
    0x8a,0x4d,0x8a,0x4d,0x8a,0x4d,0x8a,0x4d,0x8a,0x4d,0x8a,0x4d,0x8a,0x4d,0x8a,0x4d,
    0x8a,0x4d,0x8a,0x4d,0x8a,0x4d,0x8a,0x4d,0x8a,0x4d,0x8a,0x4d,0x8a,0x4d,0x8a,0x4d,
    0x8a,0x4d,0x8a,0x4d,0x8a,0x4d,0x8a,0x4d,0x8a,0x4d,0x8a,0x4d,0x8a,0x4d,0x8a,0x4d,
    0x8a,0x4d,0x8a,0x4d,0x8a,0x4d,0x8a,0x4d,0x8a,0x4d,0x8a,0x4d,0x8a,0x4d,0x8a,0x4d,
    0x8a,0x4d,0x8a,0x4d,0x8a,0x4d,0x8a,0x4d,0x8a,0x4d,0x8a,0x4d,0x8a,0x4d,0x8a,0x4d,
    0x8a,0x4d,0x8a,0x4d,0x8a,0x4d,0x8a,0x4d,0x8a,0x4d,0x8a,0x4d,0x8a,0x4d,0x8a,0x4d,
    0x8a,0x4d,0x8a,0x4d,0x8a,0x4d,0x8a,0x4d,0x8a,0x4d,0x8a,0x4d,0x8a,0x4d,0x8a,0x4d,
    0x8a,0x4d,0x8a,0x4d,0x8a,0x4d,0x8a,0x4d,0x8a,0x4d,0x8a,0x4d,0x8a,0x4d,0x8a,0x4d,
    0x8a,0x4d,0x8a,0x4d,0x8a,0x4d,0x8a,0x4d,0x8a,0x4d,0x8a,0x4d,0x8a,0x4d,0x8a,0x4d,
    0x8a,0x4d,0x8a,0x4d,0x8a,0x4d,0x8a,0x4d,0x8a,0x4d,0x8a,0x4d,0xeb,0x55,0x8a,0x55,
    0x08,0x45,0x00,0x00,0x00,0x04,0x00,0x00,0x00,0x00,0x00,0x00,0x00,0x00,0x00,0x00,
    0x00,0x00,0x00,0x00,0x00,0x00,0x00,0x00,0x00,0x00,0x00,0x00,0x00,0x00,0x00,0x00,
    0x00,0x00,0x00,0x00,0x00,0x00,0x00,0x00,0x00,0x00,0x00,0x00,0x00,0x00,0x00,0x00,
    0x00,0x00,0x00,0x00,0x00,0x00,0x00,0x00,0x00,0x00,0x00,0x00,0x00,0x00,0x00,0x00,
    0x00,0x00,0x00,0x00,0x00,0x04,0x00,0x00,0x08,0x46,0x8a,0x4d,0xeb,0x55,0x8a,0x4d,
    0x6a,0x4d,0x8a,0x4d,0x8a,0x4d,0x8a,0x4d,0x8a,0x4d,0x8a,0x4d,0x8a,0x4d,0x8a,0x4d,
    0x8a,0x4d,0x8a,0x4d,0x8a,0x4d,0x8a,0x4d,0x8a,0x4d,0x8a,0x4d,0x8a,0x4d,0x8a,0x4d,
    0x8a,0x4d,0x8a,0x4d,0x8a,0x4d,0x8a,0x4d,0x8a,0x4d,0x8a,0x4d,0x8a,0x4d,0x8a,0x4d,
    0x8a,0x4d,0x8a,0x4d,0x8a,0x4d,0x8a,0x4d,0x8a,0x4d,0x8a,0x4d,0x8a,0x4d,0x8a,0x4d,
    0x8a,0x4d,0x8a,0x4d,0x8a,0x4d,0x8a,0x4d,0x8a,0x4d,0x8a,0x4d,0x8a,0x4d,0x8a,0x4d,
    0x8a,0x4d,0x8a,0x4d,0x8a,0x4d,0x8a,0x4d,0x8a,0x4d,0x8a,0x4d,0x8a,0x4d,0x8a,0x4d,
    0x8a,0x4d,0x8a,0x4d,0x8a,0x4d,0x8a,0x4d,0x8a,0x4d,0x8a,0x4d,0x8a,0x4d,0x8a,0x4d,
    0x8a,0x4d,0x8a,0x4d,0x8a,0x4d,0x8a,0x4d,0x8a,0x4d,0x8a,0x4d,0x8a,0x4d,0x8a,0x4d,
    0x8a,0x4d,0x8a,0x4d,0x8a,0x4d,0x8a,0x4d,0x8a,0x4d,0x8a,0x4d,0x8a,0x4d,0x8a,0x4d,
    0x8a,0x4d,0x8a,0x4d,0x8a,0x4d,0x8a,0x4d,0x8a,0x4d,0x8a,0x4d,0x8a,0x4d,0x8a,0x4d,
    0x8a,0x4d,0x8a,0x4d,0x8a,0x4d,0x8a,0x4d,0x8a,0x4d,0x8a,0x4d,0x8a,0x4d,0x8a,0x4d,
    0x8a,0x4d,0x8a,0x4d,0x8a,0x4d,0x8a,0x4d,0x8a,0x4d,0x8a,0x4d,0x8a,0x4d,0x8a,0x4d,
    0x8a,0x4d,0x8a,0x4d,0x8a,0x4d,0x8a,0x4d,0x8a,0x4d,0x8a,0x4d,0x8a,0x4d,0x8a,0x4d,
    0x8a,0x4d,0x8a,0x4d,0x8a,0x4d,0x8a,0x4d,0x8a,0x4d,0x6a,0x4d,0x8a,0x4d,0xeb,0x55,
    0x6a,0x4d,0x08,0x46,0x00,0x00,0x00,0x04,0x00,0x00,0x00,0x00,0x00,0x00,0x00,0x00,
    0x00,0x00,0x00,0x00,0x00,0x00,0x00,0x00,0x00,0x00,0x00,0x00,0x00,0x00,0x00,0x00,
    0x00,0x00,0x00,0x00,0x00,0x00,0x00,0x00,0x00,0x00,0x00,0x00,0x00,0x00,0x00,0x00,
    0x00,0x00,0x00,0x00,0x00,0x00,0x00,0x00,0x00,0x00,0x00,0x00,0x00,0x00,0x00,0x00,
    0x00,0x00,0x00,0x00,0x00,0x00,0x00,0x00,0x00,0x00,0x00,0x04,0xff,0xff,0xe0,0x07,
    0x6a,0x4d,0xcb,0x55,0x8a,0x4d,0x8a,0x4d,0x8a,0x4d,0x8a,0x4d,0x8a,0x4d,0x8a,0x4d,
    0x8a,0x4d,0x8a,0x4d,0x8a,0x4d,0x8a,0x4d,0x8a,0x4d,0x8a,0x4d,0x8a,0x4d,0x8a,0x4d,
    0x8a,0x4d,0x8a,0x4d,0x8a,0x4d,0x8a,0x4d,0x8a,0x4d,0x8a,0x4d,0x8a,0x4d,0x8a,0x4d,
    0x8a,0x4d,0x8a,0x4d,0x8a,0x4d,0x8a,0x4d,0x8a,0x4d,0x8a,0x4d,0x8a,0x4d,0x8a,0x4d,
    0x8a,0x4d,0x8a,0x4d,0x8a,0x4d,0x8a,0x4d,0x8a,0x4d,0x8a,0x4d,0x8a,0x4d,0x8a,0x4d,
    0x8a,0x4d,0x8a,0x4d,0x8a,0x4d,0x8a,0x4d,0x8a,0x4d,0x8a,0x4d,0x8a,0x4d,0x8a,0x4d,
    0x8a,0x4d,0x8a,0x4d,0x8a,0x4d,0x8a,0x4d,0x8a,0x4d,0x8a,0x4d,0x8a,0x4d,0x8a,0x4d,
    0x8a,0x4d,0x8a,0x4d,0x8a,0x4d,0x8a,0x4d,0x8a,0x4d,0x8a,0x4d,0x8a,0x4d,0x8a,0x4d,
    0x8a,0x4d,0x8a,0x4d,0x8a,0x4d,0x8a,0x4d,0x8a,0x4d,0x8a,0x4d,0x8a,0x4d,0x8a,0x4d,
    0x8a,0x4d,0x8a,0x4d,0x8a,0x4d,0x8a,0x4d,0x8a,0x4d,0x8a,0x4d,0x8a,0x4d,0x8a,0x4d,
    0x8a,0x4d,0x8a,0x4d,0x8a,0x4d,0x8a,0x4d,0x8a,0x4d,0x8a,0x4d,0x8a,0x4d,0x8a,0x4d,
    0x8a,0x4d,0x8a,0x4d,0x8a,0x4d,0x8a,0x4d,0x8a,0x4d,0x8a,0x4d,0x8a,0x4d,0x8a,0x4d,
    0x8a,0x4d,0x8a,0x4d,0x8a,0x4d,0x8a,0x4d,0x8a,0x4d,0x8a,0x4d,0x8a,0x4d,0x8a,0x4d,
    0x8a,0x4d,0x8a,0x4d,0x8a,0x4d,0x8a,0x4d,0x8a,0x4d,0x8a,0x4d,0x8a,0x4d,0x8a,0x4d,
    0xcb,0x55,0x6a,0x4d,0xe0,0x07,0xff,0xff,0x00,0x04,0x00,0x00,0x00,0x00,0x00,0x00,
    0x00,0x00,0x00,0x00,0x00,0x00,0x00,0x00,0x00,0x00,0x00,0x00,0x00,0x00,0x00,0x00,
    0x00,0x00,0x00,0x00,0x00,0x00,0x00,0x00,0x00,0x00,0x00,0x00,0x00,0x00,0x00,0x00,
    0x00,0x00,0x00,0x00,0x00,0x00,0x00,0x00,0x00,0x00,0x00,0x00,0x00,0x00,0x00,0x00,
    0x00,0x00,0x00,0x00,0x00,0x00,0x00,0x00,0x00,0x00,0x00,0x00,0x00,0x00,0x00,0x00,
    0xff,0x07,0x6b,0x5d,0x00,0x00,0x6a,0x4d,0xaa,0x55,0x8a,0x55,0x8a,0x4d,0x8a,0x4d,
    0x8a,0x4d,0x8a,0x4d,0x8a,0x4d,0x8a,0x4d,0x8a,0x4d,0x8a,0x4d,0x8a,0x4d,0x8a,0x4d,
    0x8a,0x4d,0x8a,0x4d,0x8a,0x4d,0x8a,0x4d,0x8a,0x4d,0x8a,0x4d,0x8a,0x4d,0x8a,0x4d,
    0x8a,0x4d,0x8a,0x4d,0x8a,0x4d,0x8a,0x4d,0x8a,0x4d,0x8a,0x4d,0x8a,0x4d,0x8a,0x4d,
    0x8a,0x4d,0x8a,0x4d,0x8a,0x4d,0x8a,0x4d,0x8a,0x4d,0x8a,0x4d,0x8a,0x4d,0x8a,0x4d,
    0x8a,0x4d,0x8a,0x4d,0x8a,0x4d,0x8a,0x4d,0x8a,0x4d,0x8a,0x4d,0x8a,0x4d,0x8a,0x4d,
    0x8a,0x4d,0x8a,0x4d,0x8a,0x4d,0x8a,0x4d,0x8a,0x4d,0x8a,0x4d,0x8a,0x4d,0x8a,0x4d,
    0x8a,0x4d,0x8a,0x4d,0x8a,0x4d,0x8a,0x4d,0x8a,0x4d,0x8a,0x4d,0x8a,0x4d,0x8a,0x4d,
    0x8a,0x4d,0x8a,0x4d,0x8a,0x4d,0x8a,0x4d,0x8a,0x4d,0x8a,0x4d,0x8a,0x4d,0x8a,0x4d,
    0x8a,0x4d,0x8a,0x4d,0x8a,0x4d,0x8a,0x4d,0x8a,0x4d,0x8a,0x4d,0x8a,0x4d,0x8a,0x4d,
    0x8a,0x4d,0x8a,0x4d,0x8a,0x4d,0x8a,0x4d,0x8a,0x4d,0x8a,0x4d,0x8a,0x4d,0x8a,0x4d,
    0x8a,0x4d,0x8a,0x4d,0x8a,0x4d,0x8a,0x4d,0x8a,0x4d,0x8a,0x4d,0x8a,0x4d,0x8a,0x4d,
    0x8a,0x4d,0x8a,0x4d,0x8a,0x4d,0x8a,0x4d,0x8a,0x4d,0x8a,0x4d,0x8a,0x4d,0x8a,0x4d,
    0x8a,0x4d,0x8a,0x4d,0x8a,0x4d,0x8a,0x4d,0x8a,0x4d,0x8a,0x4d,0x8a,0x4d,0x8a,0x4d,
    0xaa,0x55,0xaa,0x55,0x6a,0x4d,0x00,0x00,0x6b,0x5d,0xff,0x07,0x00,0x00,0x00,0x00,
    0x00,0x00,0x00,0x00,0x00,0x00,0x00,0x00,0x00,0x00,0x00,0x00,0x00,0x00,0x00,0x00,
    0x00,0x00,0x00,0x00,0x00,0x00,0x00,0x00,0x00,0x00,0x00,0x00,0x00,0x00,0x00,0x00,
    0x00,0x00,0x00,0x00,0x00,0x00,0x00,0x00,0x00,0x00,0x00,0x00,0x00,0x00,0x00,0x00,
    0x00,0x00,0x00,0x00,0x00,0x00,0x00,0x00,0x00,0x00,0x00,0x00,0x00,0x00,0x00,0x00,
    0x00,0x00,0x00,0x00,0x00,0x00,0xe0,0x07,0x08,0x46,0x00,0x00,0x6a,0x4d,0xaa,0x55,
    0xaa,0x55,0x6a,0x4d,0x8a,0x4d,0x8a,0x4d,0x8a,0x4d,0x8a,0x4d,0x8a,0x4d,0x8a,0x4d,
    0x8a,0x4d,0x8a,0x4d,0x8a,0x4d,0x8a,0x4d,0x8a,0x4d,0x8a,0x4d,0x8a,0x4d,0x8a,0x4d,
    0x8a,0x4d,0x8a,0x4d,0x8a,0x4d,0x8a,0x4d,0x8a,0x4d,0x8a,0x4d,0x8a,0x4d,0x8a,0x4d,
    0x8a,0x4d,0x8a,0x4d,0x8a,0x4d,0x8a,0x4d,0x8a,0x4d,0x8a,0x4d,0x8a,0x4d,0x8a,0x4d,
    0x8a,0x4d,0x8a,0x4d,0x8a,0x4d,0x8a,0x4d,0x8a,0x4d,0x8a,0x4d,0x8a,0x4d,0x8a,0x4d,
    0x8a,0x4d,0x8a,0x4d,0x8a,0x4d,0x8a,0x4d,0x8a,0x4d,0x8a,0x4d,0x8a,0x4d,0x8a,0x4d,
    0x8a,0x4d,0x8a,0x4d,0x8a,0x4d,0x8a,0x4d,0x8a,0x4d,0x8a,0x4d,0x8a,0x4d,0x8a,0x4d,
    0x8a,0x4d,0x8a,0x4d,0x8a,0x4d,0x8a,0x4d,0x8a,0x4d,0x8a,0x4d,0x8a,0x4d,0x8a,0x4d,
    0x8a,0x4d,0x8a,0x4d,0x8a,0x4d,0x8a,0x4d,0x8a,0x4d,0x8a,0x4d,0x8a,0x4d,0x8a,0x4d,
    0x8a,0x4d,0x8a,0x4d,0x8a,0x4d,0x8a,0x4d,0x8a,0x4d,0x8a,0x4d,0x8a,0x4d,0x8a,0x4d,
    0x8a,0x4d,0x8a,0x4d,0x8a,0x4d,0x8a,0x4d,0x8a,0x4d,0x8a,0x4d,0x8a,0x4d,0x8a,0x4d,
    0x8a,0x4d,0x8a,0x4d,0x8a,0x4d,0x8a,0x4d,0x8a,0x4d,0x8a,0x4d,0x8a,0x4d,0x8a,0x4d,
    0x8a,0x4d,0x8a,0x4d,0x8a,0x4d,0x8a,0x4d,0x8a,0x4d,0x8a,0x4d,0x8a,0x4d,0x8a,0x4d,
    0x6a,0x4d,0xaa,0x55,0xaa,0x55,0x6a,0x4d,0x00,0x00,0x08,0x46,0xe0,0x07,0x00,0x00,
    0x00,0x00,0x00,0x00,0x00,0x00,0x00,0x00,0x00,0x00,0x00,0x00,0x00,0x00,0x00,0x00,
    0x00,0x00,0x00,0x00,0x00,0x00,0x00,0x00,0x00,0x00,0x00,0x00,0x00,0x00,0x00,0x00,
    0x00,0x00,0x00,0x00,0x00,0x00,0x00,0x00,0x00,0x00,0x00,0x00,0x00,0x00,0x00,0x00,
    0x00,0x00,0x00,0x00,0x00,0x00,0x00,0x00,0x00,0x00,0x00,0x00,0x00,0x00,0x00,0x00,
    0x00,0x00,0x00,0x00,0x00,0x00,0x00,0x00,0x00,0x00,0x00,0x00,0x00,0x00,0x08,0x46,
    0x00,0x00,0x6a,0x4d,0x8a,0x4d,0xeb,0x55,0x8a,0x4d,0x8a,0x4d,0x8a,0x4d,0x8a,0x4d,
    0x8a,0x4d,0x8a,0x4d,0x8a,0x4d,0x8a,0x4d,0x8a,0x4d,0x8a,0x4d,0x8a,0x4d,0x8a,0x4d,
    0x8a,0x4d,0x8a,0x4d,0x8a,0x4d,0x8a,0x4d,0x8a,0x4d,0x8a,0x4d,0x8a,0x4d,0x8a,0x4d,
    0x8a,0x4d,0x8a,0x4d,0x8a,0x4d,0x8a,0x4d,0x8a,0x4d,0x8a,0x4d,0x8a,0x4d,0x8a,0x4d,
    0x8a,0x4d,0x8a,0x4d,0x8a,0x4d,0x8a,0x4d,0x8a,0x4d,0x8a,0x4d,0x8a,0x4d,0x8a,0x4d,
    0x8a,0x4d,0x8a,0x4d,0x8a,0x4d,0x8a,0x4d,0x8a,0x4d,0x8a,0x4d,0x8a,0x4d,0x8a,0x4d,
    0x8a,0x4d,0x8a,0x4d,0x8a,0x4d,0x8a,0x4d,0x8a,0x4d,0x8a,0x4d,0x8a,0x4d,0x8a,0x4d,
    0x8a,0x4d,0x8a,0x4d,0x8a,0x4d,0x8a,0x4d,0x8a,0x4d,0x8a,0x4d,0x8a,0x4d,0x8a,0x4d,
    0x8a,0x4d,0x8a,0x4d,0x8a,0x4d,0x8a,0x4d,0x8a,0x4d,0x8a,0x4d,0x8a,0x4d,0x8a,0x4d,
    0x8a,0x4d,0x8a,0x4d,0x8a,0x4d,0x8a,0x4d,0x8a,0x4d,0x8a,0x4d,0x8a,0x4d,0x8a,0x4d,
    0x8a,0x4d,0x8a,0x4d,0x8a,0x4d,0x8a,0x4d,0x8a,0x4d,0x8a,0x4d,0x8a,0x4d,0x8a,0x4d,
    0x8a,0x4d,0x8a,0x4d,0x8a,0x4d,0x8a,0x4d,0x8a,0x4d,0x8a,0x4d,0x8a,0x4d,0x8a,0x4d,
    0x8a,0x4d,0x8a,0x4d,0x8a,0x4d,0x8a,0x4d,0x8a,0x4d,0x8a,0x4d,0x8a,0x4d,0x8a,0x4d,
    0x8a,0x4d,0x8a,0x4d,0xeb,0x55,0x8a,0x4d,0x8a,0x4d,0x00,0x00,0x08,0x44,0x00,0x00,
    0x00,0x00,0x00,0x00,0x00,0x00,0x00,0x00,0x00,0x00,0x00,0x00,0x00,0x00,0x00,0x00,
    0x00,0x00,0x00,0x00,0x00,0x00,0x00,0x00,0x00,0x00,0x00,0x00,0x00,0x00,0x00,0x00,
    0x00,0x00,0x00,0x00,0x00,0x00,0x00,0x00,0x00,0x00,0x00,0x00,0x00,0x00,0x00,0x00,
    0x00,0x00,0x00,0x00,0x00,0x00,0x00,0x00,0x00,0x00,0x00,0x00,0x00,0x00,0x00,0x00,
    0x00,0x00,0x00,0x00,0x00,0x00,0x00,0x00,0x00,0x00,0x00,0x00,0x00,0x00,0x00,0x00,
    0x00,0x00,0x00,0x00,0x08,0x44,0x00,0x00,0x8a,0x55,0x6a,0x4d,0xcb,0x55,0x8a,0x55,
    0x8a,0x4d,0x8a,0x4d,0x8a,0x4d,0x8a,0x4d,0x8a,0x4d,0x8a,0x4d,0x8a,0x4d,0x8a,0x4d,
    0x8a,0x4d,0x8a,0x4d,0x8a,0x4d,0x8a,0x4d,0x8a,0x4d,0x8a,0x4d,0x8a,0x4d,0x8a,0x4d,
    0x8a,0x4d,0x8a,0x4d,0x8a,0x4d,0x8a,0x4d,0x8a,0x4d,0x8a,0x4d,0x8a,0x4d,0x8a,0x4d,
    0x8a,0x4d,0x8a,0x4d,0x8a,0x4d,0x8a,0x4d,0x8a,0x4d,0x8a,0x4d,0x8a,0x4d,0x8a,0x4d,
    0x8a,0x4d,0x8a,0x4d,0x8a,0x4d,0x8a,0x4d,0x8a,0x4d,0x8a,0x4d,0x8a,0x4d,0x8a,0x4d,
    0x8a,0x4d,0x8a,0x4d,0x8a,0x4d,0x8a,0x4d,0x8a,0x4d,0x8a,0x4d,0x8a,0x4d,0x8a,0x4d,
    0x8a,0x4d,0x8a,0x4d,0x8a,0x4d,0x8a,0x4d,0x8a,0x4d,0x8a,0x4d,0x8a,0x4d,0x8a,0x4d,
    0x8a,0x4d,0x8a,0x4d,0x8a,0x4d,0x8a,0x4d,0x8a,0x4d,0x8a,0x4d,0x8a,0x4d,0x8a,0x4d,
    0x8a,0x4d,0x8a,0x4d,0x8a,0x4d,0x8a,0x4d,0x8a,0x4d,0x8a,0x4d,0x8a,0x4d,0x8a,0x4d,
    0x8a,0x4d,0x8a,0x4d,0x8a,0x4d,0x8a,0x4d,0x8a,0x4d,0x8a,0x4d,0x8a,0x4d,0x8a,0x4d,
    0x8a,0x4d,0x8a,0x4d,0x8a,0x4d,0x8a,0x4d,0x8a,0x4d,0x8a,0x4d,0x8a,0x4d,0x8a,0x4d,
    0x8a,0x4d,0x8a,0x4d,0x8a,0x4d,0x8a,0x4d,0x8a,0x4d,0x8a,0x4d,0x8a,0x4d,0x8a,0x4d,
    0x8a,0x4d,0x8a,0x4d,0x8a,0x55,0xca,0x55,0x6a,0x4d,0x8a,0x55,0x00,0x00,0x08,0x44,
    0x00,0x00,0x00,0x00,0x00,0x00,0x00,0x00,0x00,0x00,0x00,0x00,0x00,0x00,0x00,0x00,
    0x00,0x00,0x00,0x00,0x00,0x00,0x00,0x00,0x00,0x00,0x00,0x00,0x00,0x00,0x00,0x00,
    0x00,0x00,0x00,0x00,0x00,0x00,0x00,0x00,0x00,0x00,0x00,0x00,0x00,0x00,0x00,0x00,
    0x00,0x00,0x00,0x00,0x00,0x00,0x00,0x00,0x00,0x00,0x00,0x00,0x00,0x00,0x00,0x00,
    0x00,0x00,0x00,0x00,0x00,0x00,0x00,0x00,0x00,0x00,0x00,0x00,0x00,0x00,0x00,0x00,
    0x00,0x00,0x00,0x00,0x00,0x00,0x00,0x00,0x00,0x00,0xf0,0x87,0x10,0x84,0x00,0x00,
    0x6a,0x4d,0x8a,0x55,0xca,0x55,0x8a,0x4d,0x8a,0x4d,0x8a,0x4d,0x8a,0x4d,0x8a,0x4d,
    0x8a,0x4d,0x8a,0x4d,0x8a,0x4d,0x8a,0x4d,0x8a,0x4d,0x8a,0x4d,0x8a,0x4d,0x8a,0x4d,
    0x8a,0x4d,0x8a,0x4d,0x8a,0x4d,0x8a,0x4d,0x8a,0x4d,0x8a,0x4d,0x8a,0x4d,0x8a,0x4d,
    0x8a,0x4d,0x8a,0x4d,0x8a,0x4d,0x8a,0x4d,0x8a,0x4d,0x8a,0x4d,0x8a,0x4d,0x8a,0x4d,
    0x8a,0x4d,0x8a,0x4d,0x8a,0x4d,0x8a,0x4d,0x8a,0x4d,0x8a,0x4d,0x8a,0x4d,0x8a,0x4d,
    0x8a,0x4d,0x8a,0x4d,0x8a,0x4d,0x8a,0x4d,0x8a,0x4d,0x8a,0x4d,0x8a,0x4d,0x8a,0x4d,
    0x8a,0x4d,0x8a,0x4d,0x8a,0x4d,0x8a,0x4d,0x8a,0x4d,0x8a,0x4d,0x8a,0x4d,0x8a,0x4d,
    0x8a,0x4d,0x8a,0x4d,0x8a,0x4d,0x8a,0x4d,0x8a,0x4d,0x8a,0x4d,0x8a,0x4d,0x8a,0x4d,
    0x8a,0x4d,0x8a,0x4d,0x8a,0x4d,0x8a,0x4d,0x8a,0x4d,0x8a,0x4d,0x8a,0x4d,0x8a,0x4d,
    0x8a,0x4d,0x8a,0x4d,0x8a,0x4d,0x8a,0x4d,0x8a,0x4d,0x8a,0x4d,0x8a,0x4d,0x8a,0x4d,
    0x8a,0x4d,0x8a,0x4d,0x8a,0x4d,0x8a,0x4d,0x8a,0x4d,0x8a,0x4d,0x8a,0x4d,0x8a,0x4d,
    0x8a,0x4d,0x8a,0x4d,0x8a,0x4d,0x8a,0x4d,0x8a,0x4d,0x8a,0x4d,0x8a,0x4d,0x8a,0x4d,
    0x8a,0x4d,0x8a,0x4d,0x8a,0x4d,0xca,0x55,0x8a,0x55,0x6a,0x4d,0x00,0x00,0x10,0x84,
    0xf0,0x87,0x00,0x00,0x00,0x00,0x00,0x00,0x00,0x00,0x00,0x00,0x00,0x00,0x00,0x00,
    0x00,0x00,0x00,0x00,0x00,0x00,0x00,0x00,0x00,0x00,0x00,0x00,0x00,0x00,0x00,0x00,
    0x00,0x00,0x00,0x00,0x00,0x00,0x00,0x00,0x00,0x00,0x00,0x00,0x00,0x00,0x00,0x00,
    0x00,0x00,0x00,0x00,0x00,0x00,0x00,0x00,0x00,0x00,0x00,0x00,0x00,0x00,0x00,0x00,
    0x00,0x00,0x00,0x00,0x00,0x00,0x00,0x00,0x00,0x00,0x00,0x00,0x00,0x00,0x00,0x00,
    0x00,0x00,0x00,0x00,0x00,0x00,0x00,0x00,0x00,0x00,0x00,0x00,0x00,0x00,0x00,0x00,
    0xe0,0x07,0x6b,0x5d,0x00,0x00,0x89,0x4d,0x6a,0x4d,0xcb,0x55,0x8a,0x55,0x6a,0x4d,
    0x8a,0x4d,0x8a,0x4d,0x8a,0x4d,0x8a,0x4d,0x8a,0x4d,0x8a,0x4d,0x8a,0x4d,0x8a,0x4d,
    0x8a,0x4d,0x8a,0x4d,0x8a,0x4d,0x8a,0x4d,0x8a,0x4d,0x8a,0x4d,0x8a,0x4d,0x8a,0x4d,
    0x8a,0x4d,0x8a,0x4d,0x8a,0x4d,0x8a,0x4d,0x8a,0x4d,0x8a,0x4d,0x8a,0x4d,0x8a,0x4d,
    0x8a,0x4d,0x8a,0x4d,0x8a,0x4d,0x8a,0x4d,0x8a,0x4d,0x8a,0x4d,0x8a,0x4d,0x8a,0x4d,
    0x8a,0x4d,0x8a,0x4d,0x8a,0x4d,0x8a,0x4d,0x8a,0x4d,0x8a,0x4d,0x8a,0x4d,0x8a,0x4d,
    0x8a,0x4d,0x8a,0x4d,0x8a,0x4d,0x8a,0x4d,0x8a,0x4d,0x8a,0x4d,0x8a,0x4d,0x8a,0x4d,
    0x8a,0x4d,0x8a,0x4d,0x8a,0x4d,0x8a,0x4d,0x8a,0x4d,0x8a,0x4d,0x8a,0x4d,0x8a,0x4d,
    0x8a,0x4d,0x8a,0x4d,0x8a,0x4d,0x8a,0x4d,0x8a,0x4d,0x8a,0x4d,0x8a,0x4d,0x8a,0x4d,
    0x8a,0x4d,0x8a,0x4d,0x8a,0x4d,0x8a,0x4d,0x8a,0x4d,0x8a,0x4d,0x8a,0x4d,0x8a,0x4d,
    0x8a,0x4d,0x8a,0x4d,0x8a,0x4d,0x8a,0x4d,0x8a,0x4d,0x8a,0x4d,0x8a,0x4d,0x8a,0x4d,
    0x8a,0x4d,0x8a,0x4d,0x8a,0x4d,0x8a,0x4d,0x8a,0x4d,0x8a,0x4d,0x8a,0x4d,0x8a,0x4d,
    0x8a,0x4d,0x8a,0x4d,0x6a,0x4d,0x8a,0x55,0xcb,0x55,0x6a,0x4d,0x6a,0x55,0x00,0x00,
    0x6b,0x5d,0xe0,0x07,0x00,0x00,0x00,0x00,0x00,0x00,0x00,0x00,0x00,0x00,0x00,0x00,
    0x00,0x00,0x00,0x00,0x00,0x00,0x00,0x00,0x00,0x00,0x00,0x00,0x00,0x00,0x00,0x00,
    0x00,0x00,0x00,0x00,0x00,0x00,0x00,0x00,0x00,0x00,0x00,0x00,0x00,0x00,0x00,0x00,
    0x00,0x00,0x00,0x00,0x00,0x00,0x00,0x00,0x00,0x00,0x00,0x00,0x00,0x00,0x00,0x00,
    0x00,0x00,0x00,0x00,0x00,0x00,0x00,0x00,0x00,0x00,0x00,0x00,0x00,0x00,0x00,0x00,
    0x00,0x00,0x00,0x00,0x00,0x00,0x00,0x00,0x00,0x00,0x00,0x00,0x00,0x00,0x00,0x00,
    0x00,0x00,0x00,0x00,0x00,0x00,0x00,0x00,0x08,0x44,0x00,0x00,0x6b,0x5d,0x6a,0x4d,
    0x8a,0x4d,0xcb,0x55,0x8a,0x4d,0x8a,0x4d,0x8a,0x4d,0x8a,0x4d,0x8a,0x4d,0x8a,0x4d,
    0x8a,0x4d,0x8a,0x4d,0x8a,0x4d,0x8a,0x4d,0x8a,0x4d,0x8a,0x4d,0x8a,0x4d,0x8a,0x4d,
    0x8a,0x4d,0x8a,0x4d,0x8a,0x4d,0x8a,0x4d,0x8a,0x4d,0x8a,0x4d,0x8a,0x4d,0x8a,0x4d,
    0x8a,0x4d,0x8a,0x4d,0x8a,0x4d,0x8a,0x4d,0x8a,0x4d,0x8a,0x4d,0x8a,0x4d,0x8a,0x4d,
    0x8a,0x4d,0x8a,0x4d,0x8a,0x4d,0x8a,0x4d,0x8a,0x4d,0x8a,0x4d,0x8a,0x4d,0x8a,0x4d,
    0x8a,0x4d,0x8a,0x4d,0x8a,0x4d,0x8a,0x4d,0x8a,0x4d,0x8a,0x4d,0x8a,0x4d,0x8a,0x4d,
    0x8a,0x4d,0x8a,0x4d,0x8a,0x4d,0x8a,0x4d,0x8a,0x4d,0x8a,0x4d,0x8a,0x4d,0x8a,0x4d,
    0x8a,0x4d,0x8a,0x4d,0x8a,0x4d,0x8a,0x4d,0x8a,0x4d,0x8a,0x4d,0x8a,0x4d,0x8a,0x4d,
    0x8a,0x4d,0x8a,0x4d,0x8a,0x4d,0x8a,0x4d,0x8a,0x4d,0x8a,0x4d,0x8a,0x4d,0x8a,0x4d,
    0x8a,0x4d,0x8a,0x4d,0x8a,0x4d,0x8a,0x4d,0x8a,0x4d,0x8a,0x4d,0x8a,0x4d,0x8a,0x4d,
    0x8a,0x4d,0x8a,0x4d,0x8a,0x4d,0x8a,0x4d,0x8a,0x4d,0x8a,0x4d,0x8a,0x4d,0x8a,0x4d,
    0x8a,0x4d,0x8a,0x4d,0x8a,0x4d,0x8a,0x4d,0xca,0x55,0x8a,0x55,0x6a,0x4d,0x6b,0x5d,
    0x00,0x00,0x08,0x44,0x00,0x00,0x00,0x00,0x00,0x00,0x00,0x00,0x00,0x00,0x00,0x00,
    0x00,0x00,0x00,0x00,0x00,0x00,0x00,0x00,0x00,0x00,0x00,0x00,0x00,0x00,0x00,0x00,
    0x00,0x00,0x00,0x00,0x00,0x00,0x00,0x00,0x00,0x00,0x00,0x00,0x00,0x00,0x00,0x00,
    0x00,0x00,0x00,0x00,0x00,0x00,0x00,0x00,0x00,0x00,0x00,0x00,0x00,0x00,0x00,0x00,
    0x00,0x00,0x00,0x00,0x00,0x00,0x00,0x00,0x00,0x00,0x00,0x00,0x00,0x00,0x00,0x00,
    0x00,0x00,0x00,0x00,0x00,0x00,0x00,0x00,0x00,0x00,0x00,0x00,0x00,0x00,0x00,0x00,
    0x00,0x00,0x00,0x00,0x00,0x00,0x00,0x00,0x00,0x00,0x00,0x00,0x00,0x00,0x10,0x84,
    0x6b,0x5d,0x00,0x00,0x6a,0x55,0x6a,0x4d,0xaa,0x55,0xaa,0x55,0x6a,0x4d,0x8a,0x4d,
    0x8a,0x4d,0x8a,0x4d,0x8a,0x4d,0x8a,0x4d,0x8a,0x4d,0x8a,0x4d,0x8a,0x4d,0x8a,0x4d,
    0x8a,0x4d,0x8a,0x4d,0x8a,0x4d,0x8a,0x4d,0x8a,0x4d,0x8a,0x4d,0x8a,0x4d,0x8a,0x4d,
    0x8a,0x4d,0x8a,0x4d,0x8a,0x4d,0x8a,0x4d,0x8a,0x4d,0x8a,0x4d,0x8a,0x4d,0x8a,0x4d,
    0x8a,0x4d,0x8a,0x4d,0x8a,0x4d,0x8a,0x4d,0x8a,0x4d,0x8a,0x4d,0x8a,0x4d,0x8a,0x4d,
    0x8a,0x4d,0x8a,0x4d,0x8a,0x4d,0x8a,0x4d,0x8a,0x4d,0x8a,0x4d,0x8a,0x4d,0x8a,0x4d,
    0x8a,0x4d,0x8a,0x4d,0x8a,0x4d,0x8a,0x4d,0x8a,0x4d,0x8a,0x4d,0x8a,0x4d,0x8a,0x4d,
    0x8a,0x4d,0x8a,0x4d,0x8a,0x4d,0x8a,0x4d,0x8a,0x4d,0x8a,0x4d,0x8a,0x4d,0x8a,0x4d,
    0x8a,0x4d,0x8a,0x4d,0x8a,0x4d,0x8a,0x4d,0x8a,0x4d,0x8a,0x4d,0x8a,0x4d,0x8a,0x4d,
    0x8a,0x4d,0x8a,0x4d,0x8a,0x4d,0x8a,0x4d,0x8a,0x4d,0x8a,0x4d,0x8a,0x4d,0x8a,0x4d,
    0x8a,0x4d,0x8a,0x4d,0x8a,0x4d,0x8a,0x4d,0x8a,0x4d,0x8a,0x4d,0x8a,0x4d,0x8a,0x4d,
    0x8a,0x4d,0x8a,0x4d,0x8a,0x4d,0x6a,0x4d,0xaa,0x55,0xaa,0x55,0x6a,0x4d,0x8a,0x55,
    0x00,0x00,0x6b,0x5d,0x10,0x84,0x00,0x00,0x00,0x00,0x00,0x00,0x00,0x00,0x00,0x00,
    0x00,0x00,0x00,0x00,0x00,0x00,0x00,0x00,0x00,0x00,0x00,0x00,0x00,0x00,0x00,0x00,
    0x00,0x00,0x00,0x00,0x00,0x00,0x00,0x00,0x00,0x00,0x00,0x00,0x00,0x00,0x00,0x00,
    0x00,0x00,0x00,0x00,0x00,0x00,0x00,0x00,0x00,0x00,0x00,0x00,0x00,0x00,0x00,0x00,
    0x00,0x00,0x00,0x00,0x00,0x00,0x00,0x00,0x00,0x00,0x00,0x00,0x00,0x00,0x00,0x00,
    0x00,0x00,0x00,0x00,0x00,0x00,0x00,0x00,0x00,0x00,0x00,0x00,0x00,0x00,0x00,0x00,
    0x00,0x00,0x00,0x00,0x00,0x00,0x00,0x00,0x00,0x00,0x00,0x00,0x00,0x00,0x00,0x00,
    0x00,0x00,0x00,0x00,0x00,0x00,0x6b,0x5d,0xe0,0x07,0x00,0x00,0x6a,0x4d,0x6a,0x4d,
    0xcb,0x55,0xaa,0x55,0x6a,0x4d,0x8a,0x4d,0x8a,0x4d,0x8a,0x4d,0x8a,0x4d,0x8a,0x4d,
    0x8a,0x4d,0x8a,0x4d,0x8a,0x4d,0x8a,0x4d,0x8a,0x4d,0x8a,0x4d,0x8a,0x4d,0x8a,0x4d,
    0x8a,0x4d,0x8a,0x4d,0x8a,0x4d,0x8a,0x4d,0x8a,0x4d,0x8a,0x4d,0x8a,0x4d,0x8a,0x4d,
    0x8a,0x4d,0x8a,0x4d,0x8a,0x4d,0x8a,0x4d,0x8a,0x4d,0x8a,0x4d,0x8a,0x4d,0x8a,0x4d,
    0x8a,0x4d,0x8a,0x4d,0x8a,0x4d,0x8a,0x4d,0x8a,0x4d,0x8a,0x4d,0x8a,0x4d,0x8a,0x4d,
    0x8a,0x4d,0x8a,0x4d,0x8a,0x4d,0x8a,0x4d,0x8a,0x4d,0x8a,0x4d,0x8a,0x4d,0x8a,0x4d,
    0x8a,0x4d,0x8a,0x4d,0x8a,0x4d,0x8a,0x4d,0x8a,0x4d,0x8a,0x4d,0x8a,0x4d,0x8a,0x4d,
    0x8a,0x4d,0x8a,0x4d,0x8a,0x4d,0x8a,0x4d,0x8a,0x4d,0x8a,0x4d,0x8a,0x4d,0x8a,0x4d,
    0x8a,0x4d,0x8a,0x4d,0x8a,0x4d,0x8a,0x4d,0x8a,0x4d,0x8a,0x4d,0x8a,0x4d,0x8a,0x4d,
    0x8a,0x4d,0x8a,0x4d,0x8a,0x4d,0x8a,0x4d,0x8a,0x4d,0x8a,0x4d,0x8a,0x4d,0x8a,0x4d,
    0x8a,0x4d,0x8a,0x4d,0x8a,0x4d,0x6a,0x4d,0xaa,0x55,0xcb,0x55,0x6a,0x4d,0x6a,0x4d,
    0x00,0x00,0xe0,0x07,0x6b,0x5d,0x00,0x00,0x00,0x00,0x00,0x00,0x00,0x00,0x00,0x00,
    0x00,0x00,0x00,0x00,0x00,0x00,0x00,0x00,0x00,0x00,0x00,0x00,0x00,0x00,0x00,0x00,
    0x00,0x00,0x00,0x00,0x00,0x00,0x00,0x00,0x00,0x00,0x00,0x00,0x00,0x00,0x00,0x00,
    0x00,0x00,0x00,0x00,0x00,0x00,0x00,0x00,0x00,0x00,0x00,0x00,0x00,0x00,0x00,0x00,
    0x00,0x00,0x00,0x00,0x00,0x00,0x00,0x00,0x00,0x00,0x00,0x00,0x00,0x00,0x00,0x00,
    0x00,0x00,0x00,0x00,0x00,0x00,0x00,0x00,0x00,0x00,0x00,0x00,0x00,0x00,0x00,0x00,
    0x00,0x00,0x00,0x00,0x00,0x00,0x00,0x00,0x00,0x00,0x00,0x00,0x00,0x00,0x00,0x00,
    0x00,0x00,0x00,0x00,0x00,0x00,0x00,0x00,0x00,0x00,0x00,0x00,0x10,0x84,0x6b,0x5d,
    0x00,0x00,0x6b,0x5d,0x6a,0x55,0x8a,0x4d,0xcb,0x55,0x8a,0x55,0x6a,0x4d,0x8a,0x4d,
    0x8a,0x4d,0x8a,0x4d,0x8a,0x4d,0x8a,0x4d,0x8a,0x4d,0x8a,0x4d,0x8a,0x4d,0x8a,0x4d,
    0x8a,0x4d,0x8a,0x4d,0x8a,0x4d,0x8a,0x4d,0x8a,0x4d,0x8a,0x4d,0x8a,0x4d,0x8a,0x4d,
    0x8a,0x4d,0x8a,0x4d,0x8a,0x4d,0x8a,0x4d,0x8a,0x4d,0x8a,0x4d,0x8a,0x4d,0x8a,0x4d,
    0x8a,0x4d,0x8a,0x4d,0x8a,0x4d,0x8a,0x4d,0x8a,0x4d,0x8a,0x4d,0x8a,0x4d,0x8a,0x4d,
    0x8a,0x4d,0x8a,0x4d,0x8a,0x4d,0x8a,0x4d,0x8a,0x4d,0x8a,0x4d,0x8a,0x4d,0x8a,0x4d,
    0x8a,0x4d,0x8a,0x4d,0x8a,0x4d,0x8a,0x4d,0x8a,0x4d,0x8a,0x4d,0x8a,0x4d,0x8a,0x4d,
    0x8a,0x4d,0x8a,0x4d,0x8a,0x4d,0x8a,0x4d,0x8a,0x4d,0x8a,0x4d,0x8a,0x4d,0x8a,0x4d,
    0x8a,0x4d,0x8a,0x4d,0x8a,0x4d,0x8a,0x4d,0x8a,0x4d,0x8a,0x4d,0x8a,0x4d,0x8a,0x4d,
    0x8a,0x4d,0x8a,0x4d,0x8a,0x4d,0x8a,0x4d,0x8a,0x4d,0x8a,0x4d,0x8a,0x4d,0x8a,0x4d,
    0x8a,0x4d,0x8a,0x4d,0x8a,0x4d,0x6a,0x4d,0x8a,0x55,0xcb,0x55,0x8a,0x4d,0x6a,0x4d,
    0x6b,0x5d,0x00,0x00,0x6b,0x5d,0x10,0x84,0x00,0x00,0x00,0x00,0x00,0x00,0x00,0x00,
    0x00,0x00,0x00,0x00,0x00,0x00,0x00,0x00,0x00,0x00,0x00,0x00,0x00,0x00,0x00,0x00,
    0x00,0x00,0x00,0x00,0x00,0x00,0x00,0x00,0x00,0x00,0x00,0x00,0x00,0x00,0x00,0x00,
    0x00,0x00,0x00,0x00,0x00,0x00,0x00,0x00,0x00,0x00,0x00,0x00,0x00,0x00,0x00,0x00,
    0x00,0x00,0x00,0x00,0x00,0x00,0x00,0x00,0x00,0x00,0x00,0x00,0x00,0x00,0x00,0x00,
    0x00,0x00,0x00,0x00,0x00,0x00,0x00,0x00,0x00,0x00,0x00,0x00,0x00,0x00,0x00,0x00,
    0x00,0x00,0x00,0x00,0x00,0x00,0x00,0x00,0x00,0x00,0x00,0x00,0x00,0x00,0x00,0x00,
    0x00,0x00,0x00,0x00,0x00,0x00,0x00,0x00,0x00,0x00,0x00,0x00,0x00,0x00,0x00,0x00,
    0x00,0x00,0x00,0x00,0x6b,0x5d,0x10,0x84,0x00,0x00,0x8a,0x55,0x8a,0x4d,0x8a,0x4d,
    0xcb,0x55,0xaa,0x55,0x6a,0x4d,0x8a,0x4d,0x8a,0x4d,0x8a,0x4d,0x8a,0x4d,0x8a,0x4d,
    0x8a,0x4d,0x8a,0x4d,0x8a,0x4d,0x8a,0x4d,0x8a,0x4d,0x8a,0x4d,0x8a,0x4d,0x8a,0x4d,
    0x8a,0x4d,0x8a,0x4d,0x8a,0x4d,0x8a,0x4d,0x8a,0x4d,0x8a,0x4d,0x8a,0x4d,0x8a,0x4d,
    0x8a,0x4d,0x8a,0x4d,0x8a,0x4d,0x8a,0x4d,0x8a,0x4d,0x8a,0x4d,0x8a,0x4d,0x8a,0x4d,
    0x8a,0x4d,0x8a,0x4d,0x8a,0x4d,0x8a,0x4d,0x8a,0x4d,0x8a,0x4d,0x8a,0x4d,0x8a,0x4d,
    0x8a,0x4d,0x8a,0x4d,0x8a,0x4d,0x8a,0x4d,0x8a,0x4d,0x8a,0x4d,0x8a,0x4d,0x8a,0x4d,
    0x8a,0x4d,0x8a,0x4d,0x8a,0x4d,0x8a,0x4d,0x8a,0x4d,0x8a,0x4d,0x8a,0x4d,0x8a,0x4d,
    0x8a,0x4d,0x8a,0x4d,0x8a,0x4d,0x8a,0x4d,0x8a,0x4d,0x8a,0x4d,0x8a,0x4d,0x8a,0x4d,
    0x8a,0x4d,0x8a,0x4d,0x8a,0x4d,0x8a,0x4d,0x8a,0x4d,0x8a,0x4d,0x8a,0x4d,0x8a,0x4d,
    0x8a,0x4d,0x8a,0x4d,0x8a,0x4d,0x6a,0x4d,0xaa,0x55,0xcb,0x55,0x8a,0x4d,0x6a,0x4d,
    0xa9,0x4d,0x00,0x00,0x10,0x04,0x6b,0x5d,0x00,0x00,0x00,0x00,0x00,0x00,0x00,0x00,
    0x00,0x00,0x00,0x00,0x00,0x00,0x00,0x00,0x00,0x00,0x00,0x00,0x00,0x00,0x00,0x00,
    0x00,0x00,0x00,0x00,0x00,0x00,0x00,0x00,0x00,0x00,0x00,0x00,0x00,0x00,0x00,0x00,
    0x00,0x00,0x00,0x00,0x00,0x00,0x00,0x00,0x00,0x00,0x00,0x00,0x00,0x00,0x00,0x00,
    0x00,0x00,0x00,0x00,0x00,0x00,0x00,0x00,0x00,0x00,0x00,0x00,0x00,0x00,0x00,0x00,
    0x00,0x00,0x00,0x00,0x00,0x00,0x00,0x00,0x00,0x00,0x00,0x00,0x00,0x00,0x00,0x00,
    0x00,0x00,0x00,0x00,0x00,0x00,0x00,0x00,0x00,0x00,0x00,0x00,0x00,0x00,0x00,0x00,
    0x00,0x00,0x00,0x00,0x00,0x00,0x00,0x00,0x00,0x00,0x00,0x00,0x00,0x00,0x00,0x00,
    0x00,0x00,0x00,0x00,0x00,0x00,0x00,0x00,0x00,0x00,0xe0,0x07,0x6b,0x5d,0xe0,0x07,
    0x00,0x00,0xaa,0x55,0x6a,0x4d,0x6a,0x4d,0xcb,0x55,0xaa,0x55,0x6a,0x4d,0x6a,0x4d,
    0x8a,0x4d,0x8a,0x4d,0x8a,0x4d,0x8a,0x4d,0x8a,0x4d,0x8a,0x4d,0x8a,0x4d,0x8a,0x4d,
    0x8a,0x4d,0x8a,0x4d,0x8a,0x4d,0x8a,0x4d,0x8a,0x4d,0x8a,0x4d,0x8a,0x4d,0x8a,0x4d,
    0x8a,0x4d,0x8a,0x4d,0x8a,0x4d,0x8a,0x4d,0x8a,0x4d,0x8a,0x4d,0x8a,0x4d,0x8a,0x4d,
    0x8a,0x4d,0x8a,0x4d,0x8a,0x4d,0x8a,0x4d,0x8a,0x4d,0x8a,0x4d,0x8a,0x4d,0x8a,0x4d,
    0x8a,0x4d,0x8a,0x4d,0x8a,0x4d,0x8a,0x4d,0x8a,0x4d,0x8a,0x4d,0x8a,0x4d,0x8a,0x4d,
    0x8a,0x4d,0x8a,0x4d,0x8a,0x4d,0x8a,0x4d,0x8a,0x4d,0x8a,0x4d,0x8a,0x4d,0x8a,0x4d,
    0x8a,0x4d,0x8a,0x4d,0x8a,0x4d,0x8a,0x4d,0x8a,0x4d,0x8a,0x4d,0x8a,0x4d,0x8a,0x4d,
    0x8a,0x4d,0x8a,0x4d,0x8a,0x4d,0x8a,0x4d,0x8a,0x4d,0x8a,0x4d,0x8a,0x4d,0x8a,0x4d,
    0x8a,0x4d,0x8a,0x4d,0x6a,0x4d,0x6a,0x4d,0xaa,0x55,0xcb,0x55,0x6a,0x4d,0x6a,0x4d,
    0x2a,0x55,0x00,0x00,0xe0,0x07,0x6b,0x5d,0xe0,0x07,0x00,0x00,0x00,0x00,0x00,0x00,
    0x00,0x00,0x00,0x00,0x00,0x00,0x00,0x00,0x00,0x00,0x00,0x00,0x00,0x00,0x00,0x00,
    0x00,0x00,0x00,0x00,0x00,0x00,0x00,0x00,0x00,0x00,0x00,0x00,0x00,0x00,0x00,0x00,
    0x00,0x00,0x00,0x00,0x00,0x00,0x00,0x00,0x00,0x00,0x00,0x00,0x00,0x00,0x00,0x00,
    0x00,0x00,0x00,0x00,0x00,0x00,0x00,0x00,0x00,0x00,0x00,0x00,0x00,0x00,0x00,0x00,
    0x00,0x00,0x00,0x00,0x00,0x00,0x00,0x00,0x00,0x00,0x00,0x00,0x00,0x00,0x00,0x00,
    0x00,0x00,0x00,0x00,0x00,0x00,0x00,0x00,0x00,0x00,0x00,0x00,0x00,0x00,0x00,0x00,
    0x00,0x00,0x00,0x00,0x00,0x00,0x00,0x00,0x00,0x00,0x00,0x00,0x00,0x00,0x00,0x00,
    0x00,0x00,0x00,0x00,0x00,0x00,0x00,0x00,0x00,0x00,0x00,0x00,0x00,0x00,0x00,0x00,
    0x00,0x00,0xe0,0x07,0x6b,0x5d,0xe0,0x07,0x00,0x00,0xcb,0x4d,0x8a,0x55,0x6a,0x4d,
    0xaa,0x55,0xcb,0x55,0x8a,0x55,0x8a,0x4d,0x8a,0x4d,0x8a,0x4d,0x8a,0x4d,0x8a,0x4d,
    0x8a,0x4d,0x8a,0x4d,0x8a,0x4d,0x8a,0x4d,0x8a,0x4d,0x8a,0x4d,0x8a,0x4d,0x8a,0x4d,
    0x8a,0x4d,0x8a,0x4d,0x8a,0x4d,0x8a,0x4d,0x8a,0x4d,0x8a,0x4d,0x8a,0x4d,0x8a,0x4d,
    0x8a,0x4d,0x8a,0x4d,0x8a,0x4d,0x8a,0x4d,0x8a,0x4d,0x8a,0x4d,0x8a,0x4d,0x8a,0x4d,
    0x8a,0x4d,0x8a,0x4d,0x8a,0x4d,0x8a,0x4d,0x8a,0x4d,0x8a,0x4d,0x8a,0x4d,0x8a,0x4d,
    0x8a,0x4d,0x8a,0x4d,0x8a,0x4d,0x8a,0x4d,0x8a,0x4d,0x8a,0x4d,0x8a,0x4d,0x8a,0x4d,
    0x8a,0x4d,0x8a,0x4d,0x8a,0x4d,0x8a,0x4d,0x8a,0x4d,0x8a,0x4d,0x8a,0x4d,0x8a,0x4d,
    0x8a,0x4d,0x8a,0x4d,0x8a,0x4d,0x8a,0x4d,0x8a,0x4d,0x8a,0x4d,0x8a,0x4d,0x8a,0x4d,
    0x8a,0x4d,0x8a,0x4d,0x8a,0x4d,0x8a,0x55,0xcb,0x55,0xaa,0x55,0x6a,0x4d,0x8a,0x55,
    0xc9,0x4d,0x00,0x00,0xe0,0x07,0x6b,0x5d,0xe0,0x07,0x00,0x00,0x00,0x00,0x00,0x00,
    0x00,0x00,0x00,0x00,0x00,0x00,0x00,0x00,0x00,0x00,0x00,0x00,0x00,0x00,0x00,0x00,
    0x00,0x00,0x00,0x00,0x00,0x00,0x00,0x00,0x00,0x00,0x00,0x00,0x00,0x00,0x00,0x00,
    0x00,0x00,0x00,0x00,0x00,0x00,0x00,0x00,0x00,0x00,0x00,0x00,0x00,0x00,0x00,0x00,
    0x00,0x00,0x00,0x00,0x00,0x00,0x00,0x00,0x00,0x00,0x00,0x00,0x00,0x00,0x00,0x00,
    0x00,0x00,0x00,0x00,0x00,0x00,0x00,0x00,0x00,0x00,0x00,0x00,0x00,0x00,0x00,0x00,
    0x00,0x00,0x00,0x00,0x00,0x00,0x00,0x00,0x00,0x00,0x00,0x00,0x00,0x00,0x00,0x00,
    0x00,0x00,0x00,0x00,0x00,0x00,0x00,0x00,0x00,0x00,0x00,0x00,0x00,0x00,0x00,0x00,
    0x00,0x00,0x00,0x00,0x00,0x00,0x00,0x00,0x00,0x00,0x00,0x00,0x00,0x00,0x00,0x00,
    0x00,0x00,0x00,0x00,0x00,0x00,0x00,0x00,0x00,0x00,0x00,0x04,0x6b,0x5d,0x00,0x00,
    0x00,0x00,0x08,0x46,0x6a,0x55,0x6a,0x4d,0x8a,0x4d,0xcb,0x55,0xca,0x55,0x8a,0x4d,
    0x6a,0x4d,0x8a,0x4d,0x8a,0x4d,0x8a,0x4d,0x8a,0x4d,0x8a,0x4d,0x8a,0x4d,0x8a,0x4d,
    0x8a,0x4d,0x8a,0x4d,0x8a,0x4d,0x8a,0x4d,0x8a,0x4d,0x8a,0x4d,0x8a,0x4d,0x8a,0x4d,
    0x8a,0x4d,0x8a,0x4d,0x8a,0x4d,0x8a,0x4d,0x8a,0x4d,0x8a,0x4d,0x8a,0x4d,0x8a,0x4d,
    0x8a,0x4d,0x8a,0x4d,0x8a,0x4d,0x8a,0x4d,0x8a,0x4d,0x8a,0x4d,0x8a,0x4d,0x8a,0x4d,
    0x8a,0x4d,0x8a,0x4d,0x8a,0x4d,0x8a,0x4d,0x8a,0x4d,0x8a,0x4d,0x8a,0x4d,0x8a,0x4d,
    0x8a,0x4d,0x8a,0x4d,0x8a,0x4d,0x8a,0x4d,0x8a,0x4d,0x8a,0x4d,0x8a,0x4d,0x8a,0x4d,
    0x8a,0x4d,0x8a,0x4d,0x8a,0x4d,0x8a,0x4d,0x8a,0x4d,0x8a,0x4d,0x8a,0x4d,0x8a,0x4d,
    0x8a,0x4d,0x6a,0x4d,0x8a,0x4d,0xca,0x55,0xcb,0x55,0x8a,0x4d,0x6a,0x4d,0x8a,0x4d,
    0x10,0x46,0x00,0x00,0x00,0x00,0x6b,0x5d,0x00,0x04,0x00,0x00,0x00,0x00,0x00,0x00,
    0x00,0x00,0x00,0x00,0x00,0x00,0x00,0x00,0x00,0x00,0x00,0x00,0x00,0x00,0x00,0x00,
    0x00,0x00,0x00,0x00,0x00,0x00,0x00,0x00,0x00,0x00,0x00,0x00,0x00,0x00,0x00,0x00,
    0x00,0x00,0x00,0x00,0x00,0x00,0x00,0x00,0x00,0x00,0x00,0x00,0x00,0x00,0x00,0x00,
    0x00,0x00,0x00,0x00,0x00,0x00,0x00,0x00,0x00,0x00,0x00,0x00,0x00,0x00,0x00,0x00,
    0x00,0x00,0x00,0x00,0x00,0x00,0x00,0x00,0x00,0x00,0x00,0x00,0x00,0x00,0x00,0x00,
    0x00,0x00,0x00,0x00,0x00,0x00,0x00,0x00,0x00,0x00,0x00,0x00,0x00,0x00,0x00,0x00,
    0x00,0x00,0x00,0x00,0x00,0x00,0x00,0x00,0x00,0x00,0x00,0x00,0x00,0x00,0x00,0x00,
    0x00,0x00,0x00,0x00,0x00,0x00,0x00,0x00,0x00,0x00,0x00,0x00,0x00,0x00,0x00,0x00,
    0x00,0x00,0x00,0x00,0x00,0x00,0x00,0x00,0x00,0x00,0x00,0x00,0x00,0x00,0x00,0x00,
    0x00,0x00,0xe0,0x07,0x08,0x44,0xe0,0x07,0x00,0x00,0x00,0x00,0x6a,0x55,0x8a,0x55,
    0x6a,0x4d,0x8a,0x4d,0xcb,0x55,0xaa,0x55,0x8a,0x4d,0x8a,0x4d,0x8a,0x4d,0x8a,0x4d,
    0x8a,0x4d,0x8a,0x4d,0x8a,0x4d,0x8a,0x4d,0x8a,0x4d,0x8a,0x4d,0x8a,0x4d,0x8a,0x4d,
    0x8a,0x4d,0x8a,0x4d,0x8a,0x4d,0x8a,0x4d,0x8a,0x4d,0x8a,0x4d,0x8a,0x4d,0x8a,0x4d,
    0x8a,0x4d,0x8a,0x4d,0x8a,0x4d,0x8a,0x4d,0x8a,0x4d,0x8a,0x4d,0x8a,0x4d,0x8a,0x4d,
    0x8a,0x4d,0x8a,0x4d,0x8a,0x4d,0x8a,0x4d,0x8a,0x4d,0x8a,0x4d,0x8a,0x4d,0x8a,0x4d,
    0x8a,0x4d,0x8a,0x4d,0x8a,0x4d,0x8a,0x4d,0x8a,0x4d,0x8a,0x4d,0x8a,0x4d,0x8a,0x4d,
    0x8a,0x4d,0x8a,0x4d,0x8a,0x4d,0x8a,0x4d,0x8a,0x4d,0x8a,0x4d,0x6a,0x4d,0x8a,0x4d,
    0x8a,0x4d,0x8a,0x4d,0xaa,0x55,0xcb,0x55,0x8a,0x4d,0x6a,0x4d,0x6a,0x4d,0x6a,0x4d,
    0x00,0x00,0x00,0x00,0xe0,0x07,0x08,0x44,0xe0,0x07,0x00,0x00,0x00,0x00,0x00,0x00,
    0x00,0x00,0x00,0x00,0x00,0x00,0x00,0x00,0x00,0x00,0x00,0x00,0x00,0x00,0x00,0x00,
    0x00,0x00,0x00,0x00,0x00,0x00,0x00,0x00,0x00,0x00,0x00,0x00,0x00,0x00,0x00,0x00,
    0x00,0x00,0x00,0x00,0x00,0x00,0x00,0x00,0x00,0x00,0x00,0x00,0x00,0x00,0x00,0x00,
    0x00,0x00,0x00,0x00,0x00,0x00,0x00,0x00,0x00,0x00,0x00,0x00,0x00,0x00,0x00,0x00,
    0x00,0x00,0x00,0x00,0x00,0x00,0x00,0x00,0x00,0x00,0x00,0x00,0x00,0x00,0x00,0x00,
    0x00,0x00,0x00,0x00,0x00,0x00,0x00,0x00,0x00,0x00,0x00,0x00,0x00,0x00,0x00,0x00,
    0x00,0x00,0x00,0x00,0x00,0x00,0x00,0x00,0x00,0x00,0x00,0x00,0x00,0x00,0x00,0x00,
    0x00,0x00,0x00,0x00,0x00,0x00,0x00,0x00,0x00,0x00,0x00,0x00,0x00,0x00,0x00,0x00,
    0x00,0x00,0x00,0x00,0x00,0x00,0x00,0x00,0x00,0x00,0x00,0x00,0x00,0x00,0x00,0x00,
    0x00,0x00,0x00,0x00,0x00,0x00,0x00,0x00,0x00,0x00,0x00,0x00,0x6b,0x5d,0xf0,0x87,
    0x00,0x00,0x00,0x00,0x10,0x84,0x6a,0x55,0x8a,0x4d,0x6a,0x4d,0x6a,0x4d,0xca,0x55,
    0xcb,0x55,0x8a,0x55,0x6a,0x4d,0x6a,0x4d,0x8a,0x4d,0x8a,0x4d,0x6a,0x4d,0x8a,0x4d,
    0x8a,0x4d,0x8a,0x4d,0x8a,0x4d,0x8a,0x4d,0x8a,0x4d,0x8a,0x4d,0x8a,0x4d,0x8a,0x4d,
    0x8a,0x4d,0x8a,0x4d,0x8a,0x4d,0x8a,0x4d,0x8a,0x4d,0x8a,0x4d,0x8a,0x4d,0x8a,0x4d,
    0x8a,0x4d,0x8a,0x4d,0x8a,0x4d,0x8a,0x4d,0x8a,0x4d,0x8a,0x4d,0x8a,0x4d,0x8a,0x4d,
    0x8a,0x4d,0x8a,0x4d,0x8a,0x4d,0x8a,0x4d,0x8a,0x4d,0x8a,0x4d,0x8a,0x4d,0x8a,0x4d,
    0x8a,0x4d,0x8a,0x4d,0x8a,0x4d,0x6a,0x4d,0x8a,0x4d,0x8a,0x4d,0x6a,0x4d,0x6a,0x4d,
    0x8a,0x55,0xcb,0x55,0xca,0x55,0x8a,0x4d,0x6a,0x4d,0x8a,0x4d,0x6a,0x55,0x10,0x84,
    0x00,0x00,0x00,0x00,0xf0,0x87,0x6b,0x5d,0x00,0x00,0x00,0x00,0x00,0x00,0x00,0x00,
    0x00,0x00,0x00,0x00,0x00,0x00,0x00,0x00,0x00,0x00,0x00,0x00,0x00,0x00,0x00,0x00,
    0x00,0x00,0x00,0x00,0x00,0x00,0x00,0x00,0x00,0x00,0x00,0x00,0x00,0x00,0x00,0x00,
    0x00,0x00,0x00,0x00,0x00,0x00,0x00,0x00,0x00,0x00,0x00,0x00,0x00,0x00,0x00,0x00,
    0x00,0x00,0x00,0x00,0x00,0x00,0x00,0x00,0x00,0x00,0x00,0x00,0x00,0x00,0x00,0x00,
    0x00,0x00,0x00,0x00,0x00,0x00,0x00,0x00,0x00,0x00,0x00,0x00,0x00,0x00,0x00,0x00,
    0x00,0x00,0x00,0x00,0x00,0x00,0x00,0x00,0x00,0x00,0x00,0x00,0x00,0x00,0x00,0x00,
    0x00,0x00,0x00,0x00,0x00,0x00,0x00,0x00,0x00,0x00,0x00,0x00,0x00,0x00,0x00,0x00,
    0x00,0x00,0x00,0x00,0x00,0x00,0x00,0x00,0x00,0x00,0x00,0x00,0x00,0x00,0x00,0x00,
    0x00,0x00,0x00,0x00,0x00,0x00,0x00,0x00,0x00,0x00,0x00,0x00,0x00,0x00,0x00,0x00,
    0x00,0x00,0x00,0x00,0x00,0x00,0x00,0x00,0x00,0x00,0x00,0x00,0x00,0x00,0x00,0x00,
    0x00,0x00,0x00,0x00,0x00,0x04,0x08,0x46,0xe0,0x07,0x00,0x00,0x00,0x00,0x00,0x04,
    0x6a,0x55,0x6a,0x55,0x8a,0x55,0x6a,0x4d,0x8a,0x55,0xcb,0x55,0xcb,0x55,0xaa,0x55,
    0x8a,0x4d,0x8a,0x4d,0x8a,0x4d,0x6a,0x4d,0x6a,0x4d,0x6a,0x4d,0x6a,0x4d,0x8a,0x4d,
    0x8a,0x4d,0x8a,0x4d,0x8a,0x4d,0x8a,0x4d,0x8a,0x4d,0x8a,0x4d,0x8a,0x4d,0x8a,0x4d,
    0x8a,0x4d,0x8a,0x4d,0x8a,0x4d,0x8a,0x4d,0x8a,0x4d,0x8a,0x4d,0x8a,0x4d,0x8a,0x4d,
    0x8a,0x4d,0x8a,0x4d,0x8a,0x4d,0x8a,0x4d,0x8a,0x4d,0x8a,0x4d,0x8a,0x4d,0x6a,0x4d,
    0x6a,0x4d,0x8a,0x4d,0x6a,0x4d,0x8a,0x4d,0x8a,0x4d,0x8a,0x4d,0xaa,0x55,0xcb,0x55,
    0xeb,0x55,0x8a,0x55,0x8a,0x4d,0x6a,0x4d,0x8a,0x4d,0x8a,0x4d,0x10,0x84,0x00,0x00,
    0x00,0x00,0xe0,0x07,0x08,0x46,0x00,0x84,0x00,0x00,0x00,0x00,0x00,0x00,0x00,0x00,
    0x00,0x00,0x00,0x00,0x00,0x00,0x00,0x00,0x00,0x00,0x00,0x00,0x00,0x00,0x00,0x00,
    0x00,0x00,0x00,0x00,0x00,0x00,0x00,0x00,0x00,0x00,0x00,0x00,0x00,0x00,0x00,0x00,
    0x00,0x00,0x00,0x00,0x00,0x00,0x00,0x00,0x00,0x00,0x00,0x00,0x00,0x00,0x00,0x00,
    0x00,0x00,0x00,0x00,0x00,0x00,0x00,0x00,0x00,0x00,0x00,0x00,0x00,0x00,0x00,0x00,
    0x00,0x00,0x00,0x00,0x00,0x00,0x00,0x00,0x00,0x00,0x00,0x00,0x00,0x00,0x00,0x00,
    0x00,0x00,0x00,0x00,0x00,0x00,0x00,0x00,0x00,0x00,0x00,0x00,0x00,0x00,0x00,0x00,
    0x00,0x00,0x00,0x00,0x00,0x00,0x00,0x00,0x00,0x00,0x00,0x00,0x00,0x00,0x00,0x00,
    0x00,0x00,0x00,0x00,0x00,0x00,0x00,0x00,0x00,0x00,0x00,0x00,0x00,0x00,0x00,0x00,
    0x00,0x00,0x00,0x00,0x00,0x00,0x00,0x00,0x00,0x00,0x00,0x00,0x00,0x00,0x00,0x00,
    0x00,0x00,0x00,0x00,0x00,0x00,0x00,0x00,0x00,0x00,0x00,0x00,0x00,0x00,0x00,0x00,
    0x00,0x00,0x00,0x00,0x00,0x00,0x00,0x00,0x00,0x00,0x00,0x00,0x00,0x00,0xf0,0x87,
    0x08,0x46,0x00,0x00,0x00,0x00,0x00,0x00,0x00,0x00,0xc9,0x4d,0x8a,0x4d,0x8a,0x4d,
    0x6a,0x4d,0x6a,0x4d,0x6a,0x4d,0xaa,0x55,0xeb,0x55,0xca,0x55,0xaa,0x55,0x8a,0x55,
    0x8a,0x4d,0x6a,0x4d,0x8a,0x4d,0x8a,0x4d,0x6a,0x4d,0x8a,0x4d,0x6a,0x4d,0x8a,0x4d,
    0x6a,0x4d,0x6a,0x4d,0x8a,0x4d,0x8a,0x4d,0x8a,0x4d,0x8a,0x4d,0x8a,0x4d,0x8a,0x4d,
    0x6a,0x4d,0x6a,0x4d,0x8a,0x4d,0x6a,0x4d,0x8a,0x4d,0x6a,0x4d,0x8a,0x4d,0x8a,0x4d,
    0x8a,0x4d,0x8a,0x4d,0x8a,0x55,0xaa,0x55,0xca,0x55,0xeb,0x55,0xaa,0x55,0x8a,0x4d,
    0x6a,0x4d,0x6a,0x4d,0x6a,0x4d,0x6a,0x4d,0x6b,0x5d,0x00,0x00,0x00,0x00,0x00,0x00,
    0x00,0x00,0x08,0x46,0xf0,0x87,0x00,0x00,0x00,0x00,0x00,0x00,0x00,0x00,0x00,0x00,
    0x00,0x00,0x00,0x00,0x00,0x00,0x00,0x00,0x00,0x00,0x00,0x00,0x00,0x00,0x00,0x00,
    0x00,0x00,0x00,0x00,0x00,0x00,0x00,0x00,0x00,0x00,0x00,0x00,0x00,0x00,0x00,0x00,
    0x00,0x00,0x00,0x00,0x00,0x00,0x00,0x00,0x00,0x00,0x00,0x00,0x00,0x00,0x00,0x00,
    0x00,0x00,0x00,0x00,0x00,0x00,0x00,0x00,0x00,0x00,0x00,0x00,0x00,0x00,0x00,0x00,
    0x00,0x00,0x00,0x00,0x00,0x00,0x00,0x00,0x00,0x00,0x00,0x00,0x00,0x00,0x00,0x00,
    0x00,0x00,0x00,0x00,0x00,0x00,0x00,0x00,0x00,0x00,0x00,0x00,0x00,0x00,0x00,0x00,
    0x00,0x00,0x00,0x00,0x00,0x00,0x00,0x00,0x00,0x00,0x00,0x00,0x00,0x00,0x00,0x00,
    0x00,0x00,0x00,0x00,0x00,0x00,0x00,0x00,0x00,0x00,0x00,0x00,0x00,0x00,0x00,0x00,
    0x00,0x00,0x00,0x00,0x00,0x00,0x00,0x00,0x00,0x00,0x00,0x00,0x00,0x00,0x00,0x00,
    0x00,0x00,0x00,0x00,0x00,0x00,0x00,0x00,0x00,0x00,0x00,0x00,0x00,0x00,0x00,0x00,
    0x00,0x00,0x00,0x00,0x00,0x00,0x00,0x00,0x00,0x00,0x00,0x00,0x00,0x00,0x00,0x00,
    0x00,0x00,0x00,0x00,0x00,0x00,0x00,0x00,0x00,0x04,0x08,0x46,0xe0,0x07,0x00,0x00,
    0x00,0x00,0x00,0x00,0x00,0x00,0x4b,0x5e,0x6a,0x4d,0x8a,0x4d,0x6a,0x4d,0x6a,0x4d,
    0x6a,0x4d,0x6a,0x4d,0x8a,0x4d,0xaa,0x55,0xcb,0x55,0xeb,0x55,0xcb,0x55,0xca,0x55,
    0xaa,0x55,0xaa,0x55,0x8a,0x55,0x8a,0x55,0x8a,0x4d,0x8a,0x4d,0x8a,0x4d,0x8a,0x4d,
    0x8a,0x4d,0x8a,0x4d,0x8a,0x55,0x8a,0x55,0xaa,0x55,0xaa,0x55,0xca,0x55,0xcb,0x55,
    0xeb,0x55,0xca,0x55,0xaa,0x55,0x8a,0x4d,0x6a,0x4d,0x6a,0x4d,0x6a,0x4d,0x6a,0x4d,
    0x6a,0x4d,0x6a,0x4d,0xaa,0x55,0x00,0x00,0x00,0x00,0x00,0x00,0x00,0x00,0x00,0x04,
    0x08,0x46,0x00,0x04,0x00,0x00,0x00,0x00,0x00,0x00,0x00,0x00,0x00,0x00,0x00,0x00,
    0x00,0x00,0x00,0x00,0x00,0x00,0x00,0x00,0x00,0x00,0x00,0x00,0x00,0x00,0x00,0x00,
    0x00,0x00,0x00,0x00,0x00,0x00,0x00,0x00,0x00,0x00,0x00,0x00,0x00,0x00,0x00,0x00,
    0x00,0x00,0x00,0x00,0x00,0x00,0x00,0x00,0x00,0x00,0x00,0x00,0x00,0x00,0x00,0x00,
    0x00,0x00,0x00,0x00,0x00,0x00,0x00,0x00,0x00,0x00,0x00,0x00,0x00,0x00,0x00,0x00,
    0x00,0x00,0x00,0x00,0x00,0x00,0x00,0x00,0x00,0x00,0x00,0x00,0x00,0x00,0x00,0x00,
    0x00,0x00,0x00,0x00,0x00,0x00,0x00,0x00,0x00,0x00,0x00,0x00,0x00,0x00,0x00,0x00,
    0x00,0x00,0x00,0x00,0x00,0x00,0x00,0x00,0x00,0x00,0x00,0x00,0x00,0x00,0x00,0x00,
    0x00,0x00,0x00,0x00,0x00,0x00,0x00,0x00,0x00,0x00,0x00,0x00,0x00,0x00,0x00,0x00,
    0x00,0x00,0x00,0x00,0x00,0x00,0x00,0x00,0x00,0x00,0x00,0x00,0x00,0x00,0x00,0x00,
    0x00,0x00,0x00,0x00,0x00,0x00,0x00,0x00,0x00,0x00,0x00,0x00,0x00,0x00,0x00,0x00,
    0x00,0x00,0x00,0x00,0x00,0x00,0x00,0x00,0x00,0x00,0x00,0x00,0x00,0x00,0x00,0x00,
    0x00,0x00,0x00,0x00,0x00,0x00,0x00,0x00,0x00,0x00,0x00,0x00,0x00,0x00,0x00,0x00,
    0x00,0x00,0xe0,0x07,0x6b,0x5d,0x08,0x46,0xe0,0x07,0x00,0x00,0x00,0x00,0x00,0x00,
    0x00,0x00,0x00,0x00,0x08,0x44,0x69,0x4d,0x6a,0x4d,0x6a,0x4d,0x6a,0x4d,0x8a,0x4d,
    0x6a,0x4d,0x6a,0x4d,0x8a,0x4d,0x6a,0x4d,0x6a,0x4d,0x8a,0x4d,0x8a,0x4d,0x6a,0x4d,
    0x6a,0x4d,0x6a,0x4d,0x6a,0x4d,0x8a,0x4d,0x8a,0x4d,0x6a,0x4d,0x6a,0x4d,0x8a,0x4d,
    0x6a,0x4d,0x6a,0x4d,0x8a,0x4d,0x6a,0x4d,0x8a,0x4d,0x8a,0x4d,0xab,0x55,0xcd,0x34,
    0x00,0x00,0x00,0x00,0x00,0x00,0x00,0x00,0x00,0x00,0xff,0x07,0x08,0x46,0x6b,0x5d,
    0xe0,0x07,0x00,0x00,0x00,0x00,0x00,0x00,0x00,0x00,0x00,0x00,0x00,0x00,0x00,0x00,
    0x00,0x00,0x00,0x00,0x00,0x00,0x00,0x00,0x00,0x00,0x00,0x00,0x00,0x00,0x00,0x00,
    0x00,0x00,0x00,0x00,0x00,0x00,0x00,0x00,0x00,0x00,0x00,0x00,0x00,0x00,0x00,0x00,
    0x00,0x00,0x00,0x00,0x00,0x00,0x00,0x00,0x00,0x00,0x00,0x00,0x00,0x00,0x00,0x00,
    0x00,0x00,0x00,0x00,0x00,0x00,0x00,0x00,0x00,0x00,0x00,0x00,0x00,0x00,0x00,0x00,
    0x00,0x00,0x00,0x00,0x00,0x00,0x00,0x00,0x00,0x00,0x00,0x00,0x00,0x00,0x00,0x00,
    0x00,0x00,0x00,0x00,0x00,0x00,0x00,0x00,0x00,0x00,0x00,0x00,0x00,0x00,0x00,0x00,
    0x00,0x00,0x00,0x00,0x00,0x00,0x00,0x00,0x00,0x00,0x00,0x00,0x00,0x00,0x00,0x00,
    0x00,0x00,0x00,0x00,0x00,0x00,0x00,0x00,0x00,0x00,0x00,0x00,0x00,0x00,0x00,0x00,
    0x00,0x00,0x00,0x00,0x00,0x00,0x00,0x00,0x00,0x00,0x00,0x00,0x00,0x00,0x00,0x00,
    0x00,0x01,0x03,0x04,0x01,0x00,0x00,0x00,0x00,0x00,0x04,0x13,0x31,0x51,0x6c,0x85,
    0x9d,0xb3,0xc6,0xd6,0xe3,0xee,0xf6,0xfb,0xfe,0xfe,0xfb,0xf6,0xee,0xe3,0xd6,0xc6,
    0xb3,0x9d,0x85,0x6c,0x51,0x35,0x16,0x05,0x00,0x00,0x00,0x00,0x00,0x01,0x04,0x03,
    0x01,0x00,0x00,0x00,0x00,0x00,0x00,0x00,0x00,0x00,0x00,0x00,0x00,0x00,0x00,0x00,
    0x00,0x00,0x00,0x00,0x00,0x00,0x00,0x00,0x00,0x00,0x00,0x00,0x00,0x00,0x00,0x00,
    0x00,0x00,0x00,0x00,0x00,0x00,0x00,0x00,0x00,0x00,0x00,0x00,0x00,0x00,0x00,0x00,
    0x00,0x00,0x00,0x00,0x00,0x00,0x00,0x00,0x00,0x00,0x00,0x00,0x00,0x00,0x00,0x00,
    0x00,0x00,0x00,0x00,0x00,0x00,0x00,0x00,0x00,0x00,0x00,0x00,0x00,0x00,0x00,0x00,
    0x00,0x00,0x00,0x00,0x00,0x00,0x00,0x00,0x00,0x00,0x00,0x00,0x00,0x00,0x00,0x00,
    0x00,0x00,0x00,0x00,0x00,0x00,0x00,0x01,0x02,0x04,0x01,0x00,0x00,0x00,0x00,0x0a,
    0x2d,0x5d,0x88,0xaf,0xd3,0xf2,0xfd,0xff,0xff,0xff,0xff,0xff,0xff,0xff,0xff,0xff,
    0xff,0xff,0xff,0xff,0xff,0xff,0xff,0xff,0xff,0xff,0xff,0xff,0xff,0xff,0xff,0xfd,
    0xf4,0xd7,0xaf,0x88,0x5e,0x31,0x0b,0x00,0x00,0x00,0x00,0x01,0x04,0x02,0x01,0x00,
    0x00,0x00,0x00,0x00,0x00,0x00,0x00,0x00,0x00,0x00,0x00,0x00,0x00,0x00,0x00,0x00,
    0x00,0x00,0x00,0x00,0x00,0x00,0x00,0x00,0x00,0x00,0x00,0x00,0x00,0x00,0x00,0x00,
    0x00,0x00,0x00,0x00,0x00,0x00,0x00,0x00,0x00,0x00,0x00,0x00,0x00,0x00,0x00,0x00,
    0x00,0x00,0x00,0x00,0x00,0x00,0x00,0x00,0x00,0x00,0x00,0x00,0x00,0x00,0x00,0x00,
    0x00,0x00,0x00,0x00,0x00,0x00,0x00,0x00,0x00,0x00,0x00,0x00,0x00,0x00,0x00,0x00,
    0x00,0x00,0x00,0x00,0x00,0x00,0x00,0x00,0x00,0x00,0x00,0x00,0x00,0x00,0x01,0x02,
    0x04,0x00,0x00,0x00,0x00,0x0f,0x42,0x7b,0xb2,0xe3,0xfd,0xff,0xff,0xff,0xff,0xff,
    0xff,0xfd,0xfb,0xfa,0xfb,0xfc,0xfd,0xfd,0xfe,0xfe,0xfe,0xff,0xff,0xff,0xff,0xfe,
    0xfe,0xfe,0xfd,0xfd,0xfc,0xfb,0xfa,0xfb,0xfd,0xff,0xff,0xff,0xff,0xff,0xff,0xfd,
    0xe3,0xb1,0x7e,0x43,0x0f,0x00,0x00,0x00,0x00,0x04,0x02,0x01,0x00,0x00,0x00,0x00,
    0x00,0x00,0x00,0x00,0x00,0x00,0x00,0x00,0x00,0x00,0x00,0x00,0x00,0x00,0x00,0x00,
    0x00,0x00,0x00,0x00,0x00,0x00,0x00,0x00,0x00,0x00,0x00,0x00,0x00,0x00,0x00,0x00,
    0x00,0x00,0x00,0x00,0x00,0x00,0x00,0x00,0x00,0x00,0x00,0x00,0x00,0x00,0x00,0x00,
    0x00,0x00,0x00,0x00,0x00,0x00,0x00,0x00,0x00,0x00,0x00,0x00,0x00,0x00,0x00,0x00,
    0x00,0x00,0x00,0x00,0x00,0x00,0x00,0x00,0x00,0x00,0x00,0x00,0x00,0x00,0x00,0x00,
    0x00,0x00,0x00,0x00,0x00,0x00,0x02,0x04,0x01,0x00,0x00,0x02,0x2a,0x6f,0xb0,0xe9,
    0xff,0xfe,0xff,0xff,0xff,0xfc,0xfa,0xfb,0xfd,0xfe,0xfe,0xfe,0xff,0xff,0xff,0xff,
    0xff,0xff,0xff,0xff,0xff,0xff,0xff,0xff,0xff,0xff,0xff,0xff,0xff,0xff,0xff,0xff,
    0xff,0xff,0xfe,0xfe,0xfe,0xfd,0xfb,0xfa,0xfc,0xff,0xff,0xff,0xfe,0xff,0xea,0xaf,
    0x70,0x2a,0x03,0x00,0x00,0x01,0x04,0x02,0x00,0x00,0x00,0x00,0x00,0x00,0x00,0x00,
    0x00,0x00,0x00,0x00,0x00,0x00,0x00,0x00,0x00,0x00,0x00,0x00,0x00,0x00,0x00,0x00,
    0x00,0x00,0x00,0x00,0x00,0x00,0x00,0x00,0x00,0x00,0x00,0x00,0x00,0x00,0x00,0x00,
    0x00,0x00,0x00,0x00,0x00,0x00,0x00,0x00,0x00,0x00,0x00,0x00,0x00,0x00,0x00,0x00,
    0x00,0x00,0x00,0x00,0x00,0x00,0x00,0x00,0x00,0x00,0x00,0x00,0x00,0x00,0x00,0x00,
    0x00,0x00,0x00,0x00,0x00,0x00,0x00,0x00,0x00,0x00,0x00,0x00,0x00,0x01,0x03,0x02,
    0x00,0x00,0x02,0x2e,0x7f,0xc9,0xfb,0xff,0xff,0xff,0xfe,0xfb,0xfb,0xfd,0xfe,0xfe,
    0xff,0xff,0xff,0xff,0xff,0xff,0xff,0xff,0xff,0xff,0xff,0xff,0xff,0xff,0xff,0xff,
    0xff,0xff,0xff,0xff,0xff,0xff,0xff,0xff,0xff,0xff,0xff,0xff,0xff,0xff,0xff,0xff,
    0xff,0xff,0xfe,0xfe,0xfd,0xfb,0xfb,0xfe,0xff,0xff,0xff,0xfc,0xca,0x80,0x31,0x02,
    0x00,0x00,0x02,0x03,0x01,0x00,0x00,0x00,0x00,0x00,0x00,0x00,0x00,0x00,0x00,0x00,
    0x00,0x00,0x00,0x00,0x00,0x00,0x00,0x00,0x00,0x00,0x00,0x00,0x00,0x00,0x00,0x00,
    0x00,0x00,0x00,0x00,0x00,0x00,0x00,0x00,0x00,0x00,0x00,0x00,0x00,0x00,0x00,0x00,
    0x00,0x00,0x00,0x00,0x00,0x00,0x00,0x00,0x00,0x00,0x00,0x00,0x00,0x00,0x00,0x00,
    0x00,0x00,0x00,0x00,0x00,0x00,0x00,0x00,0x00,0x00,0x00,0x00,0x00,0x00,0x00,0x00,
    0x00,0x00,0x00,0x00,0x00,0x01,0x04,0x01,0x00,0x00,0x1e,0x73,0xc7,0xfd,0xff,0xfe,
    0xff,0xfc,0xfb,0xfd,0xfe,0xff,0xff,0xff,0xff,0xff,0xff,0xff,0xff,0xff,0xff,0xff,
    0xff,0xff,0xff,0xff,0xff,0xff,0xff,0xff,0xff,0xff,0xff,0xff,0xff,0xff,0xff,0xff,
    0xff,0xff,0xff,0xff,0xff,0xff,0xff,0xff,0xff,0xff,0xff,0xff,0xff,0xff,0xff,0xff,
    0xff,0xfe,0xfe,0xfb,0xfc,0xff,0xfe,0xff,0xfd,0xc7,0x6f,0x1d,0x00,0x00,0x01,0x04,
    0x01,0x00,0x00,0x00,0x00,0x00,0x00,0x00,0x00,0x00,0x00,0x00,0x00,0x00,0x00,0x00,
    0x00,0x00,0x00,0x00,0x00,0x00,0x00,0x00,0x00,0x00,0x00,0x00,0x00,0x00,0x00,0x00,
    0x00,0x00,0x00,0x00,0x00,0x00,0x00,0x00,0x00,0x00,0x00,0x00,0x00,0x00,0x00,0x00,
    0x00,0x00,0x00,0x00,0x00,0x00,0x00,0x00,0x00,0x00,0x00,0x00,0x00,0x00,0x00,0x00,
    0x00,0x00,0x00,0x00,0x00,0x00,0x00,0x00,0x00,0x00,0x00,0x00,0x00,0x02,0x03,0x01,
    0x00,0x05,0x47,0xa9,0xf4,0xff,0xfe,0xff,0xfb,0xfc,0xfe,0xff,0xff,0xff,0xff,0xff,
    0xff,0xff,0xff,0xff,0xff,0xff,0xff,0xff,0xff,0xff,0xff,0xff,0xff,0xff,0xff,0xff,
    0xff,0xff,0xff,0xff,0xff,0xff,0xff,0xff,0xff,0xff,0xff,0xff,0xff,0xff,0xff,0xff,
    0xff,0xff,0xff,0xff,0xff,0xff,0xff,0xff,0xff,0xff,0xff,0xff,0xff,0xff,0xff,0xfe,
    0xfc,0xfb,0xff,0xfe,0xff,0xf4,0xaa,0x48,0x05,0x00,0x01,0x03,0x02,0x00,0x00,0x00,
    0x00,0x00,0x00,0x00,0x00,0x00,0x00,0x00,0x00,0x00,0x00,0x00,0x00,0x00,0x00,0x00,
    0x00,0x00,0x00,0x00,0x00,0x00,0x00,0x00,0x00,0x00,0x00,0x00,0x00,0x00,0x00,0x00,
    0x00,0x00,0x00,0x00,0x00,0x00,0x00,0x00,0x00,0x00,0x00,0x00,0x00,0x00,0x00,0x00,
    0x00,0x00,0x00,0x00,0x00,0x00,0x00,0x00,0x00,0x00,0x00,0x00,0x00,0x00,0x00,0x00,
    0x00,0x00,0x00,0x00,0x00,0x01,0x03,0x01,0x00,0x0f,0x69,0xcf,0xff,0xfe,0xff,0xfc,
    0xfc,0xff,0xff,0xff,0xff,0xff,0xff,0xff,0xff,0xff,0xff,0xff,0xff,0xff,0xff,0xff,
    0xff,0xff,0xff,0xff,0xff,0xff,0xff,0xff,0xff,0xff,0xff,0xff,0xff,0xff,0xff,0xff,
    0xff,0xff,0xff,0xff,0xff,0xff,0xff,0xff,0xff,0xff,0xff,0xff,0xff,0xff,0xff,0xff,
    0xff,0xff,0xff,0xff,0xff,0xff,0xff,0xff,0xff,0xff,0xff,0xff,0xff,0xfc,0xfc,0xff,
    0xfe,0xff,0xd2,0x69,0x0f,0x00,0x01,0x03,0x01,0x00,0x00,0x00,0x00,0x00,0x00,0x00,
    0x00,0x00,0x00,0x00,0x00,0x00,0x00,0x00,0x00,0x00,0x00,0x00,0x00,0x00,0x00,0x00,
    0x00,0x00,0x00,0x00,0x00,0x00,0x00,0x00,0x00,0x00,0x00,0x00,0x00,0x00,0x00,0x00,
    0x00,0x00,0x00,0x00,0x00,0x00,0x00,0x00,0x00,0x00,0x00,0x00,0x00,0x00,0x00,0x00,
    0x00,0x00,0x00,0x00,0x00,0x00,0x00,0x00,0x00,0x00,0x00,0x00,0x00,0x01,0x04,0x01,
    0x00,0x15,0x7c,0xe3,0xff,0xfe,0xfd,0xfb,0xfe,0xff,0xff,0xff,0xff,0xff,0xff,0xff,
    0xff,0xff,0xff,0xff,0xff,0xff,0xff,0xff,0xff,0xff,0xff,0xff,0xff,0xff,0xff,0xff,
    0xff,0xff,0xff,0xff,0xff,0xff,0xff,0xff,0xff,0xff,0xff,0xff,0xff,0xff,0xff,0xff,
    0xff,0xff,0xff,0xff,0xff,0xff,0xff,0xff,0xff,0xff,0xff,0xff,0xff,0xff,0xff,0xff,
    0xff,0xff,0xff,0xff,0xff,0xff,0xff,0xff,0xff,0xfe,0xfb,0xfd,0xfe,0xff,0xe2,0x78,
    0x15,0x00,0x01,0x04,0x01,0x00,0x00,0x00,0x00,0x00,0x00,0x00,0x00,0x00,0x00,0x00,
    0x00,0x00,0x00,0x00,0x00,0x00,0x00,0x00,0x00,0x00,0x00,0x00,0x00,0x00,0x00,0x00,
    0x00,0x00,0x00,0x00,0x00,0x00,0x00,0x00,0x00,0x00,0x00,0x00,0x00,0x00,0x00,0x00,
    0x00,0x00,0x00,0x00,0x00,0x00,0x00,0x00,0x00,0x00,0x00,0x00,0x00,0x00,0x00,0x00,
    0x00,0x00,0x00,0x00,0x00,0x00,0x03,0x02,0x00,0x13,0x7d,0xea,0xff,0xfe,0xfc,0xfc,
    0xff,0xff,0xff,0xff,0xff,0xff,0xff,0xff,0xff,0xff,0xff,0xff,0xff,0xff,0xff,0xff,
    0xff,0xff,0xff,0xff,0xff,0xff,0xff,0xff,0xff,0xff,0xff,0xff,0xff,0xff,0xff,0xff,
    0xff,0xff,0xff,0xff,0xff,0xff,0xff,0xff,0xff,0xff,0xff,0xff,0xff,0xff,0xff,0xff,
    0xff,0xff,0xff,0xff,0xff,0xff,0xff,0xff,0xff,0xff,0xff,0xff,0xff,0xff,0xff,0xff,
    0xff,0xff,0xff,0xff,0xff,0xff,0xfc,0xfc,0xfe,0xff,0xea,0x7b,0x11,0x00,0x02,0x03,
    0x00,0x00,0x00,0x00,0x00,0x00,0x00,0x00,0x00,0x00,0x00,0x00,0x00,0x00,0x00,0x00,
    0x00,0x00,0x00,0x00,0x00,0x00,0x00,0x00,0x00,0x00,0x00,0x00,0x00,0x00,0x00,0x00,
    0x00,0x00,0x00,0x00,0x00,0x00,0x00,0x00,0x00,0x00,0x00,0x00,0x00,0x00,0x00,0x00,
    0x00,0x00,0x00,0x00,0x00,0x00,0x00,0x00,0x00,0x00,0x00,0x00,0x00,0x00,0x02,0x03,
    0x00,0x09,0x6e,0xe6,0xff,0xfe,0xfc,0xfd,0xff,0xff,0xff,0xff,0xff,0xff,0xff,0xff,
    0xff,0xff,0xff,0xff,0xff,0xff,0xff,0xff,0xff,0xff,0xff,0xff,0xff,0xff,0xff,0xff,
    0xff,0xff,0xff,0xff,0xff,0xff,0xff,0xff,0xff,0xff,0xff,0xff,0xff,0xff,0xff,0xff,
    0xff,0xff,0xff,0xff,0xff,0xff,0xff,0xff,0xff,0xff,0xff,0xff,0xff,0xff,0xff,0xff,
    0xff,0xff,0xff,0xff,0xff,0xff,0xff,0xff,0xff,0xff,0xff,0xff,0xff,0xff,0xff,0xff,
    0xff,0xff,0xfd,0xfc,0xfe,0xff,0xe3,0x6d,0x09,0x00,0x03,0x02,0x00,0x00,0x00,0x00,
    0x00,0x00,0x00,0x00,0x00,0x00,0x00,0x00,0x00,0x00,0x00,0x00,0x00,0x00,0x00,0x00,
    0x00,0x00,0x00,0x00,0x00,0x00,0x00,0x00,0x00,0x00,0x00,0x00,0x00,0x00,0x00,0x00,
    0x00,0x00,0x00,0x00,0x00,0x00,0x00,0x00,0x00,0x00,0x00,0x00,0x00,0x00,0x00,0x00,
    0x00,0x00,0x00,0x00,0x00,0x00,0x01,0x03,0x01,0x00,0x49,0xd3,0xff,0xfe,0xfc,0xfd,
    0xff,0xff,0xff,0xff,0xff,0xff,0xff,0xff,0xff,0xff,0xff,0xff,0xff,0xff,0xff,0xff,
    0xff,0xff,0xff,0xff,0xff,0xff,0xff,0xff,0xff,0xff,0xff,0xff,0xff,0xff,0xff,0xff,
    0xff,0xff,0xff,0xff,0xff,0xff,0xff,0xff,0xff,0xff,0xff,0xff,0xff,0xff,0xff,0xff,
    0xff,0xff,0xff,0xff,0xff,0xff,0xff,0xff,0xff,0xff,0xff,0xff,0xff,0xff,0xff,0xff,
    0xff,0xff,0xff,0xff,0xff,0xff,0xff,0xff,0xff,0xff,0xff,0xff,0xff,0xff,0xfd,0xfc,
    0xfe,0xff,0xd5,0x4b,0x00,0x01,0x03,0x01,0x00,0x00,0x00,0x00,0x00,0x00,0x00,0x00,
    0x00,0x00,0x00,0x00,0x00,0x00,0x00,0x00,0x00,0x00,0x00,0x00,0x00,0x00,0x00,0x00,
    0x00,0x00,0x00,0x00,0x00,0x00,0x00,0x00,0x00,0x00,0x00,0x00,0x00,0x00,0x00,0x00,
    0x00,0x00,0x00,0x00,0x00,0x00,0x00,0x00,0x00,0x00,0x00,0x00,0x00,0x00,0x00,0x02,
    0x03,0x00,0x25,0xb0,0xff,0xfe,0xfc,0xfd,0xff,0xff,0xff,0xff,0xff,0xff,0xff,0xff,
    0xff,0xff,0xff,0xff,0xff,0xff,0xff,0xff,0xff,0xff,0xff,0xff,0xff,0xff,0xff,0xff,
    0xff,0xff,0xff,0xff,0xff,0xff,0xff,0xff,0xff,0xff,0xff,0xff,0xff,0xff,0xff,0xff,
    0xff,0xff,0xff,0xff,0xff,0xff,0xff,0xff,0xff,0xff,0xff,0xff,0xff,0xff,0xff,0xff,
    0xff,0xff,0xff,0xff,0xff,0xff,0xff,0xff,0xff,0xff,0xff,0xff,0xff,0xff,0xff,0xff,
    0xff,0xff,0xff,0xff,0xff,0xff,0xff,0xff,0xff,0xff,0xfd,0xfc,0xfe,0xff,0xb1,0x25,
    0x00,0x03,0x02,0x00,0x00,0x00,0x00,0x00,0x00,0x00,0x00,0x00,0x00,0x00,0x00,0x00,
    0x00,0x00,0x00,0x00,0x00,0x00,0x00,0x00,0x00,0x00,0x00,0x00,0x00,0x00,0x00,0x00,
    0x00,0x00,0x00,0x00,0x00,0x00,0x00,0x00,0x00,0x00,0x00,0x00,0x00,0x00,0x00,0x00,
    0x00,0x00,0x00,0x00,0x00,0x00,0x00,0x01,0x04,0x00,0x03,0x6e,0xf1,0xff,0xfc,0xfc,
    0xff,0xff,0xff,0xff,0xff,0xff,0xff,0xff,0xff,0xff,0xff,0xff,0xff,0xff,0xff,0xff,
    0xff,0xff,0xff,0xff,0xff,0xff,0xff,0xff,0xff,0xff,0xff,0xff,0xff,0xff,0xff,0xff,
    0xff,0xff,0xff,0xff,0xff,0xff,0xff,0xff,0xff,0xff,0xff,0xff,0xff,0xff,0xff,0xff,
    0xff,0xff,0xff,0xff,0xff,0xff,0xff,0xff,0xff,0xff,0xff,0xff,0xff,0xff,0xff,0xff,
    0xff,0xff,0xff,0xff,0xff,0xff,0xff,0xff,0xff,0xff,0xff,0xff,0xff,0xff,0xff,0xff,
    0xff,0xff,0xff,0xff,0xff,0xff,0xfc,0xfc,0xff,0xf2,0x70,0x03,0x00,0x04,0x01,0x00,
    0x00,0x00,0x00,0x00,0x00,0x00,0x00,0x00,0x00,0x00,0x00,0x00,0x00,0x00,0x00,0x00,
    0x00,0x00,0x00,0x00,0x00,0x00,0x00,0x00,0x00,0x00,0x00,0x00,0x00,0x00,0x00,0x00,
    0x00,0x00,0x00,0x00,0x00,0x00,0x00,0x00,0x00,0x00,0x00,0x00,0x00,0x00,0x00,0x00,
    0x01,0x03,0x00,0x29,0xc2,0xff,0xfd,0xfc,0xff,0xff,0xff,0xff,0xff,0xff,0xff,0xff,
    0xff,0xff,0xff,0xff,0xff,0xff,0xff,0xff,0xff,0xff,0xff,0xff,0xff,0xff,0xff,0xff,
    0xff,0xff,0xff,0xff,0xff,0xff,0xff,0xff,0xff,0xff,0xff,0xff,0xff,0xff,0xff,0xff,
    0xff,0xff,0xff,0xff,0xff,0xff,0xff,0xff,0xff,0xff,0xff,0xff,0xff,0xff,0xff,0xff,
    0xff,0xff,0xff,0xff,0xff,0xff,0xff,0xff,0xff,0xff,0xff,0xff,0xff,0xff,0xff,0xff,
    0xff,0xff,0xff,0xff,0xff,0xff,0xff,0xff,0xff,0xff,0xff,0xff,0xff,0xff,0xff,0xff,
    0xff,0xff,0xfc,0xfd,0xff,0xc3,0x29,0x00,0x03,0x01,0x00,0x00,0x00,0x00,0x00,0x00,
    0x00,0x00,0x00,0x00,0x00,0x00,0x00,0x00,0x00,0x00,0x00,0x00,0x00,0x00,0x00,0x00,
    0x00,0x00,0x00,0x00,0x00,0x00,0x00,0x00,0x00,0x00,0x00,0x00,0x00,0x00,0x00,0x00,
    0x00,0x00,0x00,0x00,0x00,0x00,0x00,0x00,0x00,0x02,0x02,0x00,0x64,0xf2,0xff,0xfc,
    0xfd,0xff,0xff,0xff,0xff,0xff,0xff,0xff,0xff,0xff,0xff,0xff,0xff,0xff,0xff,0xff,
    0xff,0xff,0xff,0xff,0xff,0xff,0xff,0xff,0xff,0xff,0xff,0xff,0xff,0xff,0xff,0xff,
    0xff,0xff,0xff,0xff,0xff,0xff,0xff,0xff,0xff,0xff,0xff,0xff,0xff,0xff,0xff,0xff,
    0xff,0xff,0xff,0xff,0xff,0xff,0xff,0xff,0xff,0xff,0xff,0xff,0xff,0xff,0xff,0xff,
    0xff,0xff,0xff,0xff,0xff,0xff,0xff,0xff,0xff,0xff,0xff,0xff,0xff,0xff,0xff,0xff,
    0xff,0xff,0xff,0xff,0xff,0xff,0xff,0xff,0xff,0xff,0xff,0xff,0xff,0xfd,0xfc,0xff,
    0xf2,0x66,0x00,0x02,0x02,0x00,0x00,0x00,0x00,0x00,0x00,0x00,0x00,0x00,0x00,0x00,
    0x00,0x00,0x00,0x00,0x00,0x00,0x00,0x00,0x00,0x00,0x00,0x00,0x00,0x00,0x00,0x00,
    0x00,0x00,0x00,0x00,0x00,0x00,0x00,0x00,0x00,0x00,0x00,0x00,0x00,0x00,0x00,0x00,
    0x00,0x00,0x04,0x00,0x10,0xa7,0xff,0xfd,0xfc,0xff,0xff,0xff,0xff,0xff,0xff,0xff,
    0xff,0xff,0xff,0xff,0xff,0xff,0xff,0xff,0xff,0xff,0xff,0xff,0xff,0xff,0xff,0xff,
    0xff,0xff,0xff,0xff,0xff,0xff,0xff,0xff,0xff,0xff,0xff,0xff,0xff,0xff,0xff,0xff,
    0xff,0xff,0xff,0xff,0xff,0xff,0xff,0xff,0xff,0xff,0xff,0xff,0xff,0xff,0xff,0xff,
    0xff,0xff,0xff,0xff,0xff,0xff,0xff,0xff,0xff,0xff,0xff,0xff,0xff,0xff,0xff,0xff,
    0xff,0xff,0xff,0xff,0xff,0xff,0xff,0xff,0xff,0xff,0xff,0xff,0xff,0xff,0xff,0xff,
    0xff,0xff,0xff,0xff,0xff,0xff,0xff,0xff,0xff,0xfc,0xfd,0xff,0xa7,0x10,0x00,0x04,
    0x00,0x00,0x00,0x00,0x00,0x00,0x00,0x00,0x00,0x00,0x00,0x00,0x00,0x00,0x00,0x00,
    0x00,0x00,0x00,0x00,0x00,0x00,0x00,0x00,0x00,0x00,0x00,0x00,0x00,0x00,0x00,0x00,
    0x00,0x00,0x00,0x00,0x00,0x00,0x00,0x00,0x00,0x00,0x00,0x04,0x00,0x2d,0xd5,0xff,
    0xfb,0xfd,0xff,0xff,0xff,0xff,0xff,0xff,0xff,0xff,0xff,0xff,0xff,0xff,0xff,0xff,
    0xff,0xff,0xff,0xff,0xff,0xff,0xff,0xff,0xff,0xff,0xff,0xff,0xff,0xff,0xff,0xff,
    0xff,0xff,0xff,0xff,0xff,0xff,0xff,0xff,0xff,0xff,0xff,0xff,0xff,0xff,0xff,0xff,
    0xff,0xff,0xff,0xff,0xff,0xff,0xff,0xff,0xff,0xff,0xff,0xff,0xff,0xff,0xff,0xff,
    0xff,0xff,0xff,0xff,0xff,0xff,0xff,0xff,0xff,0xff,0xff,0xff,0xff,0xff,0xff,0xff,
    0xff,0xff,0xff,0xff,0xff,0xff,0xff,0xff,0xff,0xff,0xff,0xff,0xff,0xff,0xff,0xff,
    0xff,0xff,0xff,0xff,0xfd,0xfb,0xff,0xd5,0x2e,0x00,0x04,0x00,0x00,0x00,0x00,0x00,
    0x00,0x00,0x00,0x00,0x00,0x00,0x00,0x00,0x00,0x00,0x00,0x00,0x00,0x00,0x00,0x00,
    0x00,0x00,0x00,0x00,0x00,0x00,0x00,0x00,0x00,0x00,0x00,0x00,0x00,0x00,0x00,0x00,
    0x00,0x00,0x00,0x01,0x04,0x00,0x56,0xf1,0xff,0xfb,0xff,0xff,0xff,0xff,0xff,0xff,
    0xff,0xff,0xff,0xff,0xff,0xff,0xff,0xff,0xff,0xff,0xff,0xff,0xff,0xff,0xff,0xff,
    0xff,0xff,0xff,0xff,0xff,0xff,0xff,0xff,0xff,0xff,0xff,0xff,0xff,0xff,0xff,0xff,
    0xff,0xff,0xff,0xff,0xff,0xff,0xff,0xff,0xff,0xff,0xff,0xff,0xff,0xff,0xff,0xff,
    0xff,0xff,0xff,0xff,0xff,0xff,0xff,0xff,0xff,0xff,0xff,0xff,0xff,0xff,0xff,0xff,
    0xff,0xff,0xff,0xff,0xff,0xff,0xff,0xff,0xff,0xff,0xff,0xff,0xff,0xff,0xff,0xff,
    0xff,0xff,0xff,0xff,0xff,0xff,0xff,0xff,0xff,0xff,0xff,0xff,0xff,0xff,0xff,0xff,
    0xfb,0xff,0xf2,0x57,0x00,0x04,0x01,0x00,0x00,0x00,0x00,0x00,0x00,0x00,0x00,0x00,
    0x00,0x00,0x00,0x00,0x00,0x00,0x00,0x00,0x00,0x00,0x00,0x00,0x00,0x00,0x00,0x00,
    0x00,0x00,0x00,0x00,0x00,0x00,0x00,0x00,0x00,0x00,0x00,0x00,0x01,0x03,0x00,0x76,
    0xff,0xfe,0xfc,0xff,0xff,0xff,0xff,0xff,0xff,0xff,0xff,0xff,0xff,0xff,0xff,0xff,
    0xff,0xff,0xff,0xff,0xff,0xff,0xff,0xff,0xff,0xff,0xff,0xff,0xff,0xff,0xff,0xff,
    0xff,0xff,0xff,0xff,0xff,0xff,0xff,0xff,0xff,0xff,0xff,0xff,0xff,0xff,0xff,0xff,
    0xff,0xff,0xff,0xff,0xff,0xff,0xff,0xff,0xff,0xff,0xff,0xff,0xff,0xff,0xff,0xff,
    0xff,0xff,0xff,0xff,0xff,0xff,0xff,0xff,0xff,0xff,0xff,0xff,0xff,0xff,0xff,0xff,
    0xff,0xff,0xff,0xff,0xff,0xff,0xff,0xff,0xff,0xff,0xff,0xff,0xff,0xff,0xff,0xff,
    0xff,0xff,0xff,0xff,0xff,0xff,0xff,0xff,0xff,0xff,0xff,0xfc,0xfd,0xff,0x77,0x00,
    0x03,0x01,0x00,0x00,0x00,0x00,0x00,0x00,0x00,0x00,0x00,0x00,0x00,0x00,0x00,0x00,
    0x00,0x00,0x00,0x00,0x00,0x00,0x00,0x00,0x00,0x00,0x00,0x00,0x00,0x00,0x00,0x00,
    0x00,0x00,0x00,0x00,0x00,0x02,0x01,0x02,0x94,0xff,0xfc,0xfd,0xff,0xff,0xff,0xff,
    0xff,0xff,0xff,0xff,0xff,0xff,0xff,0xff,0xff,0xff,0xff,0xff,0xff,0xff,0xff,0xff,
    0xff,0xff,0xff,0xff,0xff,0xff,0xff,0xff,0xff,0xff,0xff,0xff,0xff,0xff,0xff,0xff,
    0xff,0xff,0xff,0xff,0xff,0xff,0xff,0xff,0xff,0xff,0xff,0xff,0xff,0xff,0xff,0xff,
    0xff,0xff,0xff,0xff,0xff,0xff,0xff,0xff,0xff,0xff,0xff,0xff,0xff,0xff,0xff,0xff,
    0xff,0xff,0xff,0xff,0xff,0xff,0xff,0xff,0xff,0xff,0xff,0xff,0xff,0xff,0xff,0xff,
    0xff,0xff,0xff,0xff,0xff,0xff,0xff,0xff,0xff,0xff,0xff,0xff,0xff,0xff,0xff,0xff,
    0xff,0xff,0xff,0xff,0xff,0xff,0xfe,0xfc,0xff,0x95,0x01,0x01,0x02,0x00,0x00,0x00,
    0x00,0x00,0x00,0x00,0x00,0x00,0x00,0x00,0x00,0x00,0x00,0x00,0x00,0x00,0x00,0x00,
    0x00,0x00,0x00,0x00,0x00,0x00,0x00,0x00,0x00,0x00,0x00,0x00,0x00,0x00,0x02,0x01,
    0x04,0xa6,0xff,0xfa,0xfe,0xff,0xff,0xff,0xff,0xff,0xff,0xff,0xff,0xff,0xff,0xff,
    0xff,0xff,0xff,0xff,0xff,0xff,0xff,0xff,0xff,0xff,0xff,0xff,0xff,0xff,0xff,0xff,
    0xff,0xff,0xff,0xff,0xff,0xff,0xff,0xff,0xff,0xff,0xff,0xff,0xff,0xff,0xff,0xff,
    0xff,0xff,0xff,0xff,0xff,0xff,0xff,0xff,0xff,0xff,0xff,0xff,0xff,0xff,0xff,0xff,
    0xff,0xff,0xff,0xff,0xff,0xff,0xff,0xff,0xff,0xff,0xff,0xff,0xff,0xff,0xff,0xff,
    0xff,0xff,0xff,0xff,0xff,0xff,0xff,0xff,0xff,0xff,0xff,0xff,0xff,0xff,0xff,0xff,
    0xff,0xff,0xff,0xff,0xff,0xff,0xff,0xff,0xff,0xff,0xff,0xff,0xff,0xff,0xff,0xff,
    0xff,0xfe,0xfa,0xff,0xa6,0x04,0x01,0x02,0x00,0x00,0x00,0x00,0x00,0x00,0x00,0x00,
    0x00,0x00,0x00,0x00,0x00,0x00,0x00,0x00,0x00,0x00,0x00,0x00,0x00,0x00,0x00,0x00,
    0x00,0x00,0x00,0x00,0x00,0x00,0x00,0x02,0x00,0x08,0xaf,0xff,0xfb,0xfe,0xff,0xff,
    0xff,0xff,0xff,0xff,0xff,0xff,0xff,0xff,0xff,0xff,0xff,0xff,0xff,0xff,0xff,0xff,
    0xff,0xff,0xff,0xff,0xff,0xff,0xff,0xff,0xff,0xff,0xff,0xff,0xff,0xff,0xff,0xff,
    0xff,0xff,0xff,0xff,0xff,0xff,0xff,0xff,0xff,0xff,0xff,0xff,0xff,0xff,0xff,0xff,
    0xff,0xff,0xff,0xff,0xff,0xff,0xff,0xff,0xff,0xff,0xff,0xff,0xff,0xff,0xff,0xff,
    0xff,0xff,0xff,0xff,0xff,0xff,0xff,0xff,0xff,0xff,0xff,0xff,0xff,0xff,0xff,0xff,
    0xff,0xff,0xff,0xff,0xff,0xff,0xff,0xff,0xff,0xff,0xff,0xff,0xff,0xff,0xff,0xff,
    0xff,0xff,0xff,0xff,0xff,0xff,0xff,0xff,0xff,0xff,0xff,0xff,0xfe,0xfb,0xff,0xaf,
    0x08,0x00,0x02,0x00,0x00,0x00,0x00,0x00,0x00,0x00,0x00,0x00,0x00,0x00,0x00,0x00,
    0x00,0x00,0x00,0x00,0x00,0x00,0x00,0x00,0x00,0x00,0x00,0x00,0x00,0x00,0x00,0x00,
    0x01,0x00,0x07,0xb5,0xff,0xfa,0xff,0xff,0xff,0xff,0xff,0xff,0xff,0xff,0xff,0xff,
    0xff,0xff,0xff,0xff,0xff,0xff,0xff,0xff,0xff,0xff,0xff,0xff,0xff,0xff,0xff,0xff,
    0xff,0xff,0xff,0xff,0xff,0xff,0xff,0xff,0xff,0xff,0xff,0xff,0xff,0xff,0xff,0xff,
    0xff,0xff,0xff,0xff,0xff,0xff,0xff,0xff,0xff,0xff,0xff,0xff,0xff,0xff,0xff,0xff,
    0xff,0xff,0xff,0xff,0xff,0xff,0xff,0xff,0xff,0xff,0xff,0xff,0xff,0xff,0xff,0xff,
    0xff,0xff,0xff,0xff,0xff,0xff,0xff,0xff,0xff,0xff,0xff,0xff,0xff,0xff,0xff,0xff,
    0xff,0xff,0xff,0xff,0xff,0xff,0xff,0xff,0xff,0xff,0xff,0xff,0xff,0xff,0xff,0xff,
    0xff,0xff,0xff,0xff,0xff,0xff,0xff,0xff,0xfa,0xff,0xb4,0x07,0x00,0x01,0x00,0x00,
    0x00,0x00,0x00,0x00,0x00,0x00,0x00,0x00,0x00,0x00,0x00,0x00,0x00,0x00,0x00,0x00,
    0x00,0x00,0x00,0x00,0x00,0x00,0x00,0x00,0x00,0x01,0x01,0x04,0xab,0xff,0xfb,0xff,
    0xff,0xff,0xff,0xff,0xff,0xff,0xff,0xff,0xff,0xff,0xff,0xff,0xff,0xff,0xff,0xff,
    0xff,0xff,0xff,0xff,0xff,0xff,0xff,0xff,0xff,0xff,0xff,0xff,0xff,0xff,0xff,0xff,
    0xff,0xff,0xff,0xff,0xff,0xff,0xff,0xff,0xff,0xff,0xff,0xff,0xff,0xff,0xff,0xff,
    0xff,0xff,0xff,0xff,0xff,0xff,0xff,0xff,0xff,0xff,0xff,0xff,0xff,0xff,0xff,0xff,
    0xff,0xff,0xff,0xff,0xff,0xff,0xff,0xff,0xff,0xff,0xff,0xff,0xff,0xff,0xff,0xff,
    0xff,0xff,0xff,0xff,0xff,0xff,0xff,0xff,0xff,0xff,0xff,0xff,0xff,0xff,0xff,0xff,
    0xff,0xff,0xff,0xff,0xff,0xff,0xff,0xff,0xff,0xff,0xff,0xff,0xff,0xff,0xff,0xff,
    0xff,0xff,0xff,0xfb,0xff,0xab,0x04,0x01,0x01,0x00,0x00,0x00,0x00,0x00,0x00,0x00,
    0x00,0x00,0x00,0x00,0x00,0x00,0x00,0x00,0x00,0x00,0x00,0x00,0x00,0x00,0x00,0x00,
    0x00,0x00,0x01,0x02,0x00,0xa0,0xff,0xfb,0xff,0xff,0xff,0xff,0xff,0xff,0xff,0xff,
    0xff,0xff,0xff,0xff,0xff,0xff,0xff,0xff,0xff,0xff,0xff,0xff,0xff,0xff,0xff,0xff,
    0xff,0xff,0xff,0xff,0xff,0xff,0xff,0xff,0xff,0xff,0xff,0xff,0xff,0xff,0xff,0xff,
    0xff,0xff,0xff,0xff,0xff,0xff,0xff,0xff,0xff,0xff,0xff,0xff,0xff,0xff,0xff,0xff,
    0xff,0xff,0xff,0xff,0xff,0xff,0xff,0xff,0xff,0xff,0xff,0xff,0xff,0xff,0xff,0xff,
    0xff,0xff,0xff,0xff,0xff,0xff,0xff,0xff,0xff,0xff,0xff,0xff,0xff,0xff,0xff,0xff,
    0xff,0xff,0xff,0xff,0xff,0xff,0xff,0xff,0xff,0xff,0xff,0xff,0xff,0xff,0xff,0xff,
    0xff,0xff,0xff,0xff,0xff,0xff,0xff,0xff,0xff,0xff,0xff,0xff,0xff,0xff,0xfb,0xff,
    0xa0,0x00,0x02,0x01,0x00,0x00,0x00,0x00,0x00,0x00,0x00,0x00,0x00,0x00,0x00,0x00,
    0x00,0x00,0x00,0x00,0x00,0x00,0x00,0x00,0x00,0x00,0x00,0x00,0x03,0x00,0x86,0xff,
    0xfb,0xff,0xff,0xff,0xff,0xff,0xff,0xff,0xff,0xff,0xff,0xff,0xff,0xff,0xff,0xff,
    0xff,0xff,0xff,0xff,0xff,0xff,0xff,0xff,0xff,0xff,0xff,0xff,0xff,0xff,0xff,0xff,
    0xff,0xff,0xff,0xff,0xff,0xff,0xff,0xff,0xff,0xff,0xff,0xff,0xff,0xff,0xff,0xff,
    0xff,0xff,0xff,0xff,0xff,0xff,0xff,0xff,0xff,0xff,0xff,0xff,0xff,0xff,0xff,0xff,
    0xff,0xff,0xff,0xff,0xff,0xff,0xff,0xff,0xff,0xff,0xff,0xff,0xff,0xff,0xff,0xff,
    0xff,0xff,0xff,0xff,0xff,0xff,0xff,0xff,0xff,0xff,0xff,0xff,0xff,0xff,0xff,0xff,
    0xff,0xff,0xff,0xff,0xff,0xff,0xff,0xff,0xff,0xff,0xff,0xff,0xff,0xff,0xff,0xff,
    0xff,0xff,0xff,0xff,0xff,0xff,0xff,0xff,0xff,0xfb,0xff,0x85,0x00,0x03,0x00,0x00,
    0x00,0x00,0x00,0x00,0x00,0x00,0x00,0x00,0x00,0x00,0x00,0x00,0x00,0x00,0x00,0x00,
    0x00,0x00,0x00,0x00,0x00,0x03,0x00,0x68,0xff,0xfc,0xfe,0xff,0xff,0xff,0xff,0xff,
    0xff,0xff,0xff,0xff,0xff,0xff,0xff,0xff,0xff,0xff,0xff,0xff,0xff,0xff,0xff,0xff,
    0xff,0xff,0xff,0xff,0xff,0xff,0xff,0xff,0xff,0xff,0xff,0xff,0xff,0xff,0xff,0xff,
    0xff,0xff,0xff,0xff,0xff,0xff,0xff,0xff,0xff,0xff,0xff,0xff,0xff,0xff,0xff,0xff,
    0xff,0xff,0xff,0xff,0xff,0xff,0xff,0xff,0xff,0xff,0xff,0xff,0xff,0xff,0xff,0xff,
    0xff,0xff,0xff,0xff,0xff,0xff,0xff,0xff,0xff,0xff,0xff,0xff,0xff,0xff,0xff,0xff,
    0xff,0xff,0xff,0xff,0xff,0xff,0xff,0xff,0xff,0xff,0xff,0xff,0xff,0xff,0xff,0xff,
    0xff,0xff,0xff,0xff,0xff,0xff,0xff,0xff,0xff,0xff,0xff,0xff,0xff,0xff,0xff,0xff,
    0xff,0xff,0xff,0xfe,0xfc,0xff,0x68,0x00,0x04,0x00,0x00,0x00,0x00,0x00,0x00,0x00,
    0x00,0x00,0x00,0x00,0x00,0x00,0x00,0x00,0x00,0x00,0x00,0x00,0x00,0x00,0x03,0x00,
    0x45,0xfc,0xfe,0xfe,0xff,0xff,0xff,0xff,0xff,0xff,0xff,0xff,0xff,0xff,0xff,0xff,
    0xff,0xff,0xff,0xff,0xff,0xff,0xff,0xff,0xff,0xff,0xff,0xff,0xff,0xff,0xff,0xff,
    0xff,0xff,0xff,0xff,0xff,0xff,0xff,0xff,0xff,0xff,0xff,0xff,0xff,0xff,0xff,0xff,
    0xff,0xff,0xff,0xff,0xff,0xff,0xff,0xff,0xff,0xff,0xff,0xff,0xff,0xff,0xff,0xff,
    0xff,0xff,0xff,0xff,0xff,0xff,0xff,0xff,0xff,0xff,0xff,0xff,0xff,0xff,0xff,0xff,
    0xff,0xff,0xff,0xff,0xff,0xff,0xff,0xff,0xff,0xff,0xff,0xff,0xff,0xff,0xff,0xff,
    0xff,0xff,0xff,0xff,0xff,0xff,0xff,0xff,0xff,0xff,0xff,0xff,0xff,0xff,0xff,0xff,
    0xff,0xff,0xff,0xff,0xff,0xff,0xff,0xff,0xff,0xff,0xff,0xff,0xff,0xff,0xfe,0xfe,
    0xfb,0x42,0x00,0x03,0x00,0x00,0x00,0x00,0x00,0x00,0x00,0x00,0x00,0x00,0x00,0x00,
    0x00,0x00,0x00,0x00,0x00,0x00,0x00,0x02,0x00,0x1f,0xe5,0xff,0xfd,0xff,0xff,0xff,
    0xff,0xff,0xff,0xff,0xff,0xff,0xff,0xff,0xff,0xff,0xff,0xff,0xff,0xff,0xff,0xff,
    0xff,0xff,0xff,0xff,0xff,0xff,0xff,0xff,0xff,0xff,0xff,0xff,0xff,0xff,0xff,0xff,
    0xff,0xff,0xff,0xff,0xff,0xff,0xff,0xff,0xff,0xff,0xff,0xff,0xff,0xff,0xff,0xff,
    0xff,0xff,0xff,0xff,0xff,0xff,0xff,0xff,0xff,0xff,0xff,0xff,0xff,0xff,0xff,0xff,
    0xff,0xff,0xff,0xff,0xff,0xff,0xff,0xff,0xff,0xff,0xff,0xff,0xff,0xff,0xff,0xff,
    0xff,0xff,0xff,0xff,0xff,0xff,0xff,0xff,0xff,0xff,0xff,0xff,0xff,0xff,0xff,0xff,
    0xff,0xff,0xff,0xff,0xff,0xff,0xff,0xff,0xff,0xff,0xff,0xff,0xff,0xff,0xff,0xff,
    0xff,0xff,0xff,0xff,0xff,0xff,0xff,0xff,0xff,0xfd,0xff,0xe1,0x1c,0x00,0x02,0x00,
    0x00,0x00,0x00,0x00,0x00,0x00,0x00,0x00,0x00,0x00,0x00,0x00,0x00,0x00,0x00,0x00,
    0x01,0x01,0x02,0xba,0xff,0xfc,0xff,0xff,0xff,0xff,0xff,0xff,0xff,0xff,0xff,0xff,
    0xff,0xff,0xff,0xff,0xff,0xff,0xff,0xff,0xff,0xff,0xff,0xff,0xff,0xff,0xff,0xff,
    0xff,0xff,0xff,0xff,0xff,0xff,0xff,0xff,0xff,0xff,0xff,0xff,0xff,0xff,0xff,0xff,
    0xff,0xff,0xff,0xff,0xff,0xff,0xff,0xff,0xff,0xff,0xff,0xff,0xff,0xff,0xff,0xff,
    0xff,0xff,0xff,0xff,0xff,0xff,0xff,0xff,0xff,0xff,0xff,0xff,0xff,0xff,0xff,0xff,
    0xff,0xff,0xff,0xff,0xff,0xff,0xff,0xff,0xff,0xff,0xff,0xff,0xff,0xff,0xff,0xff,
    0xff,0xff,0xff,0xff,0xff,0xff,0xff,0xff,0xff,0xff,0xff,0xff,0xff,0xff,0xff,0xff,
    0xff,0xff,0xff,0xff,0xff,0xff,0xff,0xff,0xff,0xff,0xff,0xff,0xff,0xff,0xff,0xff,
    0xff,0xff,0xff,0xff,0xfc,0xff,0xb8,0x01,0x01,0x01,0x00,0x00,0x00,0x00,0x00,0x00,
    0x00,0x00,0x00,0x00,0x00,0x00,0x00,0x00,0x00,0x00,0x03,0x00,0x7f,0xff,0xfa,0xff,
    0xff,0xff,0xff,0xff,0xff,0xff,0xff,0xff,0xff,0xff,0xff,0xff,0xff,0xff,0xff,0xff,
    0xff,0xff,0xff,0xff,0xff,0xff,0xff,0xff,0xff,0xff,0xff,0xff,0xff,0xff,0xff,0xff,
    0xff,0xff,0xff,0xff,0xff,0xff,0xff,0xff,0xff,0xff,0xff,0xff,0xff,0xff,0xff,0xff,
    0xff,0xff,0xff,0xff,0xff,0xff,0xff,0xff,0xff,0xff,0xff,0xff,0xff,0xff,0xff,0xff,
    0xff,0xff,0xff,0xff,0xff,0xff,0xff,0xff,0xff,0xff,0xff,0xff,0xff,0xff,0xff,0xff,
    0xff,0xff,0xff,0xff,0xff,0xff,0xff,0xff,0xff,0xff,0xff,0xff,0xff,0xff,0xff,0xff,
    0xff,0xff,0xff,0xff,0xff,0xff,0xff,0xff,0xff,0xff,0xff,0xff,0xff,0xff,0xff,0xff,
    0xff,0xff,0xff,0xff,0xff,0xff,0xff,0xff,0xff,0xff,0xff,0xff,0xff,0xff,0xff,0xfa,
    0xff,0x7d,0x00,0x04,0x00,0x00,0x00,0x00,0x00,0x00,0x00,0x00,0x00,0x00,0x00,0x00,
    0x00,0x00,0x00,0x02,0x00,0x3b,0xfb,0xfe,0xfe,0xff,0xff,0xff,0xff,0xff,0xff,0xff,
    0xff,0xff,0xff,0xff,0xff,0xff,0xff,0xff,0xff,0xff,0xff,0xff,0xff,0xff,0xff,0xff,
    0xff,0xff,0xff,0xff,0xff,0xff,0xff,0xff,0xff,0xff,0xff,0xff,0xff,0xff,0xff,0xff,
    0xff,0xff,0xff,0xff,0xff,0xff,0xff,0xff,0xff,0xff,0xff,0xff,0xff,0xff,0xff,0xff,
    0xff,0xff,0xff,0xff,0xff,0xff,0xff,0xff,0xff,0xff,0xff,0xff,0xff,0xff,0xff,0xff,
    0xff,0xff,0xff,0xff,0xff,0xff,0xff,0xff,0xff,0xff,0xff,0xff,0xff,0xff,0xff,0xff,
    0xff,0xff,0xff,0xff,0xff,0xff,0xff,0xff,0xff,0xff,0xff,0xff,0xff,0xff,0xff,0xff,
    0xff,0xff,0xff,0xff,0xff,0xff,0xff,0xff,0xff,0xff,0xff,0xff,0xff,0xff,0xff,0xff,
    0xff,0xff,0xff,0xff,0xff,0xff,0xff,0xff,0xff,0xfe,0xff,0xfa,0x3b,0x00,0x02,0x00,
    0x00,0x00,0x00,0x00,0x00,0x00,0x00,0x00,0x00,0x00,0x00,0x00,0x01,0x00,0x09,0xcc,
    0xff,0xfc,0xff,0xff,0xff,0xff,0xff,0xff,0xff,0xff,0xff,0xff,0xff,0xff,0xff,0xff,
    0xff,0xff,0xff,0xff,0xff,0xff,0xff,0xff,0xff,0xff,0xff,0xff,0xff,0xff,0xff,0xff,
    0xff,0xff,0xff,0xff,0xff,0xff,0xff,0xff,0xff,0xff,0xff,0xff,0xff,0xff,0xff,0xff,
    0xff,0xff,0xff,0xff,0xff,0xff,0xff,0xff,0xff,0xff,0xff,0xff,0xff,0xff,0xff,0xff,
    0xff,0xff,0xff,0xff,0xff,0xff,0xff,0xff,0xff,0xff,0xff,0xff,0xff,0xff,0xff,0xff,
    0xff,0xff,0xff,0xff,0xff,0xff,0xff,0xff,0xff,0xff,0xff,0xff,0xff,0xff,0xff,0xff,
    0xff,0xff,0xff,0xff,0xff,0xff,0xff,0xff,0xff,0xff,0xff,0xff,0xff,0xff,0xff,0xff,
    0xff,0xff,0xff,0xff,0xff,0xff,0xff,0xff,0xff,0xff,0xff,0xff,0xff,0xff,0xff,0xff,
    0xff,0xff,0xff,0xff,0xfc,0xff,0xcb,0x09,0x00,0x01,0x00,0x00,0x00,0x00,0x00,0x00,
    0x00,0x00,0x00,0x00,0x00,0x00,0x03,0x00,0x80,0xff,0xfb,0xff,0xff,0xff,0xff,0xff,
    0xff,0xff,0xff,0xff,0xff,0xff,0xff,0xff,0xff,0xff,0xff,0xff,0xff,0xff,0xff,0xff,
    0xff,0xff,0xff,0xff,0xff,0xff,0xff,0xff,0xff,0xff,0xff,0xff,0xff,0xff,0xff,0xff,
    0xff,0xff,0xff,0xff,0xff,0xff,0xff,0xff,0xff,0xff,0xff,0xff,0xff,0xff,0xff,0xff,
    0xff,0xff,0xff,0xff,0xff,0xff,0xff,0xff,0xff,0xff,0xff,0xff,0xff,0xff,0xff,0xff,
    0xff,0xff,0xff,0xff,0xff,0xff,0xff,0xff,0xff,0xff,0xff,0xff,0xff,0xff,0xff,0xff,
    0xff,0xff,0xff,0xff,0xff,0xff,0xff,0xff,0xff,0xff,0xff,0xff,0xff,0xff,0xff,0xff,
    0xff,0xff,0xff,0xff,0xff,0xff,0xff,0xff,0xff,0xff,0xff,0xff,0xff,0xff,0xff,0xff,
    0xff,0xff,0xff,0xff,0xff,0xff,0xff,0xff,0xff,0xff,0xff,0xff,0xff,0xff,0xff,0xfb,
    0xff,0x7f,0x00,0x03,0x00,0x00,0x00,0x00,0x00,0x00,0x00,0x00,0x00,0x00,0x00,0x02,
    0x00,0x2c,0xf5,0xff,0xfe,0xff,0xff,0xff,0xff,0xff,0xff,0xff,0xff,0xff,0xff,0xff,
    0xff,0xff,0xff,0xff,0xff,0xff,0xff,0xff,0xff,0xff,0xff,0xff,0xff,0xff,0xff,0xff,
    0xff,0xff,0xff,0xff,0xff,0xff,0xff,0xff,0xff,0xff,0xff,0xff,0xff,0xff,0xff,0xff,
    0xff,0xff,0xff,0xff,0xff,0xff,0xff,0xff,0xff,0xff,0xff,0xff,0xff,0xff,0xff,0xff,
    0xff,0xff,0xff,0xff,0xff,0xff,0xff,0xff,0xff,0xff,0xff,0xff,0xff,0xff,0xff,0xff,
    0xff,0xff,0xff,0xff,0xff,0xff,0xff,0xff,0xff,0xff,0xff,0xff,0xff,0xff,0xff,0xff,
    0xff,0xff,0xff,0xff,0xff,0xff,0xff,0xff,0xff,0xff,0xff,0xff,0xff,0xff,0xff,0xff,
    0xff,0xff,0xff,0xff,0xff,0xff,0xff,0xff,0xff,0xff,0xff,0xff,0xff,0xff,0xff,0xff,
    0xff,0xff,0xff,0xff,0xff,0xff,0xff,0xff,0xff,0xfe,0xff,0xf4,0x2b,0x00,0x02,0x00,
    0x00,0x00,0x00,0x00,0x00,0x00,0x00,0x00,0x00,0x02,0x00,0xad,0xff,0xfc,0xff,0xff,
    0xff,0xff,0xff,0xff,0xff,0xff,0xff,0xff,0xff,0xff,0xff,0xff,0xff,0xff,0xff,0xff,
    0xff,0xff,0xff,0xff,0xff,0xff,0xff,0xff,0xff,0xff,0xff,0xff,0xff,0xff,0xff,0xff,
    0xff,0xff,0xff,0xff,0xff,0xff,0xff,0xff,0xff,0xff,0xff,0xff,0xff,0xff,0xff,0xff,
    0xff,0xff,0xff,0xff,0xff,0xff,0xff,0xff,0xff,0xff,0xff,0xff,0xff,0xff,0xff,0xff,
    0xff,0xff,0xff,0xff,0xff,0xff,0xff,0xff,0xff,0xff,0xff,0xff,0xff,0xff,0xff,0xff,
    0xff,0xff,0xff,0xff,0xff,0xff,0xff,0xff,0xff,0xff,0xff,0xff,0xff,0xff,0xff,0xff,
    0xff,0xff,0xff,0xff,0xff,0xff,0xff,0xff,0xff,0xff,0xff,0xff,0xff,0xff,0xff,0xff,
    0xff,0xff,0xff,0xff,0xff,0xff,0xff,0xff,0xff,0xff,0xff,0xff,0xff,0xff,0xff,0xff,
    0xff,0xff,0xff,0xff,0xfc,0xff,0xac,0x00,0x02,0x00,0x00,0x00,0x00,0x00,0x00,0x00,
    0x00,0x00,0x03,0x00,0x46,0xff,0xfd,0xfe,0xff,0xff,0xff,0xff,0xff,0xff,0xff,0xff,
    0xff,0xff,0xff,0xff,0xff,0xff,0xff,0xff,0xff,0xff,0xff,0xff,0xff,0xff,0xff,0xff,
    0xff,0xff,0xff,0xff,0xff,0xff,0xff,0xff,0xff,0xff,0xff,0xff,0xff,0xff,0xff,0xff,
    0xff,0xff,0xff,0xff,0xff,0xff,0xff,0xff,0xff,0xff,0xff,0xff,0xff,0xff,0xff,0xff,
    0xff,0xff,0xff,0xff,0xff,0xff,0xff,0xff,0xff,0xff,0xff,0xff,0xff,0xff,0xff,0xff,
    0xff,0xff,0xff,0xff,0xff,0xff,0xff,0xff,0xff,0xff,0xff,0xff,0xff,0xff,0xff,0xff,
    0xff,0xff,0xff,0xff,0xff,0xff,0xff,0xff,0xff,0xff,0xff,0xff,0xff,0xff,0xff,0xff,
    0xff,0xff,0xff,0xff,0xff,0xff,0xff,0xff,0xff,0xff,0xff,0xff,0xff,0xff,0xff,0xff,
    0xff,0xff,0xff,0xff,0xff,0xff,0xff,0xff,0xff,0xff,0xff,0xff,0xff,0xff,0xfe,0xfd,
    0xff,0x45,0x00,0x03,0x00,0x00,0x00,0x00,0x00,0x00,0x00,0x00,0x01,0x00,0xbf,0xff,
    0xfc,0xff,0xff,0xff,0xff,0xff,0xff,0xff,0xff,0xff,0xff,0xff,0xff,0xff,0xff,0xff,
    0xff,0xff,0xff,0xff,0xff,0xff,0xff,0xff,0xff,0xff,0xff,0xff,0xff,0xff,0xff,0xff,
    0xff,0xff,0xff,0xff,0xff,0xff,0xff,0xff,0xff,0xff,0xff,0xff,0xff,0xff,0xff,0xff,
    0xff,0xff,0xff,0xff,0xff,0xff,0xff,0xff,0xff,0xff,0xff,0xff,0xff,0xff,0xff,0xff,
    0xff,0xff,0xff,0xff,0xff,0xff,0xff,0xff,0xff,0xff,0xff,0xff,0xff,0xff,0xff,0xff,
    0xff,0xff,0xff,0xff,0xff,0xff,0xff,0xff,0xff,0xff,0xff,0xff,0xff,0xff,0xff,0xff,
    0xff,0xff,0xff,0xff,0xff,0xff,0xff,0xff,0xff,0xff,0xff,0xff,0xff,0xff,0xff,0xff,
    0xff,0xff,0xff,0xff,0xff,0xff,0xff,0xff,0xff,0xff,0xff,0xff,0xff,0xff,0xff,0xff,
    0xff,0xff,0xff,0xff,0xff,0xff,0xff,0xff,0xff,0xfc,0xff,0xbe,0x00,0x01,0x00,0x00,
    0x00,0x00,0x00,0x00,0x00,0x03,0x00,0x4f,0xff,0xfd,0xff,0xff,0xff,0xff,0xff,0xff,
    0xff,0xff,0xff,0xff,0xff,0xff,0xff,0xff,0xff,0xff,0xff,0xff,0xff,0xff,0xff,0xff,
    0xff,0xff,0xff,0xff,0xff,0xff,0xff,0xff,0xff,0xff,0xff,0xff,0xff,0xff,0xff,0xff,
    0xff,0xff,0xff,0xff,0xff,0xff,0xff,0xff,0xff,0xff,0xff,0xff,0xff,0xff,0xff,0xff,
    0xff,0xff,0xff,0xff,0xff,0xff,0xff,0xff,0xff,0xff,0xff,0xff,0xff,0xff,0xff,0xff,
    0xff,0xff,0xff,0xff,0xff,0xff,0xff,0xff,0xff,0xff,0xff,0xff,0xff,0xff,0xff,0xff,
    0xff,0xff,0xff,0xff,0xff,0xff,0xff,0xff,0xff,0xff,0xff,0xff,0xff,0xff,0xff,0xff,
    0xff,0xff,0xff,0xff,0xff,0xff,0xff,0xff,0xff,0xff,0xff,0xff,0xff,0xff,0xff,0xff,
    0xff,0xff,0xff,0xff,0xff,0xff,0xff,0xff,0xff,0xff,0xff,0xff,0xff,0xff,0xff,0xff,
    0xff,0xff,0xff,0xff,0xfd,0xff,0x4e,0x00,0x03,0x00,0x00,0x00,0x00,0x00,0x00,0x01,
    0x00,0xc0,0xff,0xfc,0xff,0xff,0xff,0xff,0xff,0xff,0xff,0xff,0xff,0xff,0xff,0xff,
    0xff,0xff,0xff,0xff,0xff,0xff,0xff,0xff,0xff,0xff,0xff,0xff,0xff,0xff,0xff,0xff,
    0xff,0xff,0xff,0xff,0xff,0xff,0xff,0xff,0xff,0xff,0xff,0xff,0xff,0xff,0xff,0xff,
    0xff,0xff,0xff,0xff,0xff,0xff,0xff,0xff,0xff,0xff,0xff,0xff,0xff,0xff,0xff,0xff,
    0xff,0xff,0xff,0xff,0xff,0xff,0xff,0xff,0xff,0xff,0xff,0xff,0xff,0xff,0xff,0xff,
    0xff,0xff,0xff,0xff,0xff,0xff,0xff,0xff,0xff,0xff,0xff,0xff,0xff,0xff,0xff,0xff,
    0xff,0xff,0xff,0xff,0xff,0xff,0xff,0xff,0xff,0xff,0xff,0xff,0xff,0xff,0xff,0xff,
    0xff,0xff,0xff,0xff,0xff,0xff,0xff,0xff,0xff,0xff,0xff,0xff,0xff,0xff,0xff,0xff,
    0xff,0xff,0xff,0xff,0xff,0xff,0xff,0xff,0xff,0xff,0xff,0xff,0xff,0xff,0xfc,0xff,
    0xbf,0x00,0x01,0x00,0x00,0x00,0x00,0x00,0x03,0x00,0x43,0xff,0xfe,0xff,0xff,0xff,
    0xff,0xff,0xff,0xff,0xff,0xff,0xff,0xff,0xff,0xff,0xff,0xff,0xff,0xff,0xff,0xff,
    0xff,0xff,0xff,0xff,0xff,0xff,0xff,0xff,0xff,0xff,0xff,0xff,0xff,0xff,0xff,0xff,
    0xff,0xff,0xff,0xff,0xff,0xff,0xff,0xff,0xff,0xff,0xff,0xff,0xff,0xff,0xff,0xff,
    0xff,0xff,0xff,0xff,0xff,0xff,0xff,0xff,0xff,0xff,0xff,0xff,0xff,0xff,0xff,0xff,
    0xff,0xff,0xff,0xff,0xff,0xff,0xff,0xff,0xff,0xff,0xff,0xff,0xff,0xff,0xff,0xff,
    0xff,0xff,0xff,0xff,0xff,0xff,0xff,0xff,0xff,0xff,0xff,0xff,0xff,0xff,0xff,0xff,
    0xff,0xff,0xff,0xff,0xff,0xff,0xff,0xff,0xff,0xff,0xff,0xff,0xff,0xff,0xff,0xff,
    0xff,0xff,0xff,0xff,0xff,0xff,0xff,0xff,0xff,0xff,0xff,0xff,0xff,0xff,0xff,0xff,
    0xff,0xff,0xff,0xff,0xff,0xff,0xff,0xff,0xff,0xfe,0xff,0x42,0x00,0x03,0x00,0x00,
    0x00,0x00,0x02,0x00,0xaa,0xff,0xfc,0xff,0xff,0xff,0xff,0xff,0xff,0xff,0xff,0xff,
    0xff,0xff,0xff,0xff,0xff,0xff,0xff,0xff,0xff,0xff,0xff,0xff,0xff,0xff,0xff,0xff,
    0xff,0xff,0xff,0xff,0xff,0xff,0xff,0xff,0xff,0xff,0xff,0xff,0xff,0xff,0xff,0xff,
    0xff,0xff,0xff,0xff,0xff,0xff,0xff,0xff,0xff,0xff,0xff,0xff,0xff,0xff,0xff,0xff,
    0xff,0xff,0xff,0xff,0xff,0xff,0xff,0xff,0xff,0xff,0xff,0xff,0xff,0xff,0xff,0xff,
    0xff,0xff,0xff,0xff,0xff,0xff,0xff,0xff,0xff,0xff,0xff,0xff,0xff,0xff,0xff,0xff,
    0xff,0xff,0xff,0xff,0xff,0xff,0xff,0xff,0xff,0xff,0xff,0xff,0xff,0xff,0xff,0xff,
    0xff,0xff,0xff,0xff,0xff,0xff,0xff,0xff,0xff,0xff,0xff,0xff,0xff,0xff,0xff,0xff,
    0xff,0xff,0xff,0xff,0xff,0xff,0xff,0xff,0xff,0xff,0xff,0xff,0xff,0xff,0xff,0xff,
    0xff,0xff,0xff,0xfc,0xff,0xa9,0x00,0x02,0x00,0x00,0x00,0x02,0x00,0x25,0xf5,0xff,
    0xfe,0xff,0xff,0xff,0xff,0xff,0xff,0xff,0xff,0xff,0xff,0xff,0xff,0xff,0xff,0xff,
    0xff,0xff,0xff,0xff,0xff,0xff,0xff,0xff,0xff,0xff,0xff,0xff,0xff,0xff,0xff,0xff,
    0xff,0xff,0xff,0xff,0xff,0xff,0xff,0xff,0xff,0xff,0xff,0xff,0xff,0xff,0xff,0xff,
    0xff,0xff,0xff,0xff,0xff,0xff,0xff,0xff,0xff,0xff,0xff,0xff,0xff,0xff,0xff,0xff,
    0xff,0xff,0xff,0xff,0xff,0xff,0xff,0xff,0xff,0xff,0xff,0xff,0xff,0xff,0xff,0xff,
    0xff,0xff,0xff,0xff,0xff,0xff,0xff,0xff,0xff,0xff,0xff,0xff,0xff,0xff,0xff,0xff,
    0xff,0xff,0xff,0xff,0xff,0xff,0xff,0xff,0xff,0xff,0xff,0xff,0xff,0xff,0xff,0xff,
    0xff,0xff,0xff,0xff,0xff,0xff,0xff,0xff,0xff,0xff,0xff,0xff,0xff,0xff,0xff,0xff,
    0xff,0xff,0xff,0xff,0xff,0xff,0xff,0xff,0xff,0xff,0xff,0xff,0xff,0xfe,0xff,0xf4,
    0x24,0x00,0x02,0x00,0x00,0x04,0x00,0x7d,0xff,0xfb,0xff,0xff,0xff,0xff,0xff,0xff,
    0xff,0xff,0xff,0xff,0xff,0xff,0xff,0xff,0xff,0xff,0xff,0xff,0xff,0xff,0xff,0xff,
    0xff,0xff,0xff,0xff,0xff,0xff,0xff,0xff,0xff,0xff,0xff,0xff,0xff,0xff,0xff,0xff,
    0xff,0xff,0xff,0xff,0xff,0xff,0xff,0xff,0xff,0xff,0xff,0xff,0xff,0xff,0xff,0xff,
    0xff,0xff,0xff,0xff,0xff,0xff,0xff,0xff,0xff,0xff,0xff,0xff,0xff,0xff,0xff,0xff,
    0xff,0xff,0xff,0xff,0xff,0xff,0xff,0xff,0xff,0xff,0xff,0xff,0xff,0xff,0xff,0xff,
    0xff,0xff,0xff,0xff,0xff,0xff,0xff,0xff,0xff,0xff,0xff,0xff,0xff,0xff,0xff,0xff,
    0xff,0xff,0xff,0xff,0xff,0xff,0xff,0xff,0xff,0xff,0xff,0xff,0xff,0xff,0xff,0xff,
    0xff,0xff,0xff,0xff,0xff,0xff,0xff,0xff,0xff,0xff,0xff,0xff,0xff,0xff,0xff,0xff,
    0xff,0xff,0xff,0xff,0xff,0xff,0xff,0xff,0xfb,0xff,0x7c,0x00,0x04,0x00,0x01,0x00,
    0x01,0xd0,0xff,0xfd,0xff,0xff,0xff,0xff,0xff,0xff,0xff,0xff,0xff,0xff,0xff,0xff,
    0xff,0xff,0xff,0xff,0xff,0xff,0xff,0xff,0xff,0xff,0xff,0xff,0xff,0xff,0xff,0xff,
    0xff,0xff,0xff,0xff,0xff,0xff,0xff,0xff,0xff,0xff,0xff,0xff,0xff,0xff,0xff,0xff,
    0xff,0xff,0xff,0xff,0xff,0xff,0xff,0xff,0xff,0xff,0xff,0xff,0xff,0xff,0xff,0xff,
    0xff,0xff,0xff,0xff,0xff,0xff,0xff,0xff,0xff,0xff,0xff,0xff,0xff,0xff,0xff,0xff,
    0xff,0xff,0xff,0xff,0xff,0xff,0xff,0xff,0xff,0xff,0xff,0xff,0xff,0xff,0xff,0xff,
    0xff,0xff,0xff,0xff,0xff,0xff,0xff,0xff,0xff,0xff,0xff,0xff,0xff,0xff,0xff,0xff,
    0xff,0xff,0xff,0xff,0xff,0xff,0xff,0xff,0xff,0xff,0xff,0xff,0xff,0xff,0xff,0xff,
    0xff,0xff,0xff,0xff,0xff,0xff,0xff,0xff,0xff,0xff,0xff,0xff,0xff,0xff,0xff,0xff,
    0xff,0xff,0xfd,0xff,0xcf,0x00,0x00,0x00,0x02,0x00,0x37,0xff,0xfe,0xfe,0xff,0xff,
    0xff,0xff,0xff,0xff,0xff,0xff,0xff,0xff,0xff,0xff,0xff,0xff,0xff,0xff,0xff,0xff,
    0xff,0xff,0xff,0xff,0xff,0xff,0xff,0xff,0xff,0xff,0xff,0xff,0xff,0xff,0xff,0xff,
    0xff,0xff,0xff,0xff,0xff,0xff,0xff,0xff,0xff,0xff,0xff,0xff,0xff,0xff,0xff,0xff,
    0xff,0xff,0xff,0xff,0xff,0xff,0xff,0xff,0xff,0xff,0xff,0xff,0xff,0xff,0xff,0xff,
    0xff,0xff,0xff,0xff,0xff,0xff,0xff,0xff,0xff,0xff,0xff,0xff,0xff,0xff,0xff,0xff,
    0xff,0xff,0xff,0xff,0xff,0xff,0xff,0xff,0xff,0xff,0xff,0xff,0xff,0xff,0xff,0xff,
    0xff,0xff,0xff,0xff,0xff,0xff,0xff,0xff,0xff,0xff,0xff,0xff,0xff,0xff,0xff,0xff,
    0xff,0xff,0xff,0xff,0xff,0xff,0xff,0xff,0xff,0xff,0xff,0xff,0xff,0xff,0xff,0xff,
    0xff,0xff,0xff,0xff,0xff,0xff,0xff,0xff,0xff,0xff,0xff,0xff,0xfe,0xfe,0xff,0x36,
    0x00,0x02,0x04,0x00,0x84,0xff,0xfb,0xff,0xff,0xff,0xff,0xff,0xff,0xff,0xff,0xff,
    0xff,0xff,0xff,0xff,0xff,0xff,0xff,0xff,0xff,0xff,0xff,0xff,0xff,0xff,0xff,0xff,
    0xff,0xff,0xff,0xff,0xff,0xff,0xff,0xff,0xff,0xff,0xff,0xff,0xff,0xff,0xff,0xff,
    0xff,0xff,0xff,0xff,0xff,0xff,0xff,0xff,0xff,0xff,0xff,0xff,0xff,0xff,0xff,0xff,
    0xff,0xff,0xff,0xff,0xff,0xff,0xff,0xff,0xff,0xff,0xff,0xff,0xff,0xff,0xff,0xff,
    0xff,0xff,0xff,0xff,0xff,0xff,0xff,0xff,0xff,0xff,0xff,0xff,0xff,0xff,0xff,0xff,
    0xff,0xff,0xff,0xff,0xff,0xff,0xff,0xff,0xff,0xff,0xff,0xff,0xff,0xff,0xff,0xff,
    0xff,0xff,0xff,0xff,0xff,0xff,0xff,0xff,0xff,0xff,0xff,0xff,0xff,0xff,0xff,0xff,
    0xff,0xff,0xff,0xff,0xff,0xff,0xff,0xff,0xff,0xff,0xff,0xff,0xff,0xff,0xff,0xff,
    0xff,0xff,0xff,0xff,0xff,0xff,0xff,0xfb,0xff,0x82,0x00,0x04,0x00,0x00,0xca,0xff,
    0xfc,0xff,0xff,0xff,0xff,0xff,0xff,0xff,0xff,0xff,0xff,0xff,0xff,0xff,0xff,0xff,
    0xff,0xff,0xff,0xff,0xff,0xff,0xff,0xff,0xff,0xff,0xff,0xff,0xff,0xff,0xff,0xff,
    0xff,0xff,0xff,0xff,0xff,0xff,0xff,0xff,0xff,0xff,0xff,0xff,0xff,0xff,0xff,0xff,
    0xff,0xff,0xff,0xff,0xff,0xff,0xff,0xff,0xff,0xff,0xff,0xff,0xff,0xff,0xff,0xff,
    0xff,0xff,0xff,0xff,0xff,0xff,0xff,0xff,0xff,0xff,0xff,0xff,0xff,0xff,0xff,0xff,
    0xff,0xff,0xff,0xff,0xff,0xff,0xff,0xff,0xff,0xff,0xff,0xff,0xff,0xff,0xff,0xff,
    0xff,0xff,0xff,0xff,0xff,0xff,0xff,0xff,0xff,0xff,0xff,0xff,0xff,0xff,0xff,0xff,
    0xff,0xff,0xff,0xff,0xff,0xff,0xff,0xff,0xff,0xff,0xff,0xff,0xff,0xff,0xff,0xff,
    0xff,0xff,0xff,0xff,0xff,0xff,0xff,0xff,0xff,0xff,0xff,0xff,0xff,0xff,0xff,0xff,
    0xff,0xfc,0xff,0xc9,0x00,0x00,0x00,0x26,0xf9,0xff,0xfe,0xff,0xff,0xff,0xff,0xff,
    0xff,0xff,0xff,0xff,0xff,0xff,0xff,0xff,0xff,0xff,0xff,0xff,0xff,0xff,0xff,0xff,
    0xff,0xff,0xff,0xff,0xff,0xff,0xff,0xff,0xff,0xff,0xff,0xff,0xff,0xff,0xff,0xff,
    0xff,0xff,0xff,0xff,0xff,0xff,0xff,0xff,0xff,0xff,0xff,0xff,0xff,0xff,0xff,0xff,
    0xff,0xff,0xff,0xff,0xff,0xff,0xff,0xff,0xff,0xff,0xff,0xff,0xff,0xff,0xff,0xff,
    0xff,0xff,0xff,0xff,0xff,0xff,0xff,0xff,0xff,0xff,0xff,0xff,0xff,0xff,0xff,0xff,
    0xff,0xff,0xff,0xff,0xff,0xff,0xff,0xff,0xff,0xff,0xff,0xff,0xff,0xff,0xff,0xff,
    0xff,0xff,0xff,0xff,0xff,0xff,0xff,0xff,0xff,0xff,0xff,0xff,0xff,0xff,0xff,0xff,
    0xff,0xff,0xff,0xff,0xff,0xff,0xff,0xff,0xff,0xff,0xff,0xff,0xff,0xff,0xff,0xff,
    0xff,0xff,0xff,0xff,0xff,0xff,0xff,0xff,0xff,0xff,0xff,0xfe,0xff,0xf8,0x25,0x00,
    0x00,0x61,0xff,0xfc,0xff,0xff,0xff,0xff,0xff,0xff,0xff,0xff,0xff,0xff,0xff,0xff,
    0xff,0xff,0xff,0xff,0xff,0xff,0xff,0xff,0xff,0xff,0xff,0xff,0xff,0xff,0xff,0xff,
    0xff,0xff,0xff,0xff,0xff,0xff,0xff,0xff,0xff,0xff,0xff,0xff,0xff,0xff,0xff,0xff,
    0xff,0xff,0xff,0xff,0xff,0xff,0xff,0xff,0xff,0xff,0xff,0xff,0xff,0xff,0xff,0xff,
    0xff,0xff,0xff,0xff,0xff,0xff,0xff,0xff,0xff,0xff,0xff,0xff,0xff,0xff,0xff,0xff,
    0xff,0xff,0xff,0xff,0xff,0xff,0xff,0xff,0xff,0xff,0xff,0xff,0xff,0xff,0xff,0xff,
    0xff,0xff,0xff,0xff,0xff,0xff,0xff,0xff,0xff,0xff,0xff,0xff,0xff,0xff,0xff,0xff,
    0xff,0xff,0xff,0xff,0xff,0xff,0xff,0xff,0xff,0xff,0xff,0xff,0xff,0xff,0xff,0xff,
    0xff,0xff,0xff,0xff,0xff,0xff,0xff,0xff,0xff,0xff,0xff,0xff,0xff,0xff,0xff,0xff,
    0xff,0xff,0xff,0xff,0xff,0xff,0xfc,0xff,0x60,0x00,0x00,0x9c,0xff,0xfb,0xff,0xff,
    0xff,0xff,0xff,0xff,0xff,0xff,0xff,0xff,0xff,0xff,0xff,0xff,0xff,0xff,0xff,0xff,
    0xff,0xff,0xff,0xff,0xff,0xff,0xff,0xff,0xff,0xff,0xff,0xff,0xff,0xff,0xff,0xff,
    0xff,0xff,0xff,0xff,0xff,0xff,0xff,0xff,0xff,0xff,0xff,0xff,0xff,0xff,0xff,0xff,
    0xff,0xff,0xff,0xff,0xff,0xff,0xff,0xff,0xff,0xff,0xff,0xff,0xff,0xff,0xff,0xff,
    0xff,0xff,0xff,0xff,0xff,0xff,0xff,0xff,0xff,0xff,0xff,0xff,0xff,0xff,0xff,0xff,
    0xff,0xff,0xff,0xff,0xff,0xff,0xff,0xff,0xff,0xff,0xff,0xff,0xff,0xff,0xff,0xff,
    0xff,0xff,0xff,0xff,0xff,0xff,0xff,0xff,0xff,0xff,0xff,0xff,0xff,0xff,0xff,0xff,
    0xff,0xff,0xff,0xff,0xff,0xff,0xff,0xff,0xff,0xff,0xff,0xff,0xff,0xff,0xff,0xff,
    0xff,0xff,0xff,0xff,0xff,0xff,0xff,0xff,0xff,0xff,0xff,0xff,0xff,0xff,0xff,0xff,
    0xfb,0xff,0x9b,0x00,0x00,0xd0,0xff,0xfc,0xff,0xff,0xff,0xff,0xff,0xff,0xff,0xff,
    0xff,0xff,0xff,0xff,0xff,0xff,0xff,0xff,0xff,0xff,0xff,0xff,0xff,0xff,0xff,0xff,
    0xff,0xff,0xff,0xff,0xff,0xff,0xff,0xff,0xff,0xff,0xff,0xff,0xff,0xff,0xff,0xff,
    0xff,0xff,0xff,0xff,0xff,0xff,0xff,0xff,0xff,0xff,0xff,0xff,0xff,0xff,0xff,0xff,
    0xff,0xff,0xff,0xff,0xff,0xff,0xff,0xff,0xff,0xff,0xff,0xff,0xff,0xff,0xff,0xff,
    0xff,0xff,0xff,0xff,0xff,0xff,0xff,0xff,0xff,0xff,0xff,0xff,0xff,0xff,0xff,0xff,
    0xff,0xff,0xff,0xff,0xff,0xff,0xff,0xff,0xff,0xff,0xff,0xff,0xff,0xff,0xff,0xff,
    0xff,0xff,0xff,0xff,0xff,0xff,0xff,0xff,0xff,0xff,0xff,0xff,0xff,0xff,0xff,0xff,
    0xff,0xff,0xff,0xff,0xff,0xff,0xff,0xff,0xff,0xff,0xff,0xff,0xff,0xff,0xff,0xff,
    0xff,0xff,0xff,0xff,0xff,0xff,0xff,0xff,0xff,0xff,0xfc,0xff,0xcf,0x00,0x1a,0xf3,
    0xff,0xfe,0xff,0xff,0xff,0xff,0xff,0xff,0xff,0xff,0xff,0xff,0xff,0xff,0xff,0xff,
    0xff,0xff,0xff,0xff,0xff,0xff,0xff,0xff,0xff,0xff,0xff,0xff,0xff,0xff,0xff,0xff,
    0xff,0xff,0xff,0xff,0xff,0xff,0xff,0xff,0xff,0xff,0xff,0xff,0xff,0xff,0xff,0xff,
    0xff,0xff,0xff,0xff,0xff,0xff,0xff,0xff,0xff,0xff,0xff,0xff,0xff,0xff,0xff,0xff,
    0xff,0xff,0xff,0xff,0xff,0xff,0xff,0xff,0xff,0xff,0xff,0xff,0xff,0xff,0xff,0xff,
    0xff,0xff,0xff,0xff,0xff,0xff,0xff,0xff,0xff,0xff,0xff,0xff,0xff,0xff,0xff,0xff,
    0xff,0xff,0xff,0xff,0xff,0xff,0xff,0xff,0xff,0xff,0xff,0xff,0xff,0xff,0xff,0xff,
    0xff,0xff,0xff,0xff,0xff,0xff,0xff,0xff,0xff,0xff,0xff,0xff,0xff,0xff,0xff,0xff,
    0xff,0xff,0xff,0xff,0xff,0xff,0xff,0xff,0xff,0xff,0xff,0xff,0xff,0xff,0xff,0xff,
    0xff,0xff,0xff,0xff,0xfe,0xff,0xf2,0x19,0x3d,0xff,0xfe,0xfe,0xff,0xff,0xff,0xff,
    0xff,0xff,0xff,0xff,0xff,0xff,0xff,0xff,0xff,0xff,0xff,0xff,0xff,0xff,0xff,0xff,
    0xff,0xff,0xff,0xff,0xff,0xff,0xff,0xff,0xff,0xff,0xff,0xff,0xff,0xff,0xff,0xff,
    0xff,0xff,0xff,0xff,0xff,0xff,0xff,0xff,0xff,0xff,0xff,0xff,0xff,0xff,0xff,0xff,
    0xff,0xff,0xff,0xff,0xff,0xff,0xff,0xff,0xff,0xff,0xff,0xff,0xff,0xff,0xff,0xff,
    0xff,0xff,0xff,0xff,0xff,0xff,0xff,0xff,0xff,0xff,0xff,0xff,0xff,0xff,0xff,0xff,
    0xff,0xff,0xff,0xff,0xff,0xff,0xff,0xff,0xff,0xff,0xff,0xff,0xff,0xff,0xff,0xff,
    0xff,0xff,0xff,0xff,0xff,0xff,0xff,0xff,0xff,0xff,0xff,0xff,0xff,0xff,0xff,0xff,
    0xff,0xff,0xff,0xff,0xff,0xff,0xff,0xff,0xff,0xff,0xff,0xff,0xff,0xff,0xff,0xff,
    0xff,0xff,0xff,0xff,0xff,0xff,0xff,0xff,0xff,0xff,0xff,0xff,0xff,0xff,0xfe,0xfe,
    0xff,0x3c,0x64,0xff,0xfb,0xff,0xff,0xff,0xff,0xff,0xff,0xff,0xff,0xff,0xff,0xff,
    0xff,0xff,0xff,0xff,0xff,0xff,0xff,0xff,0xff,0xff,0xff,0xff,0xff,0xff,0xff,0xff,
    0xff,0xff,0xff,0xff,0xff,0xff,0xff,0xff,0xff,0xff,0xff,0xff,0xff,0xff,0xff,0xff,
    0xff,0xff,0xff,0xff,0xff,0xff,0xff,0xff,0xff,0xff,0xff,0xff,0xff,0xff,0xff,0xff,
    0xff,0xff,0xff,0xff,0xff,0xff,0xff,0xff,0xff,0xff,0xff,0xff,0xff,0xff,0xff,0xff,
    0xff,0xff,0xff,0xff,0xff,0xff,0xff,0xff,0xff,0xff,0xff,0xff,0xff,0xff,0xff,0xff,
    0xff,0xff,0xff,0xff,0xff,0xff,0xff,0xff,0xff,0xff,0xff,0xff,0xff,0xff,0xff,0xff,
    0xff,0xff,0xff,0xff,0xff,0xff,0xff,0xff,0xff,0xff,0xff,0xff,0xff,0xff,0xff,0xff,
    0xff,0xff,0xff,0xff,0xff,0xff,0xff,0xff,0xff,0xff,0xff,0xff,0xff,0xff,0xff,0xff,
    0xff,0xff,0xff,0xff,0xff,0xff,0xff,0xff,0xff,0xfb,0xff,0x63,0x86,0xff,0xfb,0xff,
    0xff,0xff,0xff,0xff,0xff,0xff,0xff,0xff,0xff,0xff,0xff,0xff,0xff,0xff,0xff,0xff,
    0xff,0xff,0xff,0xff,0xff,0xff,0xff,0xff,0xff,0xff,0xff,0xff,0xff,0xff,0xff,0xff,
    0xff,0xff,0xff,0xff,0xff,0xff,0xff,0xff,0xff,0xff,0xff,0xff,0xff,0xff,0xff,0xff,
    0xff,0xff,0xff,0xff,0xff,0xff,0xff,0xff,0xff,0xff,0xff,0xff,0xff,0xff,0xff,0xff,
    0xff,0xff,0xff,0xff,0xff,0xff,0xff,0xff,0xff,0xff,0xff,0xff,0xff,0xff,0xff,0xff,
    0xff,0xff,0xff,0xff,0xff,0xff,0xff,0xff,0xff,0xff,0xff,0xff,0xff,0xff,0xff,0xff,
    0xff,0xff,0xff,0xff,0xff,0xff,0xff,0xff,0xff,0xff,0xff,0xff,0xff,0xff,0xff,0xff,
    0xff,0xff,0xff,0xff,0xff,0xff,0xff,0xff,0xff,0xff,0xff,0xff,0xff,0xff,0xff,0xff,
    0xff,0xff,0xff,0xff,0xff,0xff,0xff,0xff,0xff,0xff,0xff,0xff,0xff,0xff,0xff,0xff,
    0xff,0xff,0xff,0xfb,0xff,0x85,0xa7,0xff,0xfb,0xff,0xff,0xff,0xff,0xff,0xff,0xff,
    0xff,0xff,0xff,0xff,0xff,0xff,0xff,0xff,0xff,0xff,0xff,0xff,0xff,0xff,0xff,0xff,
    0xff,0xff,0xff,0xff,0xff,0xff,0xff,0xff,0xff,0xff,0xff,0xff,0xff,0xff,0xff,0xff,
    0xff,0xff,0xff,0xff,0xff,0xff,0xff,0xff,0xff,0xff,0xff,0xff,0xff,0xff,0xff,0xff,
    0xff,0xff,0xff,0xff,0xff,0xff,0xff,0xff,0xff,0xff,0xff,0xff,0xff,0xff,0xff,0xff,
    0xff,0xff,0xff,0xff,0xff,0xff,0xff,0xff,0xff,0xff,0xff,0xff,0xff,0xff,0xff,0xff,
    0xff,0xff,0xff,0xff,0xff,0xff,0xff,0xff,0xff,0xff,0xff,0xff,0xff,0xff,0xff,0xff,
    0xff,0xff,0xff,0xff,0xff,0xff,0xff,0xff,0xff,0xff,0xff,0xff,0xff,0xff,0xff,0xff,
    0xff,0xff,0xff,0xff,0xff,0xff,0xff,0xff,0xff,0xff,0xff,0xff,0xff,0xff,0xff,0xff,
    0xff,0xff,0xff,0xff,0xff,0xff,0xff,0xff,0xff,0xff,0xff,0xff,0xff,0xfb,0xff,0xa6,
    0xc1,0xff,0xfc,0xff,0xff,0xff,0xff,0xff,0xff,0xff,0xff,0xff,0xff,0xff,0xff,0xff,
    0xff,0xff,0xff,0xff,0xff,0xff,0xff,0xff,0xff,0xff,0xff,0xff,0xff,0xff,0xff,0xff,
    0xff,0xff,0xff,0xff,0xff,0xff,0xff,0xff,0xff,0xff,0xff,0xff,0xff,0xff,0xff,0xff,
    0xff,0xff,0xff,0xff,0xff,0xff,0xff,0xff,0xff,0xff,0xff,0xff,0xff,0xff,0xff,0xff,
    0xff,0xff,0xff,0xff,0xff,0xff,0xff,0xff,0xff,0xff,0xff,0xff,0xff,0xff,0xff,0xff,
    0xff,0xff,0xff,0xff,0xff,0xff,0xff,0xff,0xff,0xff,0xff,0xff,0xff,0xff,0xff,0xff,
    0xff,0xff,0xff,0xff,0xff,0xff,0xff,0xff,0xff,0xff,0xff,0xff,0xff,0xff,0xff,0xff,
    0xff,0xff,0xff,0xff,0xff,0xff,0xff,0xff,0xff,0xff,0xff,0xff,0xff,0xff,0xff,0xff,
    0xff,0xff,0xff,0xff,0xff,0xff,0xff,0xff,0xff,0xff,0xff,0xff,0xff,0xff,0xff,0xff,
    0xff,0xff,0xff,0xff,0xff,0xff,0xff,0xfc,0xff,0xc0,0xd8,0xff,0xfd,0xff,0xff,0xff,
    0xff,0xff,0xff,0xff,0xff,0xff,0xff,0xff,0xff,0xff,0xff,0xff,0xff,0xff,0xff,0xff,
    0xff,0xff,0xff,0xff,0xff,0xff,0xff,0xff,0xff,0xff,0xff,0xff,0xff,0xff,0xff,0xff,
    0xff,0xff,0xff,0xff,0xff,0xff,0xff,0xff,0xff,0xff,0xff,0xff,0xff,0xff,0xff,0xff,
    0xff,0xff,0xff,0xff,0xff,0xff,0xff,0xff,0xff,0xff,0xff,0xff,0xff,0xff,0xff,0xff,
    0xff,0xff,0xff,0xff,0xff,0xff,0xff,0xff,0xff,0xff,0xff,0xff,0xff,0xff,0xff,0xff,
    0xff,0xff,0xff,0xff,0xff,0xff,0xff,0xff,0xff,0xff,0xff,0xff,0xff,0xff,0xff,0xff,
    0xff,0xff,0xff,0xff,0xff,0xff,0xff,0xff,0xff,0xff,0xff,0xff,0xff,0xff,0xff,0xff,
    0xff,0xff,0xff,0xff,0xff,0xff,0xff,0xff,0xff,0xff,0xff,0xff,0xff,0xff,0xff,0xff,
    0xff,0xff,0xff,0xff,0xff,0xff,0xff,0xff,0xff,0xff,0xff,0xff,0xff,0xff,0xff,0xff,
    0xff,0xfd,0xff,0xd6,0xe8,0xff,0xfe,0xff,0xff,0xff,0xff,0xff,0xff,0xff,0xff,0xff,
    0xff,0xff,0xff,0xff,0xff,0xff,0xff,0xff,0xff,0xff,0xff,0xff,0xff,0xff,0xff,0xff,
    0xff,0xff,0xff,0xff,0xff,0xff,0xff,0xff,0xff,0xff,0xff,0xff,0xff,0xff,0xff,0xff,
    0xff,0xff,0xff,0xff,0xff,0xff,0xff,0xff,0xff,0xff,0xff,0xff,0xff,0xff,0xff,0xff,
    0xff,0xff,0xff,0xff,0xff,0xff,0xff,0xff,0xff,0xff,0xff,0xff,0xff,0xff,0xff,0xff,
    0xff,0xff,0xff,0xff,0xff,0xff,0xff,0xff,0xff,0xff,0xff,0xff,0xff,0xff,0xff,0xff,
    0xff,0xff,0xff,0xff,0xff,0xff,0xff,0xff,0xff,0xff,0xff,0xff,0xff,0xff,0xff,0xff,
    0xff,0xff,0xff,0xff,0xff,0xff,0xff,0xff,0xff,0xff,0xff,0xff,0xff,0xff,0xff,0xff,
    0xff,0xff,0xff,0xff,0xff,0xff,0xff,0xff,0xff,0xff,0xff,0xff,0xff,0xff,0xff,0xff,
    0xff,0xff,0xff,0xff,0xff,0xff,0xff,0xff,0xff,0xff,0xff,0xfe,0xff,0xe8,0xf4,0xff,
    0xfe,0xff,0xff,0xff,0xff,0xff,0xff,0xff,0xff,0xff,0xff,0xff,0xff,0xff,0xff,0xff,
    0xff,0xff,0xff,0xff,0xff,0xff,0xff,0xff,0xff,0xff,0xff,0xff,0xff,0xff,0xff,0xff,
    0xff,0xff,0xff,0xff,0xff,0xff,0xff,0xff,0xff,0xff,0xff,0xff,0xff,0xff,0xff,0xff,
    0xff,0xff,0xff,0xff,0xff,0xff,0xff,0xff,0xff,0xff,0xff,0xff,0xff,0xff,0xff,0xff,
    0xff,0xff,0xff,0xff,0xff,0xff,0xff,0xff,0xff,0xff,0xff,0xff,0xff,0xff,0xff,0xff,
    0xff,0xff,0xff,0xff,0xff,0xff,0xff,0xff,0xff,0xff,0xff,0xff,0xff,0xff,0xff,0xff,
    0xff,0xff,0xff,0xff,0xff,0xff,0xff,0xff,0xff,0xff,0xff,0xff,0xff,0xff,0xff,0xff,
    0xff,0xff,0xff,0xff,0xff,0xff,0xff,0xff,0xff,0xff,0xff,0xff,0xff,0xff,0xff,0xff,
    0xff,0xff,0xff,0xff,0xff,0xff,0xff,0xff,0xff,0xff,0xff,0xff,0xff,0xff,0xff,0xff,
    0xff,0xff,0xff,0xff,0xff,0xfe,0xff,0xf4,0xfb,0xff,0xff,0xff,0xff,0xff,0xff,0xff,
    0xff,0xff,0xff,0xff,0xff,0xff,0xff,0xff,0xff,0xff,0xff,0xff,0xff,0xff,0xff,0xff,
    0xff,0xff,0xff,0xff,0xff,0xff,0xff,0xff,0xff,0xff,0xff,0xff,0xff,0xff,0xff,0xff,
    0xff,0xff,0xff,0xff,0xff,0xff,0xff,0xff,0xff,0xff,0xff,0xff,0xff,0xff,0xff,0xff,
    0xff,0xff,0xff,0xff,0xff,0xff,0xff,0xff,0xff,0xff,0xff,0xff,0xff,0xff,0xff,0xff,
    0xff,0xff,0xff,0xff,0xff,0xff,0xff,0xff,0xff,0xff,0xff,0xff,0xff,0xff,0xff,0xff,
    0xff,0xff,0xff,0xff,0xff,0xff,0xff,0xff,0xff,0xff,0xff,0xff,0xff,0xff,0xff,0xff,
    0xff,0xff,0xff,0xff,0xff,0xff,0xff,0xff,0xff,0xff,0xff,0xff,0xff,0xff,0xff,0xff,
    0xff,0xff,0xff,0xff,0xff,0xff,0xff,0xff,0xff,0xff,0xff,0xff,0xff,0xff,0xff,0xff,
    0xff,0xff,0xff,0xff,0xff,0xff,0xff,0xff,0xff,0xff,0xff,0xff,0xff,0xff,0xff,0xff,
    0xff,0xfb,0xfe,0xff,0xff,0xff,0xff,0xff,0xff,0xff,0xff,0xff,0xff,0xff,0xff,0xff,
    0xff,0xff,0xff,0xff,0xff,0xff,0xff,0xff,0xff,0xff,0xff,0xff,0xff,0xff,0xff,0xff,
    0xff,0xff,0xff,0xff,0xff,0xff,0xff,0xff,0xff,0xff,0xff,0xff,0xff,0xff,0xff,0xff,
    0xff,0xff,0xff,0xff,0xff,0xff,0xff,0xff,0xff,0xff,0xff,0xff,0xff,0xff,0xff,0xff,
    0xff,0xff,0xff,0xff,0xff,0xff,0xff,0xff,0xff,0xff,0xff,0xff,0xff,0xff,0xff,0xff,
    0xff,0xff,0xff,0xff,0xff,0xff,0xff,0xff,0xff,0xff,0xff,0xff,0xff,0xff,0xff,0xff,
    0xff,0xff,0xff,0xff,0xff,0xff,0xff,0xff,0xff,0xff,0xff,0xff,0xff,0xff,0xff,0xff,
    0xff,0xff,0xff,0xff,0xff,0xff,0xff,0xff,0xff,0xff,0xff,0xff,0xff,0xff,0xff,0xff,
    0xff,0xff,0xff,0xff,0xff,0xff,0xff,0xff,0xff,0xff,0xff,0xff,0xff,0xff,0xff,0xff,
    0xff,0xff,0xff,0xff,0xff,0xff,0xff,0xff,0xff,0xff,0xff,0xfe,0xfb,0xff,0xff,0xff,
    0xff,0xff,0xff,0xff,0xff,0xff,0xff,0xff,0xff,0xff,0xff,0xff,0xff,0xff,0xff,0xff,
    0xff,0xff,0xff,0xff,0xff,0xff,0xff,0xff,0xff,0xff,0xff,0xff,0xff,0xff,0xff,0xff,
    0xff,0xff,0xff,0xff,0xff,0xff,0xff,0xff,0xff,0xff,0xff,0xff,0xff,0xff,0xff,0xff,
    0xff,0xff,0xff,0xff,0xff,0xff,0xff,0xff,0xff,0xff,0xff,0xff,0xff,0xff,0xff,0xff,
    0xff,0xff,0xff,0xff,0xff,0xff,0xff,0xff,0xff,0xff,0xff,0xff,0xff,0xff,0xff,0xff,
    0xff,0xff,0xff,0xff,0xff,0xff,0xff,0xff,0xff,0xff,0xff,0xff,0xff,0xff,0xff,0xff,
    0xff,0xff,0xff,0xff,0xff,0xff,0xff,0xff,0xff,0xff,0xff,0xff,0xff,0xff,0xff,0xff,
    0xff,0xff,0xff,0xff,0xff,0xff,0xff,0xff,0xff,0xff,0xff,0xff,0xff,0xff,0xff,0xff,
    0xff,0xff,0xff,0xff,0xff,0xff,0xff,0xff,0xff,0xff,0xff,0xff,0xff,0xff,0xff,0xff,
    0xff,0xff,0xff,0xff,0xff,0xfb,0xf4,0xff,0xfe,0xff,0xff,0xff,0xff,0xff,0xff,0xff,
    0xff,0xff,0xff,0xff,0xff,0xff,0xff,0xff,0xff,0xff,0xff,0xff,0xff,0xff,0xff,0xff,
    0xff,0xff,0xff,0xff,0xff,0xff,0xff,0xff,0xff,0xff,0xff,0xff,0xff,0xff,0xff,0xff,
    0xff,0xff,0xff,0xff,0xff,0xff,0xff,0xff,0xff,0xff,0xff,0xff,0xff,0xff,0xff,0xff,
    0xff,0xff,0xff,0xff,0xff,0xff,0xff,0xff,0xff,0xff,0xff,0xff,0xff,0xff,0xff,0xff,
    0xff,0xff,0xff,0xff,0xff,0xff,0xff,0xff,0xff,0xff,0xff,0xff,0xff,0xff,0xff,0xff,
    0xff,0xff,0xff,0xff,0xff,0xff,0xff,0xff,0xff,0xff,0xff,0xff,0xff,0xff,0xff,0xff,
    0xff,0xff,0xff,0xff,0xff,0xff,0xff,0xff,0xff,0xff,0xff,0xff,0xff,0xff,0xff,0xff,
    0xff,0xff,0xff,0xff,0xff,0xff,0xff,0xff,0xff,0xff,0xff,0xff,0xff,0xff,0xff,0xff,
    0xff,0xff,0xff,0xff,0xff,0xff,0xff,0xff,0xff,0xff,0xff,0xff,0xff,0xfe,0xff,0xf4,
    0xe8,0xff,0xfe,0xff,0xff,0xff,0xff,0xff,0xff,0xff,0xff,0xff,0xff,0xff,0xff,0xff,
    0xff,0xff,0xff,0xff,0xff,0xff,0xff,0xff,0xff,0xff,0xff,0xff,0xff,0xff,0xff,0xff,
    0xff,0xff,0xff,0xff,0xff,0xff,0xff,0xff,0xff,0xff,0xff,0xff,0xff,0xff,0xff,0xff,
    0xff,0xff,0xff,0xff,0xff,0xff,0xff,0xff,0xff,0xff,0xff,0xff,0xff,0xff,0xff,0xff,
    0xff,0xff,0xff,0xff,0xff,0xff,0xff,0xff,0xff,0xff,0xff,0xff,0xff,0xff,0xff,0xff,
    0xff,0xff,0xff,0xff,0xff,0xff,0xff,0xff,0xff,0xff,0xff,0xff,0xff,0xff,0xff,0xff,
    0xff,0xff,0xff,0xff,0xff,0xff,0xff,0xff,0xff,0xff,0xff,0xff,0xff,0xff,0xff,0xff,
    0xff,0xff,0xff,0xff,0xff,0xff,0xff,0xff,0xff,0xff,0xff,0xff,0xff,0xff,0xff,0xff,
    0xff,0xff,0xff,0xff,0xff,0xff,0xff,0xff,0xff,0xff,0xff,0xff,0xff,0xff,0xff,0xff,
    0xff,0xff,0xff,0xff,0xff,0xff,0xff,0xfe,0xff,0xe8,0xd7,0xff,0xfd,0xff,0xff,0xff,
    0xff,0xff,0xff,0xff,0xff,0xff,0xff,0xff,0xff,0xff,0xff,0xff,0xff,0xff,0xff,0xff,
    0xff,0xff,0xff,0xff,0xff,0xff,0xff,0xff,0xff,0xff,0xff,0xff,0xff,0xff,0xff,0xff,
    0xff,0xff,0xff,0xff,0xff,0xff,0xff,0xff,0xff,0xff,0xff,0xff,0xff,0xff,0xff,0xff,
    0xff,0xff,0xff,0xff,0xff,0xff,0xff,0xff,0xff,0xff,0xff,0xff,0xff,0xff,0xff,0xff,
    0xff,0xff,0xff,0xff,0xff,0xff,0xff,0xff,0xff,0xff,0xff,0xff,0xff,0xff,0xff,0xff,
    0xff,0xff,0xff,0xff,0xff,0xff,0xff,0xff,0xff,0xff,0xff,0xff,0xff,0xff,0xff,0xff,
    0xff,0xff,0xff,0xff,0xff,0xff,0xff,0xff,0xff,0xff,0xff,0xff,0xff,0xff,0xff,0xff,
    0xff,0xff,0xff,0xff,0xff,0xff,0xff,0xff,0xff,0xff,0xff,0xff,0xff,0xff,0xff,0xff,
    0xff,0xff,0xff,0xff,0xff,0xff,0xff,0xff,0xff,0xff,0xff,0xff,0xff,0xff,0xff,0xff,
    0xff,0xfd,0xff,0xd6,0xc1,0xff,0xfc,0xff,0xff,0xff,0xff,0xff,0xff,0xff,0xff,0xff,
    0xff,0xff,0xff,0xff,0xff,0xff,0xff,0xff,0xff,0xff,0xff,0xff,0xff,0xff,0xff,0xff,
    0xff,0xff,0xff,0xff,0xff,0xff,0xff,0xff,0xff,0xff,0xff,0xff,0xff,0xff,0xff,0xff,
    0xff,0xff,0xff,0xff,0xff,0xff,0xff,0xff,0xff,0xff,0xff,0xff,0xff,0xff,0xff,0xff,
    0xff,0xff,0xff,0xff,0xff,0xff,0xff,0xff,0xff,0xff,0xff,0xff,0xff,0xff,0xff,0xff,
    0xff,0xff,0xff,0xff,0xff,0xff,0xff,0xff,0xff,0xff,0xff,0xff,0xff,0xff,0xff,0xff,
    0xff,0xff,0xff,0xff,0xff,0xff,0xff,0xff,0xff,0xff,0xff,0xff,0xff,0xff,0xff,0xff,
    0xff,0xff,0xff,0xff,0xff,0xff,0xff,0xff,0xff,0xff,0xff,0xff,0xff,0xff,0xff,0xff,
    0xff,0xff,0xff,0xff,0xff,0xff,0xff,0xff,0xff,0xff,0xff,0xff,0xff,0xff,0xff,0xff,
    0xff,0xff,0xff,0xff,0xff,0xff,0xff,0xff,0xff,0xff,0xff,0xfc,0xff,0xc0,0xa7,0xff,
    0xfb,0xff,0xff,0xff,0xff,0xff,0xff,0xff,0xff,0xff,0xff,0xff,0xff,0xff,0xff,0xff,
    0xff,0xff,0xff,0xff,0xff,0xff,0xff,0xff,0xff,0xff,0xff,0xff,0xff,0xff,0xff,0xff,
    0xff,0xff,0xff,0xff,0xff,0xff,0xff,0xff,0xff,0xff,0xff,0xff,0xff,0xff,0xff,0xff,
    0xff,0xff,0xff,0xff,0xff,0xff,0xff,0xff,0xff,0xff,0xff,0xff,0xff,0xff,0xff,0xff,
    0xff,0xff,0xff,0xff,0xff,0xff,0xff,0xff,0xff,0xff,0xff,0xff,0xff,0xff,0xff,0xff,
    0xff,0xff,0xff,0xff,0xff,0xff,0xff,0xff,0xff,0xff,0xff,0xff,0xff,0xff,0xff,0xff,
    0xff,0xff,0xff,0xff,0xff,0xff,0xff,0xff,0xff,0xff,0xff,0xff,0xff,0xff,0xff,0xff,
    0xff,0xff,0xff,0xff,0xff,0xff,0xff,0xff,0xff,0xff,0xff,0xff,0xff,0xff,0xff,0xff,
    0xff,0xff,0xff,0xff,0xff,0xff,0xff,0xff,0xff,0xff,0xff,0xff,0xff,0xff,0xff,0xff,
    0xff,0xff,0xff,0xff,0xff,0xfb,0xff,0xa6,0x86,0xff,0xfb,0xff,0xff,0xff,0xff,0xff,
    0xff,0xff,0xff,0xff,0xff,0xff,0xff,0xff,0xff,0xff,0xff,0xff,0xff,0xff,0xff,0xff,
    0xff,0xff,0xff,0xff,0xff,0xff,0xff,0xff,0xff,0xff,0xff,0xff,0xff,0xff,0xff,0xff,
    0xff,0xff,0xff,0xff,0xff,0xff,0xff,0xff,0xff,0xff,0xff,0xff,0xff,0xff,0xff,0xff,
    0xff,0xff,0xff,0xff,0xff,0xff,0xff,0xff,0xff,0xff,0xff,0xff,0xff,0xff,0xff,0xff,
    0xff,0xff,0xff,0xff,0xff,0xff,0xff,0xff,0xff,0xff,0xff,0xff,0xff,0xff,0xff,0xff,
    0xff,0xff,0xff,0xff,0xff,0xff,0xff,0xff,0xff,0xff,0xff,0xff,0xff,0xff,0xff,0xff,
    0xff,0xff,0xff,0xff,0xff,0xff,0xff,0xff,0xff,0xff,0xff,0xff,0xff,0xff,0xff,0xff,
    0xff,0xff,0xff,0xff,0xff,0xff,0xff,0xff,0xff,0xff,0xff,0xff,0xff,0xff,0xff,0xff,
    0xff,0xff,0xff,0xff,0xff,0xff,0xff,0xff,0xff,0xff,0xff,0xff,0xff,0xff,0xff,0xfb,
    0xff,0x85,0x63,0xff,0xfb,0xff,0xff,0xff,0xff,0xff,0xff,0xff,0xff,0xff,0xff,0xff,
    0xff,0xff,0xff,0xff,0xff,0xff,0xff,0xff,0xff,0xff,0xff,0xff,0xff,0xff,0xff,0xff,
    0xff,0xff,0xff,0xff,0xff,0xff,0xff,0xff,0xff,0xff,0xff,0xff,0xff,0xff,0xff,0xff,
    0xff,0xff,0xff,0xff,0xff,0xff,0xff,0xff,0xff,0xff,0xff,0xff,0xff,0xff,0xff,0xff,
    0xff,0xff,0xff,0xff,0xff,0xff,0xff,0xff,0xff,0xff,0xff,0xff,0xff,0xff,0xff,0xff,
    0xff,0xff,0xff,0xff,0xff,0xff,0xff,0xff,0xff,0xff,0xff,0xff,0xff,0xff,0xff,0xff,
    0xff,0xff,0xff,0xff,0xff,0xff,0xff,0xff,0xff,0xff,0xff,0xff,0xff,0xff,0xff,0xff,
    0xff,0xff,0xff,0xff,0xff,0xff,0xff,0xff,0xff,0xff,0xff,0xff,0xff,0xff,0xff,0xff,
    0xff,0xff,0xff,0xff,0xff,0xff,0xff,0xff,0xff,0xff,0xff,0xff,0xff,0xff,0xff,0xff,
    0xff,0xff,0xff,0xff,0xff,0xff,0xff,0xff,0xff,0xfb,0xff,0x62,0x3d,0xff,0xfe,0xfe,
    0xff,0xff,0xff,0xff,0xff,0xff,0xff,0xff,0xff,0xff,0xff,0xff,0xff,0xff,0xff,0xff,
    0xff,0xff,0xff,0xff,0xff,0xff,0xff,0xff,0xff,0xff,0xff,0xff,0xff,0xff,0xff,0xff,
    0xff,0xff,0xff,0xff,0xff,0xff,0xff,0xff,0xff,0xff,0xff,0xff,0xff,0xff,0xff,0xff,
    0xff,0xff,0xff,0xff,0xff,0xff,0xff,0xff,0xff,0xff,0xff,0xff,0xff,0xff,0xff,0xff,
    0xff,0xff,0xff,0xff,0xff,0xff,0xff,0xff,0xff,0xff,0xff,0xff,0xff,0xff,0xff,0xff,
    0xff,0xff,0xff,0xff,0xff,0xff,0xff,0xff,0xff,0xff,0xff,0xff,0xff,0xff,0xff,0xff,
    0xff,0xff,0xff,0xff,0xff,0xff,0xff,0xff,0xff,0xff,0xff,0xff,0xff,0xff,0xff,0xff,
    0xff,0xff,0xff,0xff,0xff,0xff,0xff,0xff,0xff,0xff,0xff,0xff,0xff,0xff,0xff,0xff,
    0xff,0xff,0xff,0xff,0xff,0xff,0xff,0xff,0xff,0xff,0xff,0xff,0xff,0xff,0xff,0xff,
    0xff,0xff,0xfe,0xfe,0xff,0x3c,0x1a,0xf3,0xff,0xfe,0xff,0xff,0xff,0xff,0xff,0xff,
    0xff,0xff,0xff,0xff,0xff,0xff,0xff,0xff,0xff,0xff,0xff,0xff,0xff,0xff,0xff,0xff,
    0xff,0xff,0xff,0xff,0xff,0xff,0xff,0xff,0xff,0xff,0xff,0xff,0xff,0xff,0xff,0xff,
    0xff,0xff,0xff,0xff,0xff,0xff,0xff,0xff,0xff,0xff,0xff,0xff,0xff,0xff,0xff,0xff,
    0xff,0xff,0xff,0xff,0xff,0xff,0xff,0xff,0xff,0xff,0xff,0xff,0xff,0xff,0xff,0xff,
    0xff,0xff,0xff,0xff,0xff,0xff,0xff,0xff,0xff,0xff,0xff,0xff,0xff,0xff,0xff,0xff,
    0xff,0xff,0xff,0xff,0xff,0xff,0xff,0xff,0xff,0xff,0xff,0xff,0xff,0xff,0xff,0xff,
    0xff,0xff,0xff,0xff,0xff,0xff,0xff,0xff,0xff,0xff,0xff,0xff,0xff,0xff,0xff,0xff,
    0xff,0xff,0xff,0xff,0xff,0xff,0xff,0xff,0xff,0xff,0xff,0xff,0xff,0xff,0xff,0xff,
    0xff,0xff,0xff,0xff,0xff,0xff,0xff,0xff,0xff,0xff,0xff,0xff,0xfe,0xff,0xf2,0x19,
    0x00,0xd0,0xff,0xfc,0xff,0xff,0xff,0xff,0xff,0xff,0xff,0xff,0xff,0xff,0xff,0xff,
    0xff,0xff,0xff,0xff,0xff,0xff,0xff,0xff,0xff,0xff,0xff,0xff,0xff,0xff,0xff,0xff,
    0xff,0xff,0xff,0xff,0xff,0xff,0xff,0xff,0xff,0xff,0xff,0xff,0xff,0xff,0xff,0xff,
    0xff,0xff,0xff,0xff,0xff,0xff,0xff,0xff,0xff,0xff,0xff,0xff,0xff,0xff,0xff,0xff,
    0xff,0xff,0xff,0xff,0xff,0xff,0xff,0xff,0xff,0xff,0xff,0xff,0xff,0xff,0xff,0xff,
    0xff,0xff,0xff,0xff,0xff,0xff,0xff,0xff,0xff,0xff,0xff,0xff,0xff,0xff,0xff,0xff,
    0xff,0xff,0xff,0xff,0xff,0xff,0xff,0xff,0xff,0xff,0xff,0xff,0xff,0xff,0xff,0xff,
    0xff,0xff,0xff,0xff,0xff,0xff,0xff,0xff,0xff,0xff,0xff,0xff,0xff,0xff,0xff,0xff,
    0xff,0xff,0xff,0xff,0xff,0xff,0xff,0xff,0xff,0xff,0xff,0xff,0xff,0xff,0xff,0xff,
    0xff,0xff,0xff,0xff,0xff,0xff,0xfc,0xff,0xcf,0x00,0x00,0x9c,0xff,0xfb,0xff,0xff,
    0xff,0xff,0xff,0xff,0xff,0xff,0xff,0xff,0xff,0xff,0xff,0xff,0xff,0xff,0xff,0xff,
    0xff,0xff,0xff,0xff,0xff,0xff,0xff,0xff,0xff,0xff,0xff,0xff,0xff,0xff,0xff,0xff,
    0xff,0xff,0xff,0xff,0xff,0xff,0xff,0xff,0xff,0xff,0xff,0xff,0xff,0xff,0xff,0xff,
    0xff,0xff,0xff,0xff,0xff,0xff,0xff,0xff,0xff,0xff,0xff,0xff,0xff,0xff,0xff,0xff,
    0xff,0xff,0xff,0xff,0xff,0xff,0xff,0xff,0xff,0xff,0xff,0xff,0xff,0xff,0xff,0xff,
    0xff,0xff,0xff,0xff,0xff,0xff,0xff,0xff,0xff,0xff,0xff,0xff,0xff,0xff,0xff,0xff,
    0xff,0xff,0xff,0xff,0xff,0xff,0xff,0xff,0xff,0xff,0xff,0xff,0xff,0xff,0xff,0xff,
    0xff,0xff,0xff,0xff,0xff,0xff,0xff,0xff,0xff,0xff,0xff,0xff,0xff,0xff,0xff,0xff,
    0xff,0xff,0xff,0xff,0xff,0xff,0xff,0xff,0xff,0xff,0xff,0xff,0xff,0xff,0xff,0xff,
    0xfb,0xff,0x9b,0x00,0x00,0x60,0xff,0xfc,0xff,0xff,0xff,0xff,0xff,0xff,0xff,0xff,
    0xff,0xff,0xff,0xff,0xff,0xff,0xff,0xff,0xff,0xff,0xff,0xff,0xff,0xff,0xff,0xff,
    0xff,0xff,0xff,0xff,0xff,0xff,0xff,0xff,0xff,0xff,0xff,0xff,0xff,0xff,0xff,0xff,
    0xff,0xff,0xff,0xff,0xff,0xff,0xff,0xff,0xff,0xff,0xff,0xff,0xff,0xff,0xff,0xff,
    0xff,0xff,0xff,0xff,0xff,0xff,0xff,0xff,0xff,0xff,0xff,0xff,0xff,0xff,0xff,0xff,
    0xff,0xff,0xff,0xff,0xff,0xff,0xff,0xff,0xff,0xff,0xff,0xff,0xff,0xff,0xff,0xff,
    0xff,0xff,0xff,0xff,0xff,0xff,0xff,0xff,0xff,0xff,0xff,0xff,0xff,0xff,0xff,0xff,
    0xff,0xff,0xff,0xff,0xff,0xff,0xff,0xff,0xff,0xff,0xff,0xff,0xff,0xff,0xff,0xff,
    0xff,0xff,0xff,0xff,0xff,0xff,0xff,0xff,0xff,0xff,0xff,0xff,0xff,0xff,0xff,0xff,
    0xff,0xff,0xff,0xff,0xff,0xff,0xff,0xff,0xff,0xff,0xfc,0xff,0x5f,0x00,0x00,0x25,
    0xf9,0xff,0xfe,0xff,0xff,0xff,0xff,0xff,0xff,0xff,0xff,0xff,0xff,0xff,0xff,0xff,
    0xff,0xff,0xff,0xff,0xff,0xff,0xff,0xff,0xff,0xff,0xff,0xff,0xff,0xff,0xff,0xff,
    0xff,0xff,0xff,0xff,0xff,0xff,0xff,0xff,0xff,0xff,0xff,0xff,0xff,0xff,0xff,0xff,
    0xff,0xff,0xff,0xff,0xff,0xff,0xff,0xff,0xff,0xff,0xff,0xff,0xff,0xff,0xff,0xff,
    0xff,0xff,0xff,0xff,0xff,0xff,0xff,0xff,0xff,0xff,0xff,0xff,0xff,0xff,0xff,0xff,
    0xff,0xff,0xff,0xff,0xff,0xff,0xff,0xff,0xff,0xff,0xff,0xff,0xff,0xff,0xff,0xff,
    0xff,0xff,0xff,0xff,0xff,0xff,0xff,0xff,0xff,0xff,0xff,0xff,0xff,0xff,0xff,0xff,
    0xff,0xff,0xff,0xff,0xff,0xff,0xff,0xff,0xff,0xff,0xff,0xff,0xff,0xff,0xff,0xff,
    0xff,0xff,0xff,0xff,0xff,0xff,0xff,0xff,0xff,0xff,0xff,0xff,0xff,0xff,0xff,0xff,
    0xff,0xff,0xff,0xfe,0xff,0xf8,0x25,0x00,0x00,0x00,0xca,0xff,0xfc,0xff,0xff,0xff,
    0xff,0xff,0xff,0xff,0xff,0xff,0xff,0xff,0xff,0xff,0xff,0xff,0xff,0xff,0xff,0xff,
    0xff,0xff,0xff,0xff,0xff,0xff,0xff,0xff,0xff,0xff,0xff,0xff,0xff,0xff,0xff,0xff,
    0xff,0xff,0xff,0xff,0xff,0xff,0xff,0xff,0xff,0xff,0xff,0xff,0xff,0xff,0xff,0xff,
    0xff,0xff,0xff,0xff,0xff,0xff,0xff,0xff,0xff,0xff,0xff,0xff,0xff,0xff,0xff,0xff,
    0xff,0xff,0xff,0xff,0xff,0xff,0xff,0xff,0xff,0xff,0xff,0xff,0xff,0xff,0xff,0xff,
    0xff,0xff,0xff,0xff,0xff,0xff,0xff,0xff,0xff,0xff,0xff,0xff,0xff,0xff,0xff,0xff,
    0xff,0xff,0xff,0xff,0xff,0xff,0xff,0xff,0xff,0xff,0xff,0xff,0xff,0xff,0xff,0xff,
    0xff,0xff,0xff,0xff,0xff,0xff,0xff,0xff,0xff,0xff,0xff,0xff,0xff,0xff,0xff,0xff,
    0xff,0xff,0xff,0xff,0xff,0xff,0xff,0xff,0xff,0xff,0xff,0xff,0xff,0xfc,0xff,0xc8,
    0x00,0x00,0x04,0x00,0x83,0xff,0xfb,0xff,0xff,0xff,0xff,0xff,0xff,0xff,0xff,0xff,
    0xff,0xff,0xff,0xff,0xff,0xff,0xff,0xff,0xff,0xff,0xff,0xff,0xff,0xff,0xff,0xff,
    0xff,0xff,0xff,0xff,0xff,0xff,0xff,0xff,0xff,0xff,0xff,0xff,0xff,0xff,0xff,0xff,
    0xff,0xff,0xff,0xff,0xff,0xff,0xff,0xff,0xff,0xff,0xff,0xff,0xff,0xff,0xff,0xff,
    0xff,0xff,0xff,0xff,0xff,0xff,0xff,0xff,0xff,0xff,0xff,0xff,0xff,0xff,0xff,0xff,
    0xff,0xff,0xff,0xff,0xff,0xff,0xff,0xff,0xff,0xff,0xff,0xff,0xff,0xff,0xff,0xff,
    0xff,0xff,0xff,0xff,0xff,0xff,0xff,0xff,0xff,0xff,0xff,0xff,0xff,0xff,0xff,0xff,
    0xff,0xff,0xff,0xff,0xff,0xff,0xff,0xff,0xff,0xff,0xff,0xff,0xff,0xff,0xff,0xff,
    0xff,0xff,0xff,0xff,0xff,0xff,0xff,0xff,0xff,0xff,0xff,0xff,0xff,0xff,0xff,0xff,
    0xff,0xff,0xff,0xff,0xff,0xff,0xff,0xfb,0xff,0x81,0x00,0x04,0x02,0x00,0x37,0xff,
    0xfe,0xfe,0xff,0xff,0xff,0xff,0xff,0xff,0xff,0xff,0xff,0xff,0xff,0xff,0xff,0xff,
    0xff,0xff,0xff,0xff,0xff,0xff,0xff,0xff,0xff,0xff,0xff,0xff,0xff,0xff,0xff,0xff,
    0xff,0xff,0xff,0xff,0xff,0xff,0xff,0xff,0xff,0xff,0xff,0xff,0xff,0xff,0xff,0xff,
    0xff,0xff,0xff,0xff,0xff,0xff,0xff,0xff,0xff,0xff,0xff,0xff,0xff,0xff,0xff,0xff,
    0xff,0xff,0xff,0xff,0xff,0xff,0xff,0xff,0xff,0xff,0xff,0xff,0xff,0xff,0xff,0xff,
    0xff,0xff,0xff,0xff,0xff,0xff,0xff,0xff,0xff,0xff,0xff,0xff,0xff,0xff,0xff,0xff,
    0xff,0xff,0xff,0xff,0xff,0xff,0xff,0xff,0xff,0xff,0xff,0xff,0xff,0xff,0xff,0xff,
    0xff,0xff,0xff,0xff,0xff,0xff,0xff,0xff,0xff,0xff,0xff,0xff,0xff,0xff,0xff,0xff,
    0xff,0xff,0xff,0xff,0xff,0xff,0xff,0xff,0xff,0xff,0xff,0xff,0xff,0xff,0xff,0xff,
    0xfe,0xfe,0xff,0x36,0x00,0x02,0x00,0x00,0x01,0xd0,0xff,0xfd,0xff,0xff,0xff,0xff,
    0xff,0xff,0xff,0xff,0xff,0xff,0xff,0xff,0xff,0xff,0xff,0xff,0xff,0xff,0xff,0xff,
    0xff,0xff,0xff,0xff,0xff,0xff,0xff,0xff,0xff,0xff,0xff,0xff,0xff,0xff,0xff,0xff,
    0xff,0xff,0xff,0xff,0xff,0xff,0xff,0xff,0xff,0xff,0xff,0xff,0xff,0xff,0xff,0xff,
    0xff,0xff,0xff,0xff,0xff,0xff,0xff,0xff,0xff,0xff,0xff,0xff,0xff,0xff,0xff,0xff,
    0xff,0xff,0xff,0xff,0xff,0xff,0xff,0xff,0xff,0xff,0xff,0xff,0xff,0xff,0xff,0xff,
    0xff,0xff,0xff,0xff,0xff,0xff,0xff,0xff,0xff,0xff,0xff,0xff,0xff,0xff,0xff,0xff,
    0xff,0xff,0xff,0xff,0xff,0xff,0xff,0xff,0xff,0xff,0xff,0xff,0xff,0xff,0xff,0xff,
    0xff,0xff,0xff,0xff,0xff,0xff,0xff,0xff,0xff,0xff,0xff,0xff,0xff,0xff,0xff,0xff,
    0xff,0xff,0xff,0xff,0xff,0xff,0xff,0xff,0xff,0xff,0xfd,0xff,0xcf,0x00,0x00,0x00,
    0x00,0x04,0x00,0x7c,0xff,0xfb,0xff,0xff,0xff,0xff,0xff,0xff,0xff,0xff,0xff,0xff,
    0xff,0xff,0xff,0xff,0xff,0xff,0xff,0xff,0xff,0xff,0xff,0xff,0xff,0xff,0xff,0xff,
    0xff,0xff,0xff,0xff,0xff,0xff,0xff,0xff,0xff,0xff,0xff,0xff,0xff,0xff,0xff,0xff,
    0xff,0xff,0xff,0xff,0xff,0xff,0xff,0xff,0xff,0xff,0xff,0xff,0xff,0xff,0xff,0xff,
    0xff,0xff,0xff,0xff,0xff,0xff,0xff,0xff,0xff,0xff,0xff,0xff,0xff,0xff,0xff,0xff,
    0xff,0xff,0xff,0xff,0xff,0xff,0xff,0xff,0xff,0xff,0xff,0xff,0xff,0xff,0xff,0xff,
    0xff,0xff,0xff,0xff,0xff,0xff,0xff,0xff,0xff,0xff,0xff,0xff,0xff,0xff,0xff,0xff,
    0xff,0xff,0xff,0xff,0xff,0xff,0xff,0xff,0xff,0xff,0xff,0xff,0xff,0xff,0xff,0xff,
    0xff,0xff,0xff,0xff,0xff,0xff,0xff,0xff,0xff,0xff,0xff,0xff,0xff,0xff,0xff,0xff,
    0xff,0xff,0xff,0xff,0xfb,0xff,0x7b,0x00,0x04,0x00,0x00,0x02,0x00,0x25,0xf4,0xff,
    0xfe,0xff,0xff,0xff,0xff,0xff,0xff,0xff,0xff,0xff,0xff,0xff,0xff,0xff,0xff,0xff,
    0xff,0xff,0xff,0xff,0xff,0xff,0xff,0xff,0xff,0xff,0xff,0xff,0xff,0xff,0xff,0xff,
    0xff,0xff,0xff,0xff,0xff,0xff,0xff,0xff,0xff,0xff,0xff,0xff,0xff,0xff,0xff,0xff,
    0xff,0xff,0xff,0xff,0xff,0xff,0xff,0xff,0xff,0xff,0xff,0xff,0xff,0xff,0xff,0xff,
    0xff,0xff,0xff,0xff,0xff,0xff,0xff,0xff,0xff,0xff,0xff,0xff,0xff,0xff,0xff,0xff,
    0xff,0xff,0xff,0xff,0xff,0xff,0xff,0xff,0xff,0xff,0xff,0xff,0xff,0xff,0xff,0xff,
    0xff,0xff,0xff,0xff,0xff,0xff,0xff,0xff,0xff,0xff,0xff,0xff,0xff,0xff,0xff,0xff,
    0xff,0xff,0xff,0xff,0xff,0xff,0xff,0xff,0xff,0xff,0xff,0xff,0xff,0xff,0xff,0xff,
    0xff,0xff,0xff,0xff,0xff,0xff,0xff,0xff,0xff,0xff,0xff,0xff,0xff,0xfe,0xff,0xf4,
    0x24,0x00,0x02,0x00,0x00,0x00,0x02,0x00,0xa9,0xff,0xfc,0xff,0xff,0xff,0xff,0xff,
    0xff,0xff,0xff,0xff,0xff,0xff,0xff,0xff,0xff,0xff,0xff,0xff,0xff,0xff,0xff,0xff,
    0xff,0xff,0xff,0xff,0xff,0xff,0xff,0xff,0xff,0xff,0xff,0xff,0xff,0xff,0xff,0xff,
    0xff,0xff,0xff,0xff,0xff,0xff,0xff,0xff,0xff,0xff,0xff,0xff,0xff,0xff,0xff,0xff,
    0xff,0xff,0xff,0xff,0xff,0xff,0xff,0xff,0xff,0xff,0xff,0xff,0xff,0xff,0xff,0xff,
    0xff,0xff,0xff,0xff,0xff,0xff,0xff,0xff,0xff,0xff,0xff,0xff,0xff,0xff,0xff,0xff,
    0xff,0xff,0xff,0xff,0xff,0xff,0xff,0xff,0xff,0xff,0xff,0xff,0xff,0xff,0xff,0xff,
    0xff,0xff,0xff,0xff,0xff,0xff,0xff,0xff,0xff,0xff,0xff,0xff,0xff,0xff,0xff,0xff,
    0xff,0xff,0xff,0xff,0xff,0xff,0xff,0xff,0xff,0xff,0xff,0xff,0xff,0xff,0xff,0xff,
    0xff,0xff,0xff,0xff,0xff,0xff,0xff,0xfc,0xff,0xa8,0x00,0x03,0x00,0x00,0x00,0x00,
    0x03,0x00,0x42,0xff,0xfe,0xff,0xff,0xff,0xff,0xff,0xff,0xff,0xff,0xff,0xff,0xff,
    0xff,0xff,0xff,0xff,0xff,0xff,0xff,0xff,0xff,0xff,0xff,0xff,0xff,0xff,0xff,0xff,
    0xff,0xff,0xff,0xff,0xff,0xff,0xff,0xff,0xff,0xff,0xff,0xff,0xff,0xff,0xff,0xff,
    0xff,0xff,0xff,0xff,0xff,0xff,0xff,0xff,0xff,0xff,0xff,0xff,0xff,0xff,0xff,0xff,
    0xff,0xff,0xff,0xff,0xff,0xff,0xff,0xff,0xff,0xff,0xff,0xff,0xff,0xff,0xff,0xff,
    0xff,0xff,0xff,0xff,0xff,0xff,0xff,0xff,0xff,0xff,0xff,0xff,0xff,0xff,0xff,0xff,
    0xff,0xff,0xff,0xff,0xff,0xff,0xff,0xff,0xff,0xff,0xff,0xff,0xff,0xff,0xff,0xff,
    0xff,0xff,0xff,0xff,0xff,0xff,0xff,0xff,0xff,0xff,0xff,0xff,0xff,0xff,0xff,0xff,
    0xff,0xff,0xff,0xff,0xff,0xff,0xff,0xff,0xff,0xff,0xff,0xff,0xff,0xff,0xff,0xff,
    0xff,0xfe,0xff,0x42,0x00,0x03,0x00,0x00,0x00,0x00,0x00,0x01,0x00,0xbf,0xff,0xfc,
    0xff,0xff,0xff,0xff,0xff,0xff,0xff,0xff,0xff,0xff,0xff,0xff,0xff,0xff,0xff,0xff,
    0xff,0xff,0xff,0xff,0xff,0xff,0xff,0xff,0xff,0xff,0xff,0xff,0xff,0xff,0xff,0xff,
    0xff,0xff,0xff,0xff,0xff,0xff,0xff,0xff,0xff,0xff,0xff,0xff,0xff,0xff,0xff,0xff,
    0xff,0xff,0xff,0xff,0xff,0xff,0xff,0xff,0xff,0xff,0xff,0xff,0xff,0xff,0xff,0xff,
    0xff,0xff,0xff,0xff,0xff,0xff,0xff,0xff,0xff,0xff,0xff,0xff,0xff,0xff,0xff,0xff,
    0xff,0xff,0xff,0xff,0xff,0xff,0xff,0xff,0xff,0xff,0xff,0xff,0xff,0xff,0xff,0xff,
    0xff,0xff,0xff,0xff,0xff,0xff,0xff,0xff,0xff,0xff,0xff,0xff,0xff,0xff,0xff,0xff,
    0xff,0xff,0xff,0xff,0xff,0xff,0xff,0xff,0xff,0xff,0xff,0xff,0xff,0xff,0xff,0xff,
    0xff,0xff,0xff,0xff,0xff,0xff,0xff,0xff,0xff,0xff,0xfc,0xff,0xbe,0x00,0x01,0x00,
    0x00,0x00,0x00,0x00,0x00,0x03,0x00,0x4e,0xff,0xfd,0xff,0xff,0xff,0xff,0xff,0xff,
    0xff,0xff,0xff,0xff,0xff,0xff,0xff,0xff,0xff,0xff,0xff,0xff,0xff,0xff,0xff,0xff,
    0xff,0xff,0xff,0xff,0xff,0xff,0xff,0xff,0xff,0xff,0xff,0xff,0xff,0xff,0xff,0xff,
    0xff,0xff,0xff,0xff,0xff,0xff,0xff,0xff,0xff,0xff,0xff,0xff,0xff,0xff,0xff,0xff,
    0xff,0xff,0xff,0xff,0xff,0xff,0xff,0xff,0xff,0xff,0xff,0xff,0xff,0xff,0xff,0xff,
    0xff,0xff,0xff,0xff,0xff,0xff,0xff,0xff,0xff,0xff,0xff,0xff,0xff,0xff,0xff,0xff,
    0xff,0xff,0xff,0xff,0xff,0xff,0xff,0xff,0xff,0xff,0xff,0xff,0xff,0xff,0xff,0xff,
    0xff,0xff,0xff,0xff,0xff,0xff,0xff,0xff,0xff,0xff,0xff,0xff,0xff,0xff,0xff,0xff,
    0xff,0xff,0xff,0xff,0xff,0xff,0xff,0xff,0xff,0xff,0xff,0xff,0xff,0xff,0xff,0xff,
    0xff,0xff,0xff,0xff,0xfd,0xff,0x4d,0x00,0x03,0x00,0x00,0x00,0x00,0x00,0x00,0x00,
    0x01,0x00,0xbd,0xff,0xfc,0xff,0xff,0xff,0xff,0xff,0xff,0xff,0xff,0xff,0xff,0xff,
    0xff,0xff,0xff,0xff,0xff,0xff,0xff,0xff,0xff,0xff,0xff,0xff,0xff,0xff,0xff,0xff,
    0xff,0xff,0xff,0xff,0xff,0xff,0xff,0xff,0xff,0xff,0xff,0xff,0xff,0xff,0xff,0xff,
    0xff,0xff,0xff,0xff,0xff,0xff,0xff,0xff,0xff,0xff,0xff,0xff,0xff,0xff,0xff,0xff,
    0xff,0xff,0xff,0xff,0xff,0xff,0xff,0xff,0xff,0xff,0xff,0xff,0xff,0xff,0xff,0xff,
    0xff,0xff,0xff,0xff,0xff,0xff,0xff,0xff,0xff,0xff,0xff,0xff,0xff,0xff,0xff,0xff,
    0xff,0xff,0xff,0xff,0xff,0xff,0xff,0xff,0xff,0xff,0xff,0xff,0xff,0xff,0xff,0xff,
    0xff,0xff,0xff,0xff,0xff,0xff,0xff,0xff,0xff,0xff,0xff,0xff,0xff,0xff,0xff,0xff,
    0xff,0xff,0xff,0xff,0xff,0xff,0xff,0xff,0xff,0xff,0xff,0xff,0xff,0xfc,0xff,0xbe,
    0x00,0x01,0x00,0x00,0x00,0x00,0x00,0x00,0x00,0x00,0x03,0x00,0x41,0xff,0xfe,0xfe,
    0xff,0xff,0xff,0xff,0xff,0xff,0xff,0xff,0xff,0xff,0xff,0xff,0xff,0xff,0xff,0xff,
    0xff,0xff,0xff,0xff,0xff,0xff,0xff,0xff,0xff,0xff,0xff,0xff,0xff,0xff,0xff,0xff,
    0xff,0xff,0xff,0xff,0xff,0xff,0xff,0xff,0xff,0xff,0xff,0xff,0xff,0xff,0xff,0xff,
    0xff,0xff,0xff,0xff,0xff,0xff,0xff,0xff,0xff,0xff,0xff,0xff,0xff,0xff,0xff,0xff,
    0xff,0xff,0xff,0xff,0xff,0xff,0xff,0xff,0xff,0xff,0xff,0xff,0xff,0xff,0xff,0xff,
    0xff,0xff,0xff,0xff,0xff,0xff,0xff,0xff,0xff,0xff,0xff,0xff,0xff,0xff,0xff,0xff,
    0xff,0xff,0xff,0xff,0xff,0xff,0xff,0xff,0xff,0xff,0xff,0xff,0xff,0xff,0xff,0xff,
    0xff,0xff,0xff,0xff,0xff,0xff,0xff,0xff,0xff,0xff,0xff,0xff,0xff,0xff,0xff,0xff,
    0xff,0xff,0xff,0xff,0xff,0xff,0xfe,0xfd,0xff,0x44,0x00,0x03,0x00,0x00,0x00,0x00,
    0x00,0x00,0x00,0x00,0x00,0x02,0x00,0xaa,0xff,0xfb,0xff,0xff,0xff,0xff,0xff,0xff,
    0xff,0xff,0xff,0xff,0xff,0xff,0xff,0xff,0xff,0xff,0xff,0xff,0xff,0xff,0xff,0xff,
    0xff,0xff,0xff,0xff,0xff,0xff,0xff,0xff,0xff,0xff,0xff,0xff,0xff,0xff,0xff,0xff,
    0xff,0xff,0xff,0xff,0xff,0xff,0xff,0xff,0xff,0xff,0xff,0xff,0xff,0xff,0xff,0xff,
    0xff,0xff,0xff,0xff,0xff,0xff,0xff,0xff,0xff,0xff,0xff,0xff,0xff,0xff,0xff,0xff,
    0xff,0xff,0xff,0xff,0xff,0xff,0xff,0xff,0xff,0xff,0xff,0xff,0xff,0xff,0xff,0xff,
    0xff,0xff,0xff,0xff,0xff,0xff,0xff,0xff,0xff,0xff,0xff,0xff,0xff,0xff,0xff,0xff,
    0xff,0xff,0xff,0xff,0xff,0xff,0xff,0xff,0xff,0xff,0xff,0xff,0xff,0xff,0xff,0xff,
    0xff,0xff,0xff,0xff,0xff,0xff,0xff,0xff,0xff,0xff,0xff,0xff,0xff,0xff,0xff,0xff,
    0xfc,0xff,0xab,0x00,0x02,0x00,0x00,0x00,0x00,0x00,0x00,0x00,0x00,0x00,0x00,0x02,
    0x00,0x2b,0xf4,0xff,0xfe,0xff,0xff,0xff,0xff,0xff,0xff,0xff,0xff,0xff,0xff,0xff,
    0xff,0xff,0xff,0xff,0xff,0xff,0xff,0xff,0xff,0xff,0xff,0xff,0xff,0xff,0xff,0xff,
    0xff,0xff,0xff,0xff,0xff,0xff,0xff,0xff,0xff,0xff,0xff,0xff,0xff,0xff,0xff,0xff,
    0xff,0xff,0xff,0xff,0xff,0xff,0xff,0xff,0xff,0xff,0xff,0xff,0xff,0xff,0xff,0xff,
    0xff,0xff,0xff,0xff,0xff,0xff,0xff,0xff,0xff,0xff,0xff,0xff,0xff,0xff,0xff,0xff,
    0xff,0xff,0xff,0xff,0xff,0xff,0xff,0xff,0xff,0xff,0xff,0xff,0xff,0xff,0xff,0xff,
    0xff,0xff,0xff,0xff,0xff,0xff,0xff,0xff,0xff,0xff,0xff,0xff,0xff,0xff,0xff,0xff,
    0xff,0xff,0xff,0xff,0xff,0xff,0xff,0xff,0xff,0xff,0xff,0xff,0xff,0xff,0xff,0xff,
    0xff,0xff,0xff,0xff,0xff,0xff,0xff,0xff,0xff,0xfe,0xff,0xf4,0x2a,0x00,0x02,0x00,
    0x00,0x00,0x00,0x00,0x00,0x00,0x00,0x00,0x00,0x00,0x03,0x00,0x7f,0xff,0xfb,0xff,
    0xff,0xff,0xff,0xff,0xff,0xff,0xff,0xff,0xff,0xff,0xff,0xff,0xff,0xff,0xff,0xff,
    0xff,0xff,0xff,0xff,0xff,0xff,0xff,0xff,0xff,0xff,0xff,0xff,0xff,0xff,0xff,0xff,
    0xff,0xff,0xff,0xff,0xff,0xff,0xff,0xff,0xff,0xff,0xff,0xff,0xff,0xff,0xff,0xff,
    0xff,0xff,0xff,0xff,0xff,0xff,0xff,0xff,0xff,0xff,0xff,0xff,0xff,0xff,0xff,0xff,
    0xff,0xff,0xff,0xff,0xff,0xff,0xff,0xff,0xff,0xff,0xff,0xff,0xff,0xff,0xff,0xff,
    0xff,0xff,0xff,0xff,0xff,0xff,0xff,0xff,0xff,0xff,0xff,0xff,0xff,0xff,0xff,0xff,
    0xff,0xff,0xff,0xff,0xff,0xff,0xff,0xff,0xff,0xff,0xff,0xff,0xff,0xff,0xff,0xff,
    0xff,0xff,0xff,0xff,0xff,0xff,0xff,0xff,0xff,0xff,0xff,0xff,0xff,0xff,0xff,0xff,
    0xff,0xff,0xff,0xfb,0xff,0x7e,0x00,0x03,0x00,0x00,0x00,0x00,0x00,0x00,0x00,0x00,
    0x00,0x00,0x00,0x00,0x01,0x00,0x09,0xcb,0xff,0xfc,0xff,0xff,0xff,0xff,0xff,0xff,
    0xff,0xff,0xff,0xff,0xff,0xff,0xff,0xff,0xff,0xff,0xff,0xff,0xff,0xff,0xff,0xff,
    0xff,0xff,0xff,0xff,0xff,0xff,0xff,0xff,0xff,0xff,0xff,0xff,0xff,0xff,0xff,0xff,
    0xff,0xff,0xff,0xff,0xff,0xff,0xff,0xff,0xff,0xff,0xff,0xff,0xff,0xff,0xff,0xff,
    0xff,0xff,0xff,0xff,0xff,0xff,0xff,0xff,0xff,0xff,0xff,0xff,0xff,0xff,0xff,0xff,
    0xff,0xff,0xff,0xff,0xff,0xff,0xff,0xff,0xff,0xff,0xff,0xff,0xff,0xff,0xff,0xff,
    0xff,0xff,0xff,0xff,0xff,0xff,0xff,0xff,0xff,0xff,0xff,0xff,0xff,0xff,0xff,0xff,
    0xff,0xff,0xff,0xff,0xff,0xff,0xff,0xff,0xff,0xff,0xff,0xff,0xff,0xff,0xff,0xff,
    0xff,0xff,0xff,0xff,0xff,0xff,0xff,0xff,0xff,0xff,0xff,0xff,0xfc,0xff,0xcb,0x08,
    0x00,0x01,0x00,0x00,0x00,0x00,0x00,0x00,0x00,0x00,0x00,0x00,0x00,0x00,0x00,0x02,
    0x00,0x38,0xf9,0xff,0xfe,0xff,0xff,0xff,0xff,0xff,0xff,0xff,0xff,0xff,0xff,0xff,
    0xff,0xff,0xff,0xff,0xff,0xff,0xff,0xff,0xff,0xff,0xff,0xff,0xff,0xff,0xff,0xff,
    0xff,0xff,0xff,0xff,0xff,0xff,0xff,0xff,0xff,0xff,0xff,0xff,0xff,0xff,0xff,0xff,
    0xff,0xff,0xff,0xff,0xff,0xff,0xff,0xff,0xff,0xff,0xff,0xff,0xff,0xff,0xff,0xff,
    0xff,0xff,0xff,0xff,0xff,0xff,0xff,0xff,0xff,0xff,0xff,0xff,0xff,0xff,0xff,0xff,
    0xff,0xff,0xff,0xff,0xff,0xff,0xff,0xff,0xff,0xff,0xff,0xff,0xff,0xff,0xff,0xff,
    0xff,0xff,0xff,0xff,0xff,0xff,0xff,0xff,0xff,0xff,0xff,0xff,0xff,0xff,0xff,0xff,
    0xff,0xff,0xff,0xff,0xff,0xff,0xff,0xff,0xff,0xff,0xff,0xff,0xff,0xff,0xff,0xff,
    0xff,0xff,0xff,0xff,0xff,0xfe,0xff,0xf8,0x38,0x00,0x02,0x00,0x00,0x00,0x00,0x00,
    0x00,0x00,0x00,0x00,0x00,0x00,0x00,0x00,0x00,0x00,0x04,0x00,0x79,0xff,0xfb,0xff,
    0xff,0xff,0xff,0xff,0xff,0xff,0xff,0xff,0xff,0xff,0xff,0xff,0xff,0xff,0xff,0xff,
    0xff,0xff,0xff,0xff,0xff,0xff,0xff,0xff,0xff,0xff,0xff,0xff,0xff,0xff,0xff,0xff,
    0xff,0xff,0xff,0xff,0xff,0xff,0xff,0xff,0xff,0xff,0xff,0xff,0xff,0xff,0xff,0xff,
    0xff,0xff,0xff,0xff,0xff,0xff,0xff,0xff,0xff,0xff,0xff,0xff,0xff,0xff,0xff,0xff,
    0xff,0xff,0xff,0xff,0xff,0xff,0xff,0xff,0xff,0xff,0xff,0xff,0xff,0xff,0xff,0xff,
    0xff,0xff,0xff,0xff,0xff,0xff,0xff,0xff,0xff,0xff,0xff,0xff,0xff,0xff,0xff,0xff,
    0xff,0xff,0xff,0xff,0xff,0xff,0xff,0xff,0xff,0xff,0xff,0xff,0xff,0xff,0xff,0xff,
    0xff,0xff,0xff,0xff,0xff,0xff,0xff,0xff,0xff,0xff,0xff,0xff,0xff,0xff,0xff,0xfb,
    0xff,0x78,0x00,0x04,0x00,0x00,0x00,0x00,0x00,0x00,0x00,0x00,0x00,0x00,0x00,0x00,
    0x00,0x00,0x00,0x00,0x01,0x01,0x01,0xb8,0xff,0xfc,0xff,0xff,0xff,0xff,0xff,0xff,
    0xff,0xff,0xff,0xff,0xff,0xff,0xff,0xff,0xff,0xff,0xff,0xff,0xff,0xff,0xff,0xff,
    0xff,0xff,0xff,0xff,0xff,0xff,0xff,0xff,0xff,0xff,0xff,0xff,0xff,0xff,0xff,0xff,
    0xff,0xff,0xff,0xff,0xff,0xff,0xff,0xff,0xff,0xff,0xff,0xff,0xff,0xff,0xff,0xff,
    0xff,0xff,0xff,0xff,0xff,0xff,0xff,0xff,0xff,0xff,0xff,0xff,0xff,0xff,0xff,0xff,
    0xff,0xff,0xff,0xff,0xff,0xff,0xff,0xff,0xff,0xff,0xff,0xff,0xff,0xff,0xff,0xff,
    0xff,0xff,0xff,0xff,0xff,0xff,0xff,0xff,0xff,0xff,0xff,0xff,0xff,0xff,0xff,0xff,
    0xff,0xff,0xff,0xff,0xff,0xff,0xff,0xff,0xff,0xff,0xff,0xff,0xff,0xff,0xff,0xff,
    0xff,0xff,0xff,0xff,0xff,0xff,0xff,0xff,0xfc,0xff,0xb7,0x01,0x01,0x00,0x00,0x00,
    0x00,0x00,0x00,0x00,0x00,0x00,0x00,0x00,0x00,0x00,0x00,0x00,0x00,0x00,0x00,0x02,
    0x00,0x1c,0xe1,0xff,0xfd,0xff,0xff,0xff,0xff,0xff,0xff,0xff,0xff,0xff,0xff,0xff,
    0xff,0xff,0xff,0xff,0xff,0xff,0xff,0xff,0xff,0xff,0xff,0xff,0xff,0xff,0xff,0xff,
    0xff,0xff,0xff,0xff,0xff,0xff,0xff,0xff,0xff,0xff,0xff,0xff,0xff,0xff,0xff,0xff,
    0xff,0xff,0xff,0xff,0xff,0xff,0xff,0xff,0xff,0xff,0xff,0xff,0xff,0xff,0xff,0xff,
    0xff,0xff,0xff,0xff,0xff,0xff,0xff,0xff,0xff,0xff,0xff,0xff,0xff,0xff,0xff,0xff,
    0xff,0xff,0xff,0xff,0xff,0xff,0xff,0xff,0xff,0xff,0xff,0xff,0xff,0xff,0xff,0xff,
    0xff,0xff,0xff,0xff,0xff,0xff,0xff,0xff,0xff,0xff,0xff,0xff,0xff,0xff,0xff,0xff,
    0xff,0xff,0xff,0xff,0xff,0xff,0xff,0xff,0xff,0xff,0xff,0xff,0xff,0xff,0xff,0xff,
    0xff,0xfd,0xff,0xe1,0x1c,0x00,0x02,0x00,0x00,0x00,0x00,0x00,0x00,0x00,0x00,0x00,
    0x00,0x00,0x00,0x00,0x00,0x00,0x00,0x00,0x00,0x00,0x03,0x00,0x42,0xfb,0xfe,0xfe,
    0xff,0xff,0xff,0xff,0xff,0xff,0xff,0xff,0xff,0xff,0xff,0xff,0xff,0xff,0xff,0xff,
    0xff,0xff,0xff,0xff,0xff,0xff,0xff,0xff,0xff,0xff,0xff,0xff,0xff,0xff,0xff,0xff,
    0xff,0xff,0xff,0xff,0xff,0xff,0xff,0xff,0xff,0xff,0xff,0xff,0xff,0xff,0xff,0xff,
    0xff,0xff,0xff,0xff,0xff,0xff,0xff,0xff,0xff,0xff,0xff,0xff,0xff,0xff,0xff,0xff,
    0xff,0xff,0xff,0xff,0xff,0xff,0xff,0xff,0xff,0xff,0xff,0xff,0xff,0xff,0xff,0xff,
    0xff,0xff,0xff,0xff,0xff,0xff,0xff,0xff,0xff,0xff,0xff,0xff,0xff,0xff,0xff,0xff,
    0xff,0xff,0xff,0xff,0xff,0xff,0xff,0xff,0xff,0xff,0xff,0xff,0xff,0xff,0xff,0xff,
    0xff,0xff,0xff,0xff,0xff,0xff,0xff,0xff,0xff,0xff,0xfe,0xfe,0xfb,0x42,0x00,0x03,
    0x00,0x00,0x00,0x00,0x00,0x00,0x00,0x00,0x00,0x00,0x00,0x00,0x00,0x00,0x00,0x00,
    0x00,0x00,0x00,0x00,0x00,0x04,0x00,0x68,0xff,0xfc,0xfe,0xff,0xff,0xff,0xff,0xff,
    0xff,0xff,0xff,0xff,0xff,0xff,0xff,0xff,0xff,0xff,0xff,0xff,0xff,0xff,0xff,0xff,
    0xff,0xff,0xff,0xff,0xff,0xff,0xff,0xff,0xff,0xff,0xff,0xff,0xff,0xff,0xff,0xff,
    0xff,0xff,0xff,0xff,0xff,0xff,0xff,0xff,0xff,0xff,0xff,0xff,0xff,0xff,0xff,0xff,
    0xff,0xff,0xff,0xff,0xff,0xff,0xff,0xff,0xff,0xff,0xff,0xff,0xff,0xff,0xff,0xff,
    0xff,0xff,0xff,0xff,0xff,0xff,0xff,0xff,0xff,0xff,0xff,0xff,0xff,0xff,0xff,0xff,
    0xff,0xff,0xff,0xff,0xff,0xff,0xff,0xff,0xff,0xff,0xff,0xff,0xff,0xff,0xff,0xff,
    0xff,0xff,0xff,0xff,0xff,0xff,0xff,0xff,0xff,0xff,0xff,0xff,0xff,0xff,0xff,0xff,
    0xff,0xff,0xff,0xfe,0xfc,0xff,0x67,0x00,0x04,0x00,0x00,0x00,0x00,0x00,0x00,0x00,
    0x00,0x00,0x00,0x00,0x00,0x00,0x00,0x00,0x00,0x00,0x00,0x00,0x00,0x00,0x00,0x00,
    0x03,0x00,0x85,0xff,0xfb,0xff,0xff,0xff,0xff,0xff,0xff,0xff,0xff,0xff,0xff,0xff,
    0xff,0xff,0xff,0xff,0xff,0xff,0xff,0xff,0xff,0xff,0xff,0xff,0xff,0xff,0xff,0xff,
    0xff,0xff,0xff,0xff,0xff,0xff,0xff,0xff,0xff,0xff,0xff,0xff,0xff,0xff,0xff,0xff,
    0xff,0xff,0xff,0xff,0xff,0xff,0xff,0xff,0xff,0xff,0xff,0xff,0xff,0xff,0xff,0xff,
    0xff,0xff,0xff,0xff,0xff,0xff,0xff,0xff,0xff,0xff,0xff,0xff,0xff,0xff,0xff,0xff,
    0xff,0xff,0xff,0xff,0xff,0xff,0xff,0xff,0xff,0xff,0xff,0xff,0xff,0xff,0xff,0xff,
    0xff,0xff,0xff,0xff,0xff,0xff,0xff,0xff,0xff,0xff,0xff,0xff,0xff,0xff,0xff,0xff,
    0xff,0xff,0xff,0xff,0xff,0xff,0xff,0xff,0xff,0xff,0xff,0xff,0xff,0xfb,0xff,0x85,
    0x00,0x03,0x00,0x00,0x00,0x00,0x00,0x00,0x00,0x00,0x00,0x00,0x00,0x00,0x00,0x00,
    0x00,0x00,0x00,0x00,0x00,0x00,0x00,0x00,0x00,0x00,0x01,0x02,0x00,0x9f,0xff,0xfb,
    0xff,0xff,0xff,0xff,0xff,0xff,0xff,0xff,0xff,0xff,0xff,0xff,0xff,0xff,0xff,0xff,
    0xff,0xff,0xff,0xff,0xff,0xff,0xff,0xff,0xff,0xff,0xff,0xff,0xff,0xff,0xff,0xff,
    0xff,0xff,0xff,0xff,0xff,0xff,0xff,0xff,0xff,0xff,0xff,0xff,0xff,0xff,0xff,0xff,
    0xff,0xff,0xff,0xff,0xff,0xff,0xff,0xff,0xff,0xff,0xff,0xff,0xff,0xff,0xff,0xff,
    0xff,0xff,0xff,0xff,0xff,0xff,0xff,0xff,0xff,0xff,0xff,0xff,0xff,0xff,0xff,0xff,
    0xff,0xff,0xff,0xff,0xff,0xff,0xff,0xff,0xff,0xff,0xff,0xff,0xff,0xff,0xff,0xff,
    0xff,0xff,0xff,0xff,0xff,0xff,0xff,0xff,0xff,0xff,0xff,0xff,0xff,0xff,0xff,0xff,
    0xff,0xff,0xff,0xff,0xff,0xff,0xfb,0xff,0x9f,0x00,0x02,0x01,0x00,0x00,0x00,0x00,
    0x00,0x00,0x00,0x00,0x00,0x00,0x00,0x00,0x00,0x00,0x00,0x00,0x00,0x00,0x00,0x00,
    0x00,0x00,0x00,0x00,0x00,0x01,0x01,0x03,0xab,0xff,0xfb,0xff,0xff,0xff,0xff,0xff,
    0xff,0xff,0xff,0xff,0xff,0xff,0xff,0xff,0xff,0xff,0xff,0xff,0xff,0xff,0xff,0xff,
    0xff,0xff,0xff,0xff,0xff,0xff,0xff,0xff,0xff,0xff,0xff,0xff,0xff,0xff,0xff,0xff,
    0xff,0xff,0xff,0xff,0xff,0xff,0xff,0xff,0xff,0xff,0xff,0xff,0xff,0xff,0xff,0xff,
    0xff,0xff,0xff,0xff,0xff,0xff,0xff,0xff,0xff,0xff,0xff,0xff,0xff,0xff,0xff,0xff,
    0xff,0xff,0xff,0xff,0xff,0xff,0xff,0xff,0xff,0xff,0xff,0xff,0xff,0xff,0xff,0xff,
    0xff,0xff,0xff,0xff,0xff,0xff,0xff,0xff,0xff,0xff,0xff,0xff,0xff,0xff,0xff,0xff,
    0xff,0xff,0xff,0xff,0xff,0xff,0xff,0xff,0xff,0xff,0xff,0xff,0xff,0xff,0xff,0xfb,
    0xff,0xaa,0x03,0x01,0x01,0x00,0x00,0x00,0x00,0x00,0x00,0x00,0x00,0x00,0x00,0x00,
    0x00,0x00,0x00,0x00,0x00,0x00,0x00,0x00,0x00,0x00,0x00,0x00,0x00,0x00,0x00,0x00,
    0x01,0x00,0x07,0xb4,0xff,0xfa,0xff,0xff,0xff,0xff,0xff,0xff,0xff,0xff,0xff,0xff,
    0xff,0xff,0xff,0xff,0xff,0xff,0xff,0xff,0xff,0xff,0xff,0xff,0xff,0xff,0xff,0xff,
    0xff,0xff,0xff,0xff,0xff,0xff,0xff,0xff,0xff,0xff,0xff,0xff,0xff,0xff,0xff,0xff,
    0xff,0xff,0xff,0xff,0xff,0xff,0xff,0xff,0xff,0xff,0xff,0xff,0xff,0xff,0xff,0xff,
    0xff,0xff,0xff,0xff,0xff,0xff,0xff,0xff,0xff,0xff,0xff,0xff,0xff,0xff,0xff,0xff,
    0xff,0xff,0xff,0xff,0xff,0xff,0xff,0xff,0xff,0xff,0xff,0xff,0xff,0xff,0xff,0xff,
    0xff,0xff,0xff,0xff,0xff,0xff,0xff,0xff,0xff,0xff,0xff,0xff,0xff,0xff,0xff,0xff,
    0xff,0xff,0xff,0xff,0xff,0xff,0xff,0xff,0xfa,0xff,0xb4,0x07,0x00,0x01,0x00,0x00,
    0x00,0x00,0x00,0x00,0x00,0x00,0x00,0x00,0x00,0x00,0x00,0x00,0x00,0x00,0x00,0x00,
    0x00,0x00,0x00,0x00,0x00,0x00,0x00,0x00,0x00,0x00,0x00,0x02,0x00,0x08,0xae,0xff,
    0xfb,0xfe,0xff,0xff,0xff,0xff,0xff,0xff,0xff,0xff,0xff,0xff,0xff,0xff,0xff,0xff,
    0xff,0xff,0xff,0xff,0xff,0xff,0xff,0xff,0xff,0xff,0xff,0xff,0xff,0xff,0xff,0xff,
    0xff,0xff,0xff,0xff,0xff,0xff,0xff,0xff,0xff,0xff,0xff,0xff,0xff,0xff,0xff,0xff,
    0xff,0xff,0xff,0xff,0xff,0xff,0xff,0xff,0xff,0xff,0xff,0xff,0xff,0xff,0xff,0xff,
    0xff,0xff,0xff,0xff,0xff,0xff,0xff,0xff,0xff,0xff,0xff,0xff,0xff,0xff,0xff,0xff,
    0xff,0xff,0xff,0xff,0xff,0xff,0xff,0xff,0xff,0xff,0xff,0xff,0xff,0xff,0xff,0xff,
    0xff,0xff,0xff,0xff,0xff,0xff,0xff,0xff,0xff,0xff,0xff,0xff,0xff,0xff,0xff,0xff,
    0xfe,0xfa,0xff,0xae,0x08,0x00,0x02,0x00,0x00,0x00,0x00,0x00,0x00,0x00,0x00,0x00,
    0x00,0x00,0x00,0x00,0x00,0x00,0x00,0x00,0x00,0x00,0x00,0x00,0x00,0x00,0x00,0x00,
    0x00,0x00,0x00,0x00,0x00,0x00,0x02,0x01,0x04,0xa5,0xff,0xfa,0xfe,0xff,0xff,0xff,
    0xff,0xff,0xff,0xff,0xff,0xff,0xff,0xff,0xff,0xff,0xff,0xff,0xff,0xff,0xff,0xff,
    0xff,0xff,0xff,0xff,0xff,0xff,0xff,0xff,0xff,0xff,0xff,0xff,0xff,0xff,0xff,0xff,
    0xff,0xff,0xff,0xff,0xff,0xff,0xff,0xff,0xff,0xff,0xff,0xff,0xff,0xff,0xff,0xff,
    0xff,0xff,0xff,0xff,0xff,0xff,0xff,0xff,0xff,0xff,0xff,0xff,0xff,0xff,0xff,0xff,
    0xff,0xff,0xff,0xff,0xff,0xff,0xff,0xff,0xff,0xff,0xff,0xff,0xff,0xff,0xff,0xff,
    0xff,0xff,0xff,0xff,0xff,0xff,0xff,0xff,0xff,0xff,0xff,0xff,0xff,0xff,0xff,0xff,
    0xff,0xff,0xff,0xff,0xff,0xff,0xff,0xff,0xff,0xfe,0xfa,0xff,0xa6,0x04,0x01,0x02,
    0x00,0x00,0x00,0x00,0x00,0x00,0x00,0x00,0x00,0x00,0x00,0x00,0x00,0x00,0x00,0x00,
    0x00,0x00,0x00,0x00,0x00,0x00,0x00,0x00,0x00,0x00,0x00,0x00,0x00,0x00,0x00,0x00,
    0x00,0x02,0x01,0x01,0x93,0xff,0xfc,0xfd,0xff,0xff,0xff,0xff,0xff,0xff,0xff,0xff,
    0xff,0xff,0xff,0xff,0xff,0xff,0xff,0xff,0xff,0xff,0xff,0xff,0xff,0xff,0xff,0xff,
    0xff,0xff,0xff,0xff,0xff,0xff,0xff,0xff,0xff,0xff,0xff,0xff,0xff,0xff,0xff,0xff,
    0xff,0xff,0xff,0xff,0xff,0xff,0xff,0xff,0xff,0xff,0xff,0xff,0xff,0xff,0xff,0xff,
    0xff,0xff,0xff,0xff,0xff,0xff,0xff,0xff,0xff,0xff,0xff,0xff,0xff,0xff,0xff,0xff,
    0xff,0xff,0xff,0xff,0xff,0xff,0xff,0xff,0xff,0xff,0xff,0xff,0xff,0xff,0xff,0xff,
    0xff,0xff,0xff,0xff,0xff,0xff,0xff,0xff,0xff,0xff,0xff,0xff,0xff,0xff,0xff,0xff,
    0xff,0xff,0xfd,0xfc,0xff,0x93,0x01,0x01,0x02,0x00,0x00,0x00,0x00,0x00,0x00,0x00,
    0x00,0x00,0x00,0x00,0x00,0x00,0x00,0x00,0x00,0x00,0x00,0x00,0x00,0x00,0x00,0x00,
    0x00,0x00,0x00,0x00,0x00,0x00,0x00,0x00,0x00,0x00,0x00,0x00,0x01,0x03,0x00,0x75,
    0xff,0xfe,0xfc,0xff,0xff,0xff,0xff,0xff,0xff,0xff,0xff,0xff,0xff,0xff,0xff,0xff,
    0xff,0xff,0xff,0xff,0xff,0xff,0xff,0xff,0xff,0xff,0xff,0xff,0xff,0xff,0xff,0xff,
    0xff,0xff,0xff,0xff,0xff,0xff,0xff,0xff,0xff,0xff,0xff,0xff,0xff,0xff,0xff,0xff,
    0xff,0xff,0xff,0xff,0xff,0xff,0xff,0xff,0xff,0xff,0xff,0xff,0xff,0xff,0xff,0xff,
    0xff,0xff,0xff,0xff,0xff,0xff,0xff,0xff,0xff,0xff,0xff,0xff,0xff,0xff,0xff,0xff,
    0xff,0xff,0xff,0xff,0xff,0xff,0xff,0xff,0xff,0xff,0xff,0xff,0xff,0xff,0xff,0xff,
    0xff,0xff,0xff,0xff,0xff,0xff,0xff,0xff,0xff,0xff,0xff,0xfc,0xfd,0xff,0x77,0x00,
    0x03,0x01,0x00,0x00,0x00,0x00,0x00,0x00,0x00,0x00,0x00,0x00,0x00,0x00,0x00,0x00,
    0x00,0x00,0x00,0x00,0x00,0x00,0x00,0x00,0x00,0x00,0x00,0x00,0x00,0x00,0x00,0x00,
    0x00,0x00,0x00,0x00,0x00,0x00,0x00,0x01,0x04,0x00,0x56,0xf1,0xff,0xfb,0xff,0xff,
    0xff,0xff,0xff,0xff,0xff,0xff,0xff,0xff,0xff,0xff,0xff,0xff,0xff,0xff,0xff,0xff,
    0xff,0xff,0xff,0xff,0xff,0xff,0xff,0xff,0xff,0xff,0xff,0xff,0xff,0xff,0xff,0xff,
    0xff,0xff,0xff,0xff,0xff,0xff,0xff,0xff,0xff,0xff,0xff,0xff,0xff,0xff,0xff,0xff,
    0xff,0xff,0xff,0xff,0xff,0xff,0xff,0xff,0xff,0xff,0xff,0xff,0xff,0xff,0xff,0xff,
    0xff,0xff,0xff,0xff,0xff,0xff,0xff,0xff,0xff,0xff,0xff,0xff,0xff,0xff,0xff,0xff,
    0xff,0xff,0xff,0xff,0xff,0xff,0xff,0xff,0xff,0xff,0xff,0xff,0xff,0xff,0xff,0xff,
    0xff,0xff,0xff,0xff,0xfb,0xff,0xf2,0x57,0x00,0x04,0x01,0x00,0x00,0x00,0x00,0x00,
    0x00,0x00,0x00,0x00,0x00,0x00,0x00,0x00,0x00,0x00,0x00,0x00,0x00,0x00,0x00,0x00,
    0x00,0x00,0x00,0x00,0x00,0x00,0x00,0x00,0x00,0x00,0x00,0x00,0x00,0x00,0x00,0x00,
    0x00,0x00,0x00,0x04,0x00,0x2d,0xd4,0xff,0xfb,0xfd,0xff,0xff,0xff,0xff,0xff,0xff,
    0xff,0xff,0xff,0xff,0xff,0xff,0xff,0xff,0xff,0xff,0xff,0xff,0xff,0xff,0xff,0xff,
    0xff,0xff,0xff,0xff,0xff,0xff,0xff,0xff,0xff,0xff,0xff,0xff,0xff,0xff,0xff,0xff,
    0xff,0xff,0xff,0xff,0xff,0xff,0xff,0xff,0xff,0xff,0xff,0xff,0xff,0xff,0xff,0xff,
    0xff,0xff,0xff,0xff,0xff,0xff,0xff,0xff,0xff,0xff,0xff,0xff,0xff,0xff,0xff,0xff,
    0xff,0xff,0xff,0xff,0xff,0xff,0xff,0xff,0xff,0xff,0xff,0xff,0xff,0xff,0xff,0xff,
    0xff,0xff,0xff,0xff,0xff,0xff,0xff,0xff,0xff,0xff,0xff,0xff,0xfd,0xfb,0xff,0xd5,
    0x2d,0x00,0x04,0x00,0x00,0x00,0x00,0x00,0x00,0x00,0x00,0x00,0x00,0x00,0x00,0x00,
    0x00,0x00,0x00,0x00,0x00,0x00,0x00,0x00,0x00,0x00,0x00,0x00,0x00,0x00,0x00,0x00,
    0x00,0x00,0x00,0x00,0x00,0x00,0x00,0x00,0x00,0x00,0x00,0x00,0x00,0x00,0x04,0x00,
    0x10,0xa7,0xff,0xfd,0xfc,0xff,0xff,0xff,0xff,0xff,0xff,0xff,0xff,0xff,0xff,0xff,
    0xff,0xff,0xff,0xff,0xff,0xff,0xff,0xff,0xff,0xff,0xff,0xff,0xff,0xff,0xff,0xff,
    0xff,0xff,0xff,0xff,0xff,0xff,0xff,0xff,0xff,0xff,0xff,0xff,0xff,0xff,0xff,0xff,
    0xff,0xff,0xff,0xff,0xff,0xff,0xff,0xff,0xff,0xff,0xff,0xff,0xff,0xff,0xff,0xff,
    0xff,0xff,0xff,0xff,0xff,0xff,0xff,0xff,0xff,0xff,0xff,0xff,0xff,0xff,0xff,0xff,
    0xff,0xff,0xff,0xff,0xff,0xff,0xff,0xff,0xff,0xff,0xff,0xff,0xff,0xff,0xff,0xff,
    0xff,0xff,0xff,0xff,0xff,0xfc,0xfd,0xff,0xa6,0x10,0x00,0x04,0x00,0x00,0x00,0x00,
    0x00,0x00,0x00,0x00,0x00,0x00,0x00,0x00,0x00,0x00,0x00,0x00,0x00,0x00,0x00,0x00,
    0x00,0x00,0x00,0x00,0x00,0x00,0x00,0x00,0x00,0x00,0x00,0x00,0x00,0x00,0x00,0x00,
    0x00,0x00,0x00,0x00,0x00,0x00,0x00,0x00,0x00,0x02,0x02,0x00,0x63,0xf1,0xff,0xfc,
    0xfd,0xff,0xff,0xff,0xff,0xff,0xff,0xff,0xff,0xff,0xff,0xff,0xff,0xff,0xff,0xff,
    0xff,0xff,0xff,0xff,0xff,0xff,0xff,0xff,0xff,0xff,0xff,0xff,0xff,0xff,0xff,0xff,
    0xff,0xff,0xff,0xff,0xff,0xff,0xff,0xff,0xff,0xff,0xff,0xff,0xff,0xff,0xff,0xff,
    0xff,0xff,0xff,0xff,0xff,0xff,0xff,0xff,0xff,0xff,0xff,0xff,0xff,0xff,0xff,0xff,
    0xff,0xff,0xff,0xff,0xff,0xff,0xff,0xff,0xff,0xff,0xff,0xff,0xff,0xff,0xff,0xff,
    0xff,0xff,0xff,0xff,0xff,0xff,0xff,0xff,0xff,0xff,0xff,0xff,0xff,0xfd,0xfb,0xff,
    0xf1,0x63,0x00,0x02,0x02,0x00,0x00,0x00,0x00,0x00,0x00,0x00,0x00,0x00,0x00,0x00,
    0x00,0x00,0x00,0x00,0x00,0x00,0x00,0x00,0x00,0x00,0x00,0x00,0x00,0x00,0x00,0x00,
    0x00,0x00,0x00,0x00,0x00,0x00,0x00,0x00,0x00,0x00,0x00,0x00,0x00,0x00,0x00,0x00,
    0x00,0x00,0x00,0x00,0x01,0x03,0x00,0x29,0xc1,0xff,0xfd,0xfc,0xff,0xff,0xff,0xff,
    0xff,0xff,0xff,0xff,0xff,0xff,0xff,0xff,0xff,0xff,0xff,0xff,0xff,0xff,0xff,0xff,
    0xff,0xff,0xff,0xff,0xff,0xff,0xff,0xff,0xff,0xff,0xff,0xff,0xff,0xff,0xff,0xff,
    0xff,0xff,0xff,0xff,0xff,0xff,0xff,0xff,0xff,0xff,0xff,0xff,0xff,0xff,0xff,0xff,
    0xff,0xff,0xff,0xff,0xff,0xff,0xff,0xff,0xff,0xff,0xff,0xff,0xff,0xff,0xff,0xff,
    0xff,0xff,0xff,0xff,0xff,0xff,0xff,0xff,0xff,0xff,0xff,0xff,0xff,0xff,0xff,0xff,
    0xff,0xff,0xff,0xff,0xff,0xff,0xfc,0xfd,0xff,0xc1,0x28,0x00,0x03,0x01,0x00,0x00,
    0x00,0x00,0x00,0x00,0x00,0x00,0x00,0x00,0x00,0x00,0x00,0x00,0x00,0x00,0x00,0x00,
    0x00,0x00,0x00,0x00,0x00,0x00,0x00,0x00,0x00,0x00,0x00,0x00,0x00,0x00,0x00,0x00,
    0x00,0x00,0x00,0x00,0x00,0x00,0x00,0x00,0x00,0x00,0x00,0x00,0x00,0x00,0x00,0x01,
    0x04,0x00,0x03,0x6d,0xf0,0xff,0xfc,0xfc,0xff,0xff,0xff,0xff,0xff,0xff,0xff,0xff,
    0xff,0xff,0xff,0xff,0xff,0xff,0xff,0xff,0xff,0xff,0xff,0xff,0xff,0xff,0xff,0xff,
    0xff,0xff,0xff,0xff,0xff,0xff,0xff,0xff,0xff,0xff,0xff,0xff,0xff,0xff,0xff,0xff,
    0xff,0xff,0xff,0xff,0xff,0xff,0xff,0xff,0xff,0xff,0xff,0xff,0xff,0xff,0xff,0xff,
    0xff,0xff,0xff,0xff,0xff,0xff,0xff,0xff,0xff,0xff,0xff,0xff,0xff,0xff,0xff,0xff,
    0xff,0xff,0xff,0xff,0xff,0xff,0xff,0xff,0xff,0xff,0xff,0xff,0xff,0xff,0xfc,0xfc,
    0xff,0xf1,0x6f,0x03,0x00,0x04,0x01,0x00,0x00,0x00,0x00,0x00,0x00,0x00,0x00,0x00,
    0x00,0x00,0x00,0x00,0x00,0x00,0x00,0x00,0x00,0x00,0x00,0x00,0x00,0x00,0x00,0x00,
    0x00,0x00,0x00,0x00,0x00,0x00,0x00,0x00,0x00,0x00,0x00,0x00,0x00,0x00,0x00,0x00,
    0x00,0x00,0x00,0x00,0x00,0x00,0x00,0x00,0x00,0x00,0x00,0x02,0x03,0x00,0x24,0xaf,
    0xff,0xff,0xfc,0xfd,0xff,0xff,0xff,0xff,0xff,0xff,0xff,0xff,0xff,0xff,0xff,0xff,
    0xff,0xff,0xff,0xff,0xff,0xff,0xff,0xff,0xff,0xff,0xff,0xff,0xff,0xff,0xff,0xff,
    0xff,0xff,0xff,0xff,0xff,0xff,0xff,0xff,0xff,0xff,0xff,0xff,0xff,0xff,0xff,0xff,
    0xff,0xff,0xff,0xff,0xff,0xff,0xff,0xff,0xff,0xff,0xff,0xff,0xff,0xff,0xff,0xff,
    0xff,0xff,0xff,0xff,0xff,0xff,0xff,0xff,0xff,0xff,0xff,0xff,0xff,0xff,0xff,0xff,
    0xff,0xff,0xff,0xff,0xff,0xff,0xfd,0xfc,0xfe,0xff,0xaf,0x24,0x00,0x03,0x02,0x00,
    0x00,0x00,0x00,0x00,0x00,0x00,0x00,0x00,0x00,0x00,0x00,0x00,0x00,0x00,0x00,0x00,
    0x00,0x00,0x00,0x00,0x00,0x00,0x00,0x00,0x00,0x00,0x00,0x00,0x00,0x00,0x00,0x00,
    0x00,0x00,0x00,0x00,0x00,0x00,0x00,0x00,0x00,0x00,0x00,0x00,0x00,0x00,0x00,0x00,
    0x00,0x00,0x00,0x00,0x00,0x00,0x01,0x03,0x01,0x00,0x49,0xd3,0xff,0xfe,0xfc,0xfd,
    0xff,0xff,0xff,0xff,0xff,0xff,0xff,0xff,0xff,0xff,0xff,0xff,0xff,0xff,0xff,0xff,
    0xff,0xff,0xff,0xff,0xff,0xff,0xff,0xff,0xff,0xff,0xff,0xff,0xff,0xff,0xff,0xff,
    0xff,0xff,0xff,0xff,0xff,0xff,0xff,0xff,0xff,0xff,0xff,0xff,0xff,0xff,0xff,0xff,
    0xff,0xff,0xff,0xff,0xff,0xff,0xff,0xff,0xff,0xff,0xff,0xff,0xff,0xff,0xff,0xff,
    0xff,0xff,0xff,0xff,0xff,0xff,0xff,0xff,0xff,0xff,0xff,0xff,0xff,0xff,0xfd,0xfc,
    0xfe,0xff,0xd5,0x4b,0x00,0x01,0x03,0x01,0x00,0x00,0x00,0x00,0x00,0x00,0x00,0x00,
    0x00,0x00,0x00,0x00,0x00,0x00,0x00,0x00,0x00,0x00,0x00,0x00,0x00,0x00,0x00,0x00,
    0x00,0x00,0x00,0x00,0x00,0x00,0x00,0x00,0x00,0x00,0x00,0x00,0x00,0x00,0x00,0x00,
    0x00,0x00,0x00,0x00,0x00,0x00,0x00,0x00,0x00,0x00,0x00,0x00,0x00,0x00,0x00,0x00,
    0x00,0x00,0x02,0x03,0x00,0x09,0x6b,0xe2,0xff,0xfe,0xfc,0xfd,0xff,0xff,0xff,0xff,
    0xff,0xff,0xff,0xff,0xff,0xff,0xff,0xff,0xff,0xff,0xff,0xff,0xff,0xff,0xff,0xff,
    0xff,0xff,0xff,0xff,0xff,0xff,0xff,0xff,0xff,0xff,0xff,0xff,0xff,0xff,0xff,0xff,
    0xff,0xff,0xff,0xff,0xff,0xff,0xff,0xff,0xff,0xff,0xff,0xff,0xff,0xff,0xff,0xff,
    0xff,0xff,0xff,0xff,0xff,0xff,0xff,0xff,0xff,0xff,0xff,0xff,0xff,0xff,0xff,0xff,
    0xff,0xff,0xff,0xff,0xff,0xff,0xfd,0xfc,0xfe,0xff,0xe3,0x6c,0x09,0x00,0x03,0x02,
    0x00,0x00,0x00,0x00,0x00,0x00,0x00,0x00,0x00,0x00,0x00,0x00,0x00,0x00,0x00,0x00,
    0x00,0x00,0x00,0x00,0x00,0x00,0x00,0x00,0x00,0x00,0x00,0x00,0x00,0x00,0x00,0x00,
    0x00,0x00,0x00,0x00,0x00,0x00,0x00,0x00,0x00,0x00,0x00,0x00,0x00,0x00,0x00,0x00,
    0x00,0x00,0x00,0x00,0x00,0x00,0x00,0x00,0x00,0x00,0x00,0x00,0x00,0x00,0x03,0x02,
    0x00,0x10,0x79,0xe9,0xff,0xfe,0xfc,0xfc,0xff,0xff,0xff,0xff,0xff,0xff,0xff,0xff,
    0xff,0xff,0xff,0xff,0xff,0xff,0xff,0xff,0xff,0xff,0xff,0xff,0xff,0xff,0xff,0xff,
    0xff,0xff,0xff,0xff,0xff,0xff,0xff,0xff,0xff,0xff,0xff,0xff,0xff,0xff,0xff,0xff,
    0xff,0xff,0xff,0xff,0xff,0xff,0xff,0xff,0xff,0xff,0xff,0xff,0xff,0xff,0xff,0xff,
    0xff,0xff,0xff,0xff,0xff,0xff,0xff,0xff,0xff,0xff,0xff,0xff,0xff,0xff,0xfc,0xfc,
    0xfe,0xff,0xe9,0x7b,0x11,0x00,0x02,0x03,0x00,0x00,0x00,0x00,0x00,0x00,0x00,0x00,
    0x00,0x00,0x00,0x00,0x00,0x00,0x00,0x00,0x00,0x00,0x00,0x00,0x00,0x00,0x00,0x00,
    0x00,0x00,0x00,0x00,0x00,0x00,0x00,0x00,0x00,0x00,0x00,0x00,0x00,0x00,0x00,0x00,
    0x00,0x00,0x00,0x00,0x00,0x00,0x00,0x00,0x00,0x00,0x00,0x00,0x00,0x00,0x00,0x00,
    0x00,0x00,0x00,0x00,0x00,0x00,0x00,0x00,0x00,0x01,0x03,0x01,0x00,0x14,0x79,0xe2,
    0xff,0xfe,0xfd,0xfb,0xfe,0xff,0xff,0xff,0xff,0xff,0xff,0xff,0xff,0xff,0xff,0xff,
    0xff,0xff,0xff,0xff,0xff,0xff,0xff,0xff,0xff,0xff,0xff,0xff,0xff,0xff,0xff,0xff,
    0xff,0xff,0xff,0xff,0xff,0xff,0xff,0xff,0xff,0xff,0xff,0xff,0xff,0xff,0xff,0xff,
    0xff,0xff,0xff,0xff,0xff,0xff,0xff,0xff,0xff,0xff,0xff,0xff,0xff,0xff,0xff,0xff,
    0xff,0xff,0xff,0xff,0xff,0xfe,0xfb,0xfd,0xfe,0xff,0xe2,0x77,0x14,0x00,0x01,0x03,
    0x01,0x00,0x00,0x00,0x00,0x00,0x00,0x00,0x00,0x00,0x00,0x00,0x00,0x00,0x00,0x00,
    0x00,0x00,0x00,0x00,0x00,0x00,0x00,0x00,0x00,0x00,0x00,0x00,0x00,0x00,0x00,0x00,
    0x00,0x00,0x00,0x00,0x00,0x00,0x00,0x00,0x00,0x00,0x00,0x00,0x00,0x00,0x00,0x00,
    0x00,0x00,0x00,0x00,0x00,0x00,0x00,0x00,0x00,0x00,0x00,0x00,0x00,0x00,0x00,0x00,
    0x00,0x00,0x00,0x00,0x00,0x01,0x03,0x01,0x00,0x0e,0x68,0xcf,0xff,0xfe,0xff,0xfc,
    0xfc,0xff,0xff,0xff,0xff,0xff,0xff,0xff,0xff,0xff,0xff,0xff,0xff,0xff,0xff,0xff,
    0xff,0xff,0xff,0xff,0xff,0xff,0xff,0xff,0xff,0xff,0xff,0xff,0xff,0xff,0xff,0xff,
    0xff,0xff,0xff,0xff,0xff,0xff,0xff,0xff,0xff,0xff,0xff,0xff,0xff,0xff,0xff,0xff,
    0xff,0xff,0xff,0xff,0xff,0xff,0xff,0xff,0xff,0xff,0xff,0xff,0xff,0xfc,0xfc,0xff,
    0xfe,0xff,0xd0,0x68,0x0e,0x00,0x01,0x03,0x01,0x00,0x00,0x00,0x00,0x00,0x00,0x00,
    0x00,0x00,0x00,0x00,0x00,0x00,0x00,0x00,0x00,0x00,0x00,0x00,0x00,0x00,0x00,0x00,
    0x00,0x00,0x00,0x00,0x00,0x00,0x00,0x00,0x00,0x00,0x00,0x00,0x00,0x00,0x00,0x00,
    0x00,0x00,0x00,0x00,0x00,0x00,0x00,0x00,0x00,0x00,0x00,0x00,0x00,0x00,0x00,0x00,
    0x00,0x00,0x00,0x00,0x00,0x00,0x00,0x00,0x00,0x00,0x00,0x00,0x00,0x00,0x00,0x00,
    0x00,0x02,0x03,0x01,0x00,0x04,0x45,0xa9,0xf4,0xff,0xfe,0xff,0xfb,0xfc,0xfe,0xff,
    0xff,0xff,0xff,0xff,0xff,0xff,0xff,0xff,0xff,0xff,0xff,0xff,0xff,0xff,0xff,0xff,
    0xff,0xff,0xff,0xff,0xff,0xff,0xff,0xff,0xff,0xff,0xff,0xff,0xff,0xff,0xff,0xff,
    0xff,0xff,0xff,0xff,0xff,0xff,0xff,0xff,0xff,0xff,0xff,0xff,0xff,0xff,0xff,0xff,
    0xff,0xff,0xff,0xfe,0xfc,0xfb,0xff,0xfe,0xff,0xf4,0xa9,0x47,0x04,0x00,0x01,0x03,
    0x02,0x00,0x00,0x00,0x00,0x00,0x00,0x00,0x00,0x00,0x00,0x00,0x00,0x00,0x00,0x00,
    0x00,0x00,0x00,0x00,0x00,0x00,0x00,0x00,0x00,0x00,0x00,0x00,0x00,0x00,0x00,0x00,
    0x00,0x00,0x00,0x00,0x00,0x00,0x00,0x00,0x00,0x00,0x00,0x00,0x00,0x00,0x00,0x00,
    0x00,0x00,0x00,0x00,0x00,0x00,0x00,0x00,0x00,0x00,0x00,0x00,0x00,0x00,0x00,0x00,
    0x00,0x00,0x00,0x00,0x00,0x00,0x00,0x00,0x00,0x00,0x00,0x00,0x00,0x01,0x04,0x01,
    0x00,0x00,0x1e,0x72,0xc6,0xfd,0xff,0xfe,0xff,0xfc,0xfb,0xfd,0xfe,0xff,0xff,0xff,
    0xff,0xff,0xff,0xff,0xff,0xff,0xff,0xff,0xff,0xff,0xff,0xff,0xff,0xff,0xff,0xff,
    0xff,0xff,0xff,0xff,0xff,0xff,0xff,0xff,0xff,0xff,0xff,0xff,0xff,0xff,0xff,0xff,
    0xff,0xff,0xff,0xff,0xff,0xff,0xff,0xff,0xff,0xfe,0xfe,0xfb,0xfc,0xff,0xfe,0xff,
    0xfd,0xc8,0x73,0x1f,0x00,0x00,0x01,0x04,0x01,0x00,0x00,0x00,0x00,0x00,0x00,0x00,
    0x00,0x00,0x00,0x00,0x00,0x00,0x00,0x00,0x00,0x00,0x00,0x00,0x00,0x00,0x00,0x00,
    0x00,0x00,0x00,0x00,0x00,0x00,0x00,0x00,0x00,0x00,0x00,0x00,0x00,0x00,0x00,0x00,
    0x00,0x00,0x00,0x00,0x00,0x00,0x00,0x00,0x00,0x00,0x00,0x00,0x00,0x00,0x00,0x00,
    0x00,0x00,0x00,0x00,0x00,0x00,0x00,0x00,0x00,0x00,0x00,0x00,0x00,0x00,0x00,0x00,
    0x00,0x00,0x00,0x00,0x00,0x00,0x00,0x00,0x00,0x01,0x03,0x02,0x00,0x00,0x02,0x2e,
    0x7e,0xc8,0xfb,0xff,0xff,0xff,0xfe,0xfb,0xfb,0xfd,0xfe,0xfe,0xff,0xff,0xff,0xff,
    0xff,0xff,0xff,0xff,0xff,0xff,0xff,0xff,0xff,0xff,0xff,0xff,0xff,0xff,0xff,0xff,
    0xff,0xff,0xff,0xff,0xff,0xff,0xff,0xff,0xff,0xff,0xff,0xff,0xff,0xff,0xfe,0xfe,
    0xfd,0xfb,0xfb,0xfe,0xff,0xff,0xff,0xfc,0xc9,0x7f,0x31,0x02,0x00,0x00,0x02,0x03,
    0x01,0x00,0x00,0x00,0x00,0x00,0x00,0x00,0x00,0x00,0x00,0x00,0x00,0x00,0x00,0x00,
    0x00,0x00,0x00,0x00,0x00,0x00,0x00,0x00,0x00,0x00,0x00,0x00,0x00,0x00,0x00,0x00,
    0x00,0x00,0x00,0x00,0x00,0x00,0x00,0x00,0x00,0x00,0x00,0x00,0x00,0x00,0x00,0x00,
    0x00,0x00,0x00,0x00,0x00,0x00,0x00,0x00,0x00,0x00,0x00,0x00,0x00,0x00,0x00,0x00,
    0x00,0x00,0x00,0x00,0x00,0x00,0x00,0x00,0x00,0x00,0x00,0x00,0x00,0x00,0x00,0x00,
    0x00,0x00,0x00,0x00,0x00,0x00,0x02,0x04,0x01,0x00,0x00,0x02,0x28,0x6e,0xae,0xe8,
    0xff,0xfe,0xff,0xff,0xff,0xfc,0xfa,0xfb,0xfd,0xfe,0xfe,0xfe,0xff,0xff,0xff,0xff,
    0xff,0xff,0xff,0xff,0xff,0xff,0xff,0xff,0xff,0xff,0xff,0xff,0xff,0xff,0xff,0xff,
    0xff,0xff,0xfe,0xfe,0xfe,0xfd,0xfb,0xfa,0xfc,0xff,0xff,0xff,0xfe,0xff,0xea,0xaf,
    0x6f,0x29,0x02,0x00,0x00,0x01,0x04,0x02,0x00,0x00,0x00,0x00,0x00,0x00,0x00,0x00,
    0x00,0x00,0x00,0x00,0x00,0x00,0x00,0x00,0x00,0x00,0x00,0x00,0x00,0x00,0x00,0x00,
    0x00,0x00,0x00,0x00,0x00,0x00,0x00,0x00,0x00,0x00,0x00,0x00,0x00,0x00,0x00,0x00,
    0x00,0x00,0x00,0x00,0x00,0x00,0x00,0x00,0x00,0x00,0x00,0x00,0x00,0x00,0x00,0x00,
    0x00,0x00,0x00,0x00,0x00,0x00,0x00,0x00,0x00,0x00,0x00,0x00,0x00,0x00,0x00,0x00,
    0x00,0x00,0x00,0x00,0x00,0x00,0x00,0x00,0x00,0x00,0x00,0x00,0x00,0x00,0x00,0x00,
    0x00,0x00,0x01,0x02,0x04,0x00,0x00,0x00,0x00,0x0e,0x41,0x7b,0xb0,0xe2,0xfd,0xff,
    0xff,0xff,0xff,0xff,0xff,0xfe,0xfb,0xfa,0xfb,0xfc,0xfd,0xfd,0xfe,0xfe,0xfe,0xff,
    0xff,0xff,0xff,0xfe,0xfe,0xfe,0xfd,0xfd,0xfc,0xfb,0xfa,0xfb,0xfd,0xff,0xff,0xff,
    0xff,0xff,0xff,0xfd,0xe2,0xb0,0x7d,0x42,0x0f,0x00,0x00,0x00,0x00,0x04,0x02,0x01,
    0x00,0x00,0x00,0x00,0x00,0x00,0x00,0x00,0x00,0x00,0x00,0x00,0x00,0x00,0x00,0x00,
    0x00,0x00,0x00,0x00,0x00,0x00,0x00,0x00,0x00,0x00,0x00,0x00,0x00,0x00,0x00,0x00,
    0x00,0x00,0x00,0x00,0x00,0x00,0x00,0x00,0x00,0x00,0x00,0x00,0x00,0x00,0x00,0x00,
    0x00,0x00,0x00,0x00,0x00,0x00,0x00,0x00,0x00,0x00,0x00,0x00,0x00,0x00,0x00,0x00,
    0x00,0x00,0x00,0x00,0x00,0x00,0x00,0x00,0x00,0x00,0x00,0x00,0x00,0x00,0x00,0x00,
    0x00,0x00,0x00,0x00,0x00,0x00,0x00,0x00,0x00,0x00,0x00,0x00,0x00,0x00,0x00,0x01,
    0x02,0x04,0x01,0x00,0x00,0x00,0x00,0x09,0x2c,0x5c,0x87,0xaf,0xd2,0xf1,0xfc,0xff,
    0xff,0xff,0xff,0xff,0xff,0xff,0xff,0xff,0xff,0xff,0xff,0xff,0xff,0xff,0xff,0xff,
    0xff,0xff,0xff,0xff,0xff,0xff,0xff,0xfd,0xf2,0xd5,0xaf,0x87,0x5d,0x2f,0x0a,0x00,
    0x00,0x00,0x00,0x02,0x04,0x02,0x01,0x00,0x00,0x00,0x00,0x00,0x00,0x00,0x00,0x00,
    0x00,0x00,0x00,0x00,0x00,0x00,0x00,0x00,0x00,0x00,0x00,0x00,0x00,0x00,0x00,0x00,
    0x00,0x00,0x00,0x00,0x00,0x00,0x00,0x00,0x00,0x00,0x00,0x00,0x00,0x00,0x00,0x00,
    0x00,0x00,0x00,0x00,0x00,0x00,0x00,0x00,0x00,0x00,0x00,0x00,0x00,0x00,0x00,0x00,
    0x00,0x00,0x00,0x00,0x00,0x00,0x00,0x00,0x00,0x00,0x00,0x00,0x00,0x00,0x00,0x00,
    0x00,0x00,0x00,0x00,0x00,0x00,0x00,0x00,0x00,0x00,0x00,0x00,0x00,0x00,0x00,0x00,
    0x00,0x00,0x00,0x00,0x00,0x00,0x00,0x00,0x00,0x00,0x00,0x00,0x00,0x01,0x03,0x04,
    0x01,0x00,0x00,0x00,0x00,0x00,0x04,0x12,0x2f,0x51,0x6b,0x84,0x9d,0xb2,0xc5,0xd5,
    0xe3,0xed,0xf6,0xfb,0xfe,0xfe,0xfb,0xf6,0xed,0xe2,0xd5,0xc5,0xb2,0x9d,0x84,0x6b,
    0x50,0x33,0x14,0x05,0x00,0x00,0x00,0x00,0x00,0x01,0x04,0x03,0x01,0x00,0x00,0x00,
    0x00,0x00,0x00,0x00,0x00,0x00,0x00,0x00,0x00,0x00,0x00,0x00,0x00,0x00,0x00,0x00,
    0x00,0x00,0x00,0x00,0x00,0x00,0x00,0x00,0x00,0x00,0x00,0x00,0x00,0x00,0x00,0x00,
    0x00,0x00,0x00,0x00,0x00,0x00,0x00,0x00,0x00,0x00,0x00,0x00,0x00,0x00,0x00,0x00,
    0x00,0x00,
};

const lv_image_dsc_t correto_154x127_RGB565A8 = {
  .header.magic = LV_IMAGE_HEADER_MAGIC,
  .header.cf = LV_COLOR_FORMAT_RGB565A8,
  .header.stride = 308,
  .header.flags = 0,
  .header.w = 154,
  .header.h = 127,
  .data_size = sizeof(correto_154x127_RGB565A8_map),
  .data = correto_154x127_RGB565A8_map,
};
